-- phpMyAdmin SQL Dump
-- version 4.5.4.1deb2ubuntu2
-- http://www.phpmyadmin.net
--
-- Host: localhost
-- Generation Time: Sep 28, 2017 at 11:42 AM
-- Server version: 5.7.19-0ubuntu0.16.04.1
-- PHP Version: 7.0.22-0ubuntu0.16.04.1

SET SQL_MODE = "NO_AUTO_VALUE_ON_ZERO";
SET time_zone = "+00:00";


/*!40101 SET @OLD_CHARACTER_SET_CLIENT=@@CHARACTER_SET_CLIENT */;
/*!40101 SET @OLD_CHARACTER_SET_RESULTS=@@CHARACTER_SET_RESULTS */;
/*!40101 SET @OLD_COLLATION_CONNECTION=@@COLLATION_CONNECTION */;
/*!40101 SET NAMES utf8mb4 */;

--
-- Database: `sara`
--

-- --------------------------------------------------------

--
-- Table structure for table `areas`
--

CREATE TABLE `areas` (
  `id` int(11) NOT NULL,
  `name` varchar(255) NOT NULL
) ENGINE=InnoDB DEFAULT CHARSET=utf8;

--
-- Dumping data for table `areas`
--

INSERT INTO `areas` (`id`, `name`) VALUES
(1, 'MISAU'),
(2, 'Niassa'),
(3, 'Cabo Delgado'),
(4, 'Nampula'),
(5, 'Tete'),
(6, 'Zambezia'),
(7, 'Manica'),
(8, 'Sofala'),
(9, 'Gaza'),
(10, 'Inhambane'),
(11, 'Maputo cidade'),
(12, 'Maputo'),
(13, 'Chimbonila'),
(14, 'Cuamba'),
(15, 'Lago'),
(16, 'Lichinga'),
(17, 'Majune'),
(18, 'Mandimba'),
(19, 'Marrupa'),
(20, 'Maúa'),
(21, 'Mavago'),
(22, 'Mecanhelas'),
(23, 'Mecula'),
(24, 'Metarica'),
(25, 'Muembe'),
(26, 'N\'gaúma'),
(27, 'Nipepe'),
(28, 'Sanga'),
(31, 'Ancuabe'),
(32, 'Balama'),
(33, 'Chiúre'),
(34, 'Ibo'),
(35, 'Macomia'),
(36, 'Mecúfi'),
(37, 'Meluco'),
(38, 'Metuge'),
(39, 'Mocímboa da Praia'),
(40, 'Montepuez'),
(41, 'Mueda'),
(42, 'Muidumbe'),
(43, 'Namuno'),
(44, 'Nangade'),
(45, 'Palma'),
(46, 'Pemba'),
(47, 'Quissanga'),
(50, 'Angoche'),
(51, 'Eráti'),
(52, 'Ilha de Moçambique'),
(53, 'Lalaua'),
(54, 'Larde'),
(55, 'Liúpo'),
(56, 'Malema'),
(57, 'Meconta'),
(58, 'Mecubúri'),
(59, 'Memba'),
(60, 'Mogincual'),
(61, 'Mogovolas'),
(62, 'Moma'),
(63, 'Monapo'),
(64, 'Mossuril'),
(65, 'Muecate'),
(66, 'Murrupula'),
(67, 'Nacala-a-Velha'),
(68, 'Nacala'),
(69, 'Nacarôa'),
(71, 'Rapale'),
(72, 'Ribáuè'),
(76, 'Nampula'),
(77, 'Angónia'),
(78, 'Cahora-Bassa'),
(79, 'Changara'),
(80, 'Chifunde'),
(81, 'Chiúta'),
(82, 'Dôa'),
(83, 'Macanga'),
(84, 'Mágoè'),
(85, 'Marara'),
(86, 'Marávia'),
(87, 'Moatize'),
(88, 'Mutarara'),
(89, 'Tete'),
(90, 'Tsangano'),
(91, 'Zumbo'),
(93, 'Alto Molócuè'),
(94, 'Chinde'),
(95, 'Derre'),
(96, 'Gilé'),
(97, 'Gurué'),
(98, 'Ile'),
(99, 'Inhassunge'),
(100, 'Lugela'),
(101, 'Maganja da Costa'),
(102, 'Milange'),
(103, 'Mocuba'),
(104, 'Mocubela'),
(105, 'Molumbo'),
(106, 'Mopeia'),
(107, 'Morrumbala'),
(108, 'Mulevala'),
(109, 'Namacurra'),
(110, 'Namarroi'),
(111, 'Nicoadala'),
(112, 'Pebane'),
(113, 'Quelimane'),
(114, 'Luabo'),
(117, 'Báruè'),
(118, 'Chimoio'),
(119, 'Gondola'),
(120, 'Guro'),
(121, 'Macate'),
(122, 'Machaze'),
(123, 'Macossa'),
(124, 'Manica'),
(125, 'Mossurize'),
(126, 'Sussundenga'),
(127, 'Tambara'),
(128, 'Vanduzi'),
(130, 'Beira'),
(131, 'Búzi'),
(132, 'Caia'),
(133, 'Chemba'),
(134, 'Cheringoma'),
(135, 'Chibabava'),
(136, 'Dondo'),
(137, 'Gorongosa'),
(138, 'Machanga'),
(139, 'Marínguè'),
(140, 'Marromeu'),
(141, 'Muanza'),
(142, 'Nhamatanda'),
(145, 'Bilene'),
(146, 'Chibuto'),
(147, 'Chicualacuala'),
(148, 'Chigubo'),
(149, 'Chókwè'),
(150, 'Guijá'),
(151, 'Mabalane'),
(152, 'Mandlakazi'),
(153, 'Massangena'),
(154, 'Massingir'),
(155, 'Xai-Xai'),
(159, 'Funhalouro'),
(160, 'Govuro'),
(161, 'Homoíne'),
(162, 'Inhambane'),
(163, 'Inharrime'),
(164, 'Inhassoro'),
(165, 'Jangamo'),
(166, 'Mabote'),
(167, 'Massinga'),
(168, 'Maxixe'),
(169, 'Morrumbene'),
(170, 'Panda'),
(171, 'Vilankulo'),
(172, 'Zavala'),
(175, 'KaMphumo'),
(176, 'Nlhamankulu'),
(177, 'KaMaxaqueni'),
(178, 'KaMavota'),
(179, 'KaMubukwana'),
(180, 'KaTembe'),
(181, 'KaNyaka'),
(182, 'Boane'),
(183, 'Magude'),
(184, 'Manhiça'),
(185, 'Marracuene'),
(186, 'Matola'),
(187, 'Matutuíne'),
(188, 'Moamba'),
(189, 'Namaacha'),
(190, 'Chimbonila'),
(191, 'Lione'),
(193, 'Etatara'),
(194, 'Lúrio'),
(195, 'Cobué'),
(196, 'Lunho'),
(197, 'Maniamba'),
(198, 'Metangula'),
(199, 'Malanga'),
(200, 'Muaquia'),
(202, 'Mandimba'),
(203, 'Mitande'),
(204, 'Marangira'),
(205, 'Marrupa'),
(206, 'Nungo'),
(207, 'Maiaca'),
(208, 'Maúa'),
(209, 'Mavago'),
(210, 'M\'sawize'),
(211, 'Chiuta'),
(212, 'Insaca'),
(213, 'Matondovela'),
(214, 'Mecula'),
(215, 'Metarica'),
(216, 'Nacumua'),
(217, 'Chiconono'),
(218, 'Muembe'),
(219, 'Itepela'),
(220, 'Massangulo'),
(221, 'Muipite'),
(222, 'Nipepe'),
(223, 'Lussimbesse'),
(224, 'Macaloge'),
(225, 'Matchedje'),
(226, 'Unango'),
(227, 'Ancuabe'),
(228, 'Metoro'),
(229, 'Mesa'),
(230, 'Balama'),
(231, 'Impiri'),
(232, 'Kuékué'),
(233, 'Mavala'),
(234, 'Chiúre'),
(235, 'Chiúre-Velho'),
(236, 'Katapua'),
(238, 'Namogelia'),
(239, 'Ocua'),
(240, 'Ibo'),
(241, 'Quirimba'),
(242, 'Chai'),
(243, 'Macomia'),
(244, 'Mucojo'),
(245, 'Quiterajo'),
(246, 'Mecúfi'),
(247, 'Murrébuè'),
(248, 'Meluco'),
(249, 'Muaguide'),
(250, 'Metuge'),
(252, 'Diaca'),
(253, 'Mbau'),
(254, 'Mocímboa da Praia'),
(255, 'Mapupulo'),
(256, 'Mirate'),
(257, 'Nairoto'),
(258, 'Namanhumbir'),
(259, 'Chapa'),
(260, 'Imbuo'),
(261, 'Mueda'),
(262, 'Negomano'),
(263, 'N\'gapa'),
(264, 'Chitunda'),
(265, 'Miteda'),
(266, 'Muidumbe'),
(267, 'Hucula'),
(269, 'Machoca'),
(270, 'Meloco'),
(271, 'Papai'),
(272, 'N\'cumpe'),
(273, 'Nangade'),
(274, 'N\'tamba'),
(275, 'Olumbi'),
(276, 'Palma'),
(277, 'Pundanhar'),
(278, 'Quionga'),
(279, 'Bilibiza'),
(280, 'Mahate'),
(281, 'Quissanga'),
(282, 'Angoche'),
(283, 'Aube'),
(284, 'Boila'),
(285, 'Namaponda'),
(286, 'Alua'),
(287, 'Namapa'),
(288, 'Namiroa'),
(289, 'Lalaua'),
(290, 'Meti'),
(291, 'Chihulo'),
(292, 'Malema'),
(293, 'Mutuali'),
(294, '7 de Abril'),
(295, 'Corrane'),
(296, 'Meconta'),
(297, 'Namialo'),
(298, 'Mecubúri'),
(299, 'Milhana'),
(300, 'Muite'),
(301, 'Namina'),
(302, 'Chipene'),
(303, 'Lúrio'),
(304, 'Mazua'),
(305, 'Memba'),
(306, 'Chunga'),
(307, 'Namige'),
(309, 'Quixaxe'),
(310, 'Calipo'),
(311, 'Iulúti'),
(312, 'Muatua'),
(313, 'Nametil'),
(314, 'Nanhupo Rio'),
(315, 'Chalaua'),
(316, 'Moma'),
(318, 'Itoculo'),
(319, 'Monapo'),
(320, 'Netia'),
(321, 'Lunga'),
(322, 'Matibane'),
(323, 'Mossuril'),
(324, 'Imala'),
(325, 'Muculuone'),
(326, 'Muecate'),
(327, 'Chinga'),
(328, 'Murrupula'),
(329, 'Nihessiue'),
(330, 'Covo'),
(331, 'Nacala-a-Velha'),
(332, 'Inteta'),
(333, 'Nacarôa'),
(334, 'Saua-Saua'),
(336, 'Mutivaze'),
(337, 'Namaita'),
(338, 'Rapale'),
(339, 'Cunle'),
(340, 'Iapala'),
(341, 'Ribaué'),
(342, 'Urbano Central'),
(343, 'Muatala'),
(344, 'Muhala'),
(345, 'Namikopo'),
(346, 'Napipine'),
(348, 'Alto Molócuè'),
(349, 'Nauela'),
(350, 'Chinde'),
(351, 'Luabo'),
(352, 'Micaune'),
(353, 'Alto Ligonha'),
(354, 'Gilé'),
(355, 'Lioma'),
(356, 'Mepuagiua'),
(357, 'Ile'),
(359, 'Socone'),
(360, 'Gonhane'),
(362, 'Lugela'),
(363, 'Muabanama'),
(364, 'Munhamade'),
(365, 'Tacuane'),
(367, 'Maganja da Costa'),
(369, 'Baixo Licungo'),
(370, 'Majaua'),
(371, 'Milange'),
(373, 'Mongue'),
(374, 'Mocuba'),
(375, 'Mugeba'),
(376, 'Namanjavira'),
(377, 'Campo'),
(378, 'Mopeia'),
(379, 'Chire'),
(381, 'Megaza'),
(382, 'Morrumbala'),
(383, 'Macuse'),
(384, 'Namacurra'),
(385, 'Namarroi'),
(386, 'Regone'),
(387, 'Munhonha'),
(388, 'Namacata'),
(389, 'Mulela'),
(390, 'Naburi'),
(391, 'Pebane'),
(392, 'Domué'),
(393, 'Ulongué'),
(394, 'Chitholo'),
(395, 'Chitima'),
(396, 'Songo'),
(397, 'Chiôco'),
(398, 'Luenha'),
(400, 'Chifunde'),
(401, 'Mualadze'),
(402, 'N\'Sadzu'),
(403, 'Kazula'),
(404, 'Manje'),
(405, 'Chidzolomondo'),
(406, 'Furancungo'),
(407, 'Chinthopo'),
(408, 'Mphende'),
(409, 'Mukumbura'),
(410, 'Chipera'),
(411, 'Chiputu'),
(412, 'Fingoé'),
(413, 'Malowera'),
(414, 'Kambulatsitsi'),
(415, 'Moatize'),
(416, 'Zobué'),
(417, 'Charre'),
(418, 'Inhangoma'),
(419, 'Nhamayabué'),
(420, 'Netengo-Wa-Mbalame'),
(421, 'Tsangano'),
(422, 'Muze'),
(423, 'Zâmbuè'),
(424, 'Zumbo'),
(425, 'Catandica-Sede'),
(426, 'Choa'),
(427, 'Nhampassa'),
(428, 'Gondola-Sede'),
(429, 'Amatongas'),
(430, 'Cafumpe'),
(431, 'Inchope'),
(432, 'Guro-Sede'),
(433, 'Mandié'),
(434, 'Mungari'),
(435, 'Nhamansonge'),
(436, 'Chitobe-Sede'),
(437, 'Save'),
(438, 'Macossa-Sede'),
(439, 'Nhamagua'),
(440, 'Nguawala'),
(441, 'Manica-Sede'),
(442, 'Machipanda'),
(443, 'Mavonde'),
(444, 'Messica'),
(445, 'Espungabera-Sede'),
(446, 'Chiuraiure'),
(447, 'Dacata'),
(448, 'Sussundenga-Sede'),
(449, 'Dombe'),
(450, 'Muoha'),
(451, 'Rotanda'),
(452, 'Nhacolo-Sede'),
(453, 'Búzua'),
(454, 'Nhacafula'),
(455, 'Macate'),
(456, 'Zembe'),
(457, 'Vandúzi'),
(458, 'Matsinho'),
(459, 'Búzi-Sede'),
(460, 'Estaquinha'),
(461, 'Sofala'),
(462, 'Caia-Sede'),
(463, 'Murraça'),
(464, 'Sena'),
(465, 'Chemba-Sede'),
(466, 'Chiramba'),
(467, 'Mulima'),
(468, 'Inhaminga-Sede'),
(469, 'Inhamitanga'),
(470, 'Chibabava-Sede'),
(471, 'Goondo'),
(472, 'Muxunguè'),
(473, 'Dondo Sede'),
(474, 'Mafambisse'),
(475, 'Gorongosa-Sede'),
(476, 'Nhamadze'),
(477, 'Vunduzi'),
(478, 'Machanga-Sede'),
(479, 'Divihne'),
(480, 'Marrínguè-Sede'),
(481, 'Canxixe'),
(482, 'Súbwè'),
(483, 'Marromeu-Sede'),
(484, 'Chupanga'),
(485, 'Muanza-Sede'),
(486, 'Galinha'),
(487, 'Nhamatanda-Sede'),
(488, 'Tica'),
(489, 'Funhalouro-Sede'),
(490, 'Tome'),
(491, 'Mavume'),
(492, 'Mambone'),
(493, 'Save'),
(494, 'Pande'),
(495, 'Homoíne-Sede'),
(496, 'Pembe'),
(497, 'Inharrime-Sede'),
(498, 'Mucumbi'),
(499, 'Inhassoro-Sede'),
(500, 'Bazaruto'),
(501, 'Mahimelane'),
(502, 'Jangamo-Sede'),
(503, 'Cumbana'),
(504, 'Mabote-Sede'),
(505, 'Zinave'),
(506, 'Zimane'),
(507, 'Massinga-Sede'),
(508, 'Chicomo'),
(509, 'Lihonzuane'),
(510, 'Morrumbene-Sede'),
(511, 'Mocodoene'),
(512, 'Panda-Sede'),
(513, 'Mawayela'),
(514, 'Urrene'),
(515, 'Vilankulo-Sede'),
(516, 'Mapinhane'),
(517, 'Quewene'),
(518, 'Quissico-Sede'),
(519, 'Zandamela'),
(520, 'Chongoene'),
(521, 'Chicumbane'),
(522, 'Zongoene'),
(523, 'Macia'),
(524, 'Chissano'),
(525, 'Makluane'),
(526, 'Mazivila'),
(527, 'Messano'),
(528, 'Praia do Bilene'),
(529, 'Chibuto-Sede'),
(530, 'Alto Changane'),
(531, 'Chaimite'),
(532, 'Changanine'),
(533, 'Godide'),
(534, 'Malehice'),
(535, 'Chigubo-Sede'),
(536, 'Dindiza'),
(537, 'Eduardo Mondlane'),
(538, 'Mapai'),
(539, 'Pafuri'),
(540, 'Chókwè-Sede'),
(541, 'Xilembene'),
(542, 'Lionde'),
(543, 'Macarretane'),
(544, 'Caniçado-Sede'),
(545, 'Chivongoene'),
(546, 'Mubangoene'),
(547, 'Nalázi'),
(548, 'Mabalane-Sede'),
(549, 'Combomune'),
(550, 'Ntlavene'),
(551, 'Mandlakazi-Sede'),
(552, 'Chibonzane'),
(553, 'Chidenguele'),
(554, 'Macuácuá'),
(555, 'Mazucane'),
(556, 'Nguzene'),
(557, 'Xhalala'),
(558, 'Massingir-Sede'),
(559, 'Mavodze'),
(560, 'Zulu'),
(561, 'Massangena-Sede'),
(562, 'Mávuè'),
(563, 'Boane-Sede'),
(564, 'Matola-Rio'),
(565, 'Magude-Sede'),
(566, 'Mahele'),
(567, 'Mapunguene'),
(568, 'Motaze'),
(569, 'Panjane'),
(570, 'Manhiça-Sede'),
(571, '3 de Fevereiro'),
(572, 'Calanga'),
(573, 'Ilha Josina Machel'),
(574, 'Maluana'),
(575, 'Xinavane'),
(576, 'Marracuene-Sede'),
(577, 'Machubo'),
(578, 'Bela-Vista-Sede'),
(579, 'Catuane'),
(580, 'Machangulo'),
(581, 'Zitundo'),
(582, 'Moamba-Sede'),
(583, 'Pessene'),
(584, 'Ressano Garcia'),
(585, 'Sabié'),
(586, 'Namaacha-Sede'),
(587, 'Changalane'),
(588, 'Infulene'),
(589, 'Machava'),
(590, 'Matola-Sede'),
(591, 'Infantário Público da Matola'),
(592, 'Cidade de Xai-xai'),
(593, 'Infantário Público de Gaza'),
(594, 'Chamanculo \'A\''),
(596, 'Centro de Apóio à Velhice de Messano'),
(597, 'Centro de Apóio à Velhice de Chongoene'),
(598, 'Centro de Apóio à Velhice de Massinga'),
(599, 'Luís Cabral'),
(600, 'Jardim'),
(603, 'Centro de Acolhimento de Mandlakazi'),
(604, 'Centro de Acolhimento de Xai-Xai'),
(606, 'Asa da Criança'),
(607, 'Inanga'),
(608, 'Laura Zicuna'),
(609, 'Posto Campo'),
(610, 'Centro de trânsito de Vilankulo'),
(611, 'Malhangalene \'A\''),
(613, 'Meponda'),
(614, 'Mieze'),
(616, 'Lumbo'),
(618, 'Larde'),
(619, 'Liúpo'),
(620, 'Larde'),
(621, 'Macone'),
(622, 'Mucujua'),
(624, 'Nacala-Porto'),
(625, 'Nacala-Porto'),
(628, 'Mpandula'),
(629, 'Kaunda'),
(630, 'Chueza'),
(632, 'Kachembe'),
(633, 'Ancuaze'),
(635, 'Boroma'),
(636, 'Marara'),
(637, 'Unkanha'),
(638, 'Mutala'),
(639, 'Guerisa'),
(640, 'Derre'),
(641, 'Tetete'),
(642, 'Mepuagiua'),
(643, 'Inhassunge'),
(645, 'Munhiba'),
(646, 'Bajone'),
(647, 'Molumbo'),
(648, 'Molumbo'),
(649, 'Sambalendo'),
(650, 'Mulevala'),
(651, 'Mulevala'),
(652, 'Nicoadala'),
(653, 'Maquival'),
(654, 'Quelimane'),
(655, '25 de Setembro'),
(656, 'Mazeze'),
(657, 'Montepuez'),
(658, 'Larde'),
(659, 'Mucuali'),
(660, 'Dôa'),
(661, 'Mufa Kakonde'),
(662, 'Machindo'),
(663, 'Guerisa'),
(664, 'Gurué'),
(665, 'Mocubela'),
(666, 'Corromane'),
(667, 'Chiraco'),
(668, 'Madal'),
(669, 'Samora Machel'),
(670, 'Derre'),
(671, 'Mbuane'),
(672, 'Ilha de Moçambique'),
(673, 'Quinga'),
(674, 'Gazuzo'),
(675, 'Muhecula'),
(676, 'Riane'),
(677, 'Salima'),
(678, 'Malhangalene \'B\''),
(679, 'Albazine'),
(681, 'Alto Maé \'A\''),
(682, 'Alto Maé \'B\''),
(683, 'Central \'A\''),
(684, 'Central \'B\''),
(685, 'Coop'),
(686, 'Polana \'A\''),
(687, 'Polana \'B\''),
(688, 'Sommershield'),
(689, 'Chamanculo \'B\''),
(690, 'Chamanculo \'C\''),
(691, 'Chamanculo \'D\''),
(692, 'Aeroporto \'A\''),
(693, 'Aeroporto \'B\''),
(694, 'Minkadjune'),
(695, 'Munhuana'),
(696, 'Xipamanine'),
(697, 'Unidade \'7\''),
(698, 'Malanga'),
(700, 'Mafalala'),
(701, 'Urbanização'),
(702, 'Maxaquene \'A\''),
(703, 'Maxaquene \'B\''),
(704, 'Maxaquene \'C\''),
(705, 'Maxaquene \'D\''),
(706, 'Polana Caniço \'A\''),
(707, 'Polana Caniço \'B\''),
(709, 'Central \'C\''),
(710, 'Costa do Sol'),
(711, 'FPLM'),
(712, 'Ferroviário'),
(713, 'Hulene \'A\''),
(714, 'Hulene \'B\''),
(715, 'Laulane'),
(716, 'Mavota'),
(717, '3 de Fevereiro'),
(718, 'Mavalane \'A\''),
(719, 'Mavalane \'B\''),
(720, 'Nsalene'),
(721, 'Inhagoia \'A\''),
(722, 'Inhagoia \'B\''),
(723, '25 de Junho \'A\''),
(724, '25 de Junho \'B\''),
(725, 'Bagamoio'),
(726, 'Geoge Dimitrov'),
(727, 'Malhazine'),
(728, 'Zimpeto'),
(729, 'Magoanine \'A\''),
(730, 'Magoanine \'B\''),
(731, 'Magoanine \'C\''),
(732, 'Incassane'),
(733, 'Chamissava'),
(734, 'Guachene'),
(735, 'Inguide'),
(736, 'Chali'),
(737, 'Inguane'),
(738, 'Ribzeni'),
(739, 'Nhaquene'),
(740, 'Nairrubi'),
(742, 'Nairrubi'),
(743, 'Mapai'),
(744, 'Machaila'),
(745, 'Chongoene'),
(746, 'Limpopo'),
(747, 'Chissano - Chicotane'),
(748, 'Loane - Licilo');

-- --------------------------------------------------------

--
-- Table structure for table `area_code`
--

CREATE TABLE `area_code` (
  `id_area` int(11) NOT NULL,
  `code` varchar(2) NOT NULL,
  `date` date NOT NULL
) ENGINE=InnoDB DEFAULT CHARSET=utf8;

-- --------------------------------------------------------

--
-- Table structure for table `as_comments`
--

CREATE TABLE `as_comments` (
  `comment_id` int(11) NOT NULL,
  `posted_by` int(11) NOT NULL,
  `posted_by_name` varchar(30) COLLATE utf8_unicode_ci NOT NULL,
  `comment` text COLLATE utf8_unicode_ci NOT NULL,
  `post_time` datetime NOT NULL
) ENGINE=InnoDB DEFAULT CHARSET=utf8 COLLATE=utf8_unicode_ci;

-- --------------------------------------------------------

--
-- Table structure for table `as_login_attempts`
--

CREATE TABLE `as_login_attempts` (
  `id_login_attempts` int(11) NOT NULL,
  `ip_addr` varchar(20) COLLATE utf8_unicode_ci NOT NULL,
  `attempt_number` int(11) NOT NULL DEFAULT '1',
  `date` date NOT NULL
) ENGINE=InnoDB DEFAULT CHARSET=utf8 COLLATE=utf8_unicode_ci;

-- --------------------------------------------------------

--
-- Table structure for table `as_social_logins`
--

CREATE TABLE `as_social_logins` (
  `id` int(11) NOT NULL,
  `user_id` int(11) NOT NULL,
  `provider` varchar(50) COLLATE utf8_unicode_ci DEFAULT 'email',
  `provider_id` varchar(250) COLLATE utf8_unicode_ci DEFAULT NULL,
  `created_at` datetime DEFAULT NULL
) ENGINE=InnoDB DEFAULT CHARSET=utf8 COLLATE=utf8_unicode_ci;

-- --------------------------------------------------------

--
-- Table structure for table `as_users`
--

CREATE TABLE `as_users` (
  `user_id` int(11) NOT NULL,
  `email` varchar(40) COLLATE utf8_unicode_ci NOT NULL,
  `username` varchar(250) COLLATE utf8_unicode_ci NOT NULL,
  `password` varchar(250) COLLATE utf8_unicode_ci NOT NULL,
  `confirmation_key` varchar(40) COLLATE utf8_unicode_ci NOT NULL,
  `confirmed` enum('Y','N') COLLATE utf8_unicode_ci NOT NULL DEFAULT 'N',
  `password_reset_key` varchar(250) COLLATE utf8_unicode_ci NOT NULL DEFAULT '',
  `password_reset_confirmed` enum('Y','N') COLLATE utf8_unicode_ci NOT NULL DEFAULT 'N',
  `password_reset_timestamp` datetime DEFAULT NULL,
  `register_date` date NOT NULL,
  `user_role` int(4) NOT NULL DEFAULT '1',
  `last_login` datetime DEFAULT NULL,
  `banned` enum('Y','N') COLLATE utf8_unicode_ci NOT NULL DEFAULT 'N'
) ENGINE=InnoDB DEFAULT CHARSET=utf8 COLLATE=utf8_unicode_ci;

--
-- Dumping data for table `as_users`
--

INSERT INTO `as_users` (`user_id`, `email`, `username`, `password`, `confirmation_key`, `confirmed`, `password_reset_key`, `password_reset_confirmed`, `password_reset_timestamp`, `register_date`, `user_role`, `last_login`, `banned`) VALUES
(1, 'admin@localhost', 'admin', '$2a$13$kB8X0cUr9nZFeol6T0nEhOAK9GV9tfANpYr1CdSUj3oc1tqTFKyz.', '', 'Y', '', 'N', NULL, '2017-09-19', 3, '2017-09-19 12:00:06', 'N'),
(2, 'oreste@parlatano.org', 'Oreste', '$2a$13$kB8X0cUr9nZFeol6T0nEhO3ZqyIMEI9QKU4lH1NF8R0fLgla6s7hC', '8efa29a58ab123f5088f339f6fd5b058', 'N', '', 'N', NULL, '2017-09-19', 1, NULL, 'N');

-- --------------------------------------------------------

--
-- Table structure for table `as_user_details`
--

CREATE TABLE `as_user_details` (
  `id_user_details` int(11) NOT NULL,
  `user_id` int(11) NOT NULL,
  `first_name` varchar(35) COLLATE utf8_unicode_ci NOT NULL DEFAULT '',
  `last_name` varchar(35) COLLATE utf8_unicode_ci NOT NULL DEFAULT '',
  `phone` varchar(30) COLLATE utf8_unicode_ci NOT NULL DEFAULT '',
  `address` varchar(255) COLLATE utf8_unicode_ci NOT NULL DEFAULT ''
) ENGINE=InnoDB DEFAULT CHARSET=utf8 COLLATE=utf8_unicode_ci;

--
-- Dumping data for table `as_user_details`
--

INSERT INTO `as_user_details` (`id_user_details`, `user_id`, `first_name`, `last_name`, `phone`, `address`) VALUES
(1, 1, 'Admin', 'Admin', '', ''),
(2, 2, '', '', '', '');

-- --------------------------------------------------------

--
-- Table structure for table `as_user_roles`
--

CREATE TABLE `as_user_roles` (
  `role_id` int(11) NOT NULL,
  `role` varchar(20) COLLATE utf8_unicode_ci NOT NULL
) ENGINE=InnoDB DEFAULT CHARSET=utf8 COLLATE=utf8_unicode_ci;

--
-- Dumping data for table `as_user_roles`
--

INSERT INTO `as_user_roles` (`role_id`, `role`) VALUES
(1, 'user'),
(2, 'editor'),
(3, 'admin');

-- --------------------------------------------------------

--
-- Table structure for table `contact`
--

CREATE TABLE `contact` (
  `id` int(11) NOT NULL,
  `id_type` int(11) NOT NULL,
  `info` varchar(255) NOT NULL
) ENGINE=InnoDB DEFAULT CHARSET=utf8;

-- --------------------------------------------------------

--
-- Table structure for table `contact_type`
--

CREATE TABLE `contact_type` (
  `id` int(11) NOT NULL,
  `type` varchar(20) NOT NULL
) ENGINE=InnoDB DEFAULT CHARSET=utf8;

--
-- Dumping data for table `contact_type`
--

INSERT INTO `contact_type` (`id`, `type`) VALUES
(1, 'email'),
(2, 'cell'),
(3, 'tel'),
(4, 'whatsapp');

-- --------------------------------------------------------

--
-- Table structure for table `from_field_1`
--

CREATE TABLE `from_field_1` (
  `id` int(11) NOT NULL,
  `op_id` int(11) NOT NULL,
  `in_date` date NOT NULL,
  `mz001` varchar(16) NOT NULL,
  `mz003` varchar(255) DEFAULT NULL,
  `mz003_n` int(11) NOT NULL,
  `mz004` varchar(10) NOT NULL,
  `mz005` varchar(255) NOT NULL,
  `mz006` int(11) NOT NULL,
  `mz007` varchar(50) DEFAULT NULL,
  `mz007_n` int(11) NOT NULL,
  `mz008` varchar(255) NOT NULL,
  `mz009` varchar(255) NOT NULL,
  `mz010` varchar(255) NOT NULL,
  `mz011` varchar(255) NOT NULL,
  `mz012` int(11) NOT NULL,
  `mz013` int(11) NOT NULL,
  `mz014` int(11) NOT NULL,
  `mz015` int(11) NOT NULL,
  `mz016` date NOT NULL,
  `mz017` date NOT NULL,
  `mz018` date NOT NULL,
  `mz019` date NOT NULL,
  `mz020` date NOT NULL,
  `mz022` tinyint(4) NOT NULL,
  `mz023` int(11) DEFAULT NULL,
  `mz023_c` varchar(255) NOT NULL,
  `mz025` int(11) NOT NULL,
  `mz026` float NOT NULL,
  `mz027` float NOT NULL,
  `mz200_01_00_TI_NM` int(11) NOT NULL DEFAULT '0',
  `mz200_01_00_TI_NF` int(11) NOT NULL DEFAULT '0',
  `mz200_01_00_TI_EM` int(11) NOT NULL DEFAULT '0',
  `mz200_01_00_TI_EF` int(11) NOT NULL DEFAULT '0',
  `mz200_01_00_TP_NM` int(11) NOT NULL DEFAULT '0',
  `mz200_01_00_TP_NP` int(11) NOT NULL DEFAULT '0',
  `mz200_01_00_TP_EM` int(11) NOT NULL DEFAULT '0',
  `mz200_01_00_TP_EF` int(11) NOT NULL DEFAULT '0',
  `mz200_02_01_TI_NM` int(11) NOT NULL DEFAULT '0',
  `mz200_02_01_TI_NF` int(11) NOT NULL DEFAULT '0',
  `mz200_02_01_TI_EM` int(11) NOT NULL DEFAULT '0',
  `mz200_02_01_TI_EF` int(11) NOT NULL DEFAULT '0',
  `mz200_02_01_TP_NM` int(11) NOT NULL DEFAULT '0',
  `mz200_02_01_TP_NP` int(11) NOT NULL DEFAULT '0',
  `mz200_02_01_TP_EM` int(11) NOT NULL DEFAULT '0',
  `mz200_02_01_TP_EF` int(11) NOT NULL DEFAULT '0',
  `mz200_02_02_TI_NM` int(11) NOT NULL DEFAULT '0',
  `mz200_02_02_TI_NF` int(11) NOT NULL DEFAULT '0',
  `mz200_02_02_TI_EM` int(11) NOT NULL DEFAULT '0',
  `mz200_02_02_TI_EF` int(11) NOT NULL DEFAULT '0',
  `mz200_02_02_TP_NM` int(11) NOT NULL DEFAULT '0',
  `mz200_02_02_TP_NP` int(11) NOT NULL DEFAULT '0',
  `mz200_02_02_TP_EM` int(11) NOT NULL DEFAULT '0',
  `mz200_02_02_TP_EF` int(11) NOT NULL DEFAULT '0',
  `mz200_02_03_TI_NM` int(11) NOT NULL DEFAULT '0',
  `mz200_02_03_TI_NF` int(11) NOT NULL DEFAULT '0',
  `mz200_02_03_TI_EM` int(11) NOT NULL DEFAULT '0',
  `mz200_02_03_TI_EF` int(11) NOT NULL DEFAULT '0',
  `mz200_02_03_TP_NM` int(11) NOT NULL DEFAULT '0',
  `mz200_02_03_TP_NP` int(11) NOT NULL DEFAULT '0',
  `mz200_02_03_TP_EM` int(11) NOT NULL DEFAULT '0',
  `mz200_02_03_TP_EF` int(11) NOT NULL DEFAULT '0',
  `mz200_02_04_TI_NM` int(11) NOT NULL DEFAULT '0',
  `mz200_02_04_TI_NF` int(11) NOT NULL DEFAULT '0',
  `mz200_02_04_TI_EM` int(11) NOT NULL DEFAULT '0',
  `mz200_02_04_TI_EF` int(11) NOT NULL DEFAULT '0',
  `mz200_02_04_TP_NM` int(11) NOT NULL DEFAULT '0',
  `mz200_02_04_TP_NP` int(11) NOT NULL DEFAULT '0',
  `mz200_02_04_TP_EM` int(11) NOT NULL DEFAULT '0',
  `mz200_02_04_TP_EF` int(11) NOT NULL DEFAULT '0',
  `mz200_02_05_TI_NM` int(11) NOT NULL DEFAULT '0',
  `mz200_02_05_TI_NF` int(11) NOT NULL DEFAULT '0',
  `mz200_02_05_TI_EM` int(11) NOT NULL DEFAULT '0',
  `mz200_02_05_TI_EF` int(11) NOT NULL DEFAULT '0',
  `mz200_02_05_TP_NM` int(11) NOT NULL DEFAULT '0',
  `mz200_02_05_TP_NP` int(11) NOT NULL DEFAULT '0',
  `mz200_02_05_TP_EM` int(11) NOT NULL DEFAULT '0',
  `mz200_02_05_TP_EF` int(11) NOT NULL DEFAULT '0',
  `mz200_02_06_TI_NM` int(11) NOT NULL DEFAULT '0',
  `mz200_02_06_TI_NF` int(11) NOT NULL DEFAULT '0',
  `mz200_02_06_TI_EM` int(11) NOT NULL DEFAULT '0',
  `mz200_02_06_TI_EF` int(11) NOT NULL DEFAULT '0',
  `mz200_02_06_TP_NM` int(11) NOT NULL DEFAULT '0',
  `mz200_02_06_TP_NP` int(11) NOT NULL DEFAULT '0',
  `mz200_02_06_TP_EM` int(11) NOT NULL DEFAULT '0',
  `mz200_02_06_TP_EF` int(11) NOT NULL DEFAULT '0',
  `mz200_02_07_TI_NM` int(11) NOT NULL DEFAULT '0',
  `mz200_02_07_TI_NF` int(11) NOT NULL DEFAULT '0',
  `mz200_02_07_TI_EM` int(11) NOT NULL DEFAULT '0',
  `mz200_02_07_TI_EF` int(11) NOT NULL DEFAULT '0',
  `mz200_02_07_TP_NM` int(11) NOT NULL DEFAULT '0',
  `mz200_02_07_TP_NP` int(11) NOT NULL DEFAULT '0',
  `mz200_02_07_TP_EM` int(11) NOT NULL DEFAULT '0',
  `mz200_02_07_TP_EF` int(11) NOT NULL DEFAULT '0',
  `mz200_02_08_TI_NM` int(11) NOT NULL DEFAULT '0',
  `mz200_02_08_TI_NF` int(11) NOT NULL DEFAULT '0',
  `mz200_02_08_TI_EM` int(11) NOT NULL DEFAULT '0',
  `mz200_02_08_TI_EF` int(11) NOT NULL DEFAULT '0',
  `mz200_02_08_TP_NM` int(11) NOT NULL DEFAULT '0',
  `mz200_02_08_TP_NP` int(11) NOT NULL DEFAULT '0',
  `mz200_02_08_TP_EM` int(11) NOT NULL DEFAULT '0',
  `mz200_02_08_TP_EF` int(11) NOT NULL DEFAULT '0',
  `mz200_02_09_TI_NM` int(11) NOT NULL DEFAULT '0',
  `mz200_02_09_TI_NF` int(11) NOT NULL DEFAULT '0',
  `mz200_02_09_TI_EM` int(11) NOT NULL DEFAULT '0',
  `mz200_02_09_TI_EF` int(11) NOT NULL DEFAULT '0',
  `mz200_02_09_TP_NM` int(11) NOT NULL DEFAULT '0',
  `mz200_02_09_TP_NP` int(11) NOT NULL DEFAULT '0',
  `mz200_02_09_TP_EM` int(11) NOT NULL DEFAULT '0',
  `mz200_02_09_TP_EF` int(11) NOT NULL DEFAULT '0',
  `mz200_02_10_TI_NM` int(11) NOT NULL DEFAULT '0',
  `mz200_02_10_TI_NF` int(11) NOT NULL DEFAULT '0',
  `mz200_02_10_TI_EM` int(11) NOT NULL DEFAULT '0',
  `mz200_02_10_TI_EF` int(11) NOT NULL DEFAULT '0',
  `mz200_02_10_TP_NM` int(11) NOT NULL DEFAULT '0',
  `mz200_02_10_TP_NP` int(11) NOT NULL DEFAULT '0',
  `mz200_02_10_TP_EM` int(11) NOT NULL DEFAULT '0',
  `mz200_02_10_TP_EF` int(11) NOT NULL DEFAULT '0',
  `mz200_02_11_TI_NM` int(11) NOT NULL DEFAULT '0',
  `mz200_02_11_TI_NF` int(11) NOT NULL DEFAULT '0',
  `mz200_02_11_TI_EM` int(11) NOT NULL DEFAULT '0',
  `mz200_02_11_TI_EF` int(11) NOT NULL DEFAULT '0',
  `mz200_02_11_TP_NM` int(11) NOT NULL DEFAULT '0',
  `mz200_02_11_TP_NP` int(11) NOT NULL DEFAULT '0',
  `mz200_02_11_TP_EM` int(11) NOT NULL DEFAULT '0',
  `mz200_02_11_TP_EF` int(11) NOT NULL DEFAULT '0',
  `mz200_03_00_TI_NM` int(11) NOT NULL DEFAULT '0',
  `mz200_03_00_TI_NF` int(11) NOT NULL DEFAULT '0',
  `mz200_03_00_TI_EM` int(11) NOT NULL DEFAULT '0',
  `mz200_03_00_TI_EF` int(11) NOT NULL DEFAULT '0',
  `mz200_03_00_TP_NM` int(11) NOT NULL DEFAULT '0',
  `mz200_03_00_TP_NP` int(11) NOT NULL DEFAULT '0',
  `mz200_03_00_TP_EM` int(11) NOT NULL DEFAULT '0',
  `mz200_03_00_TP_EF` int(11) NOT NULL DEFAULT '0',
  `mz200_04_00_TI_NM` int(11) NOT NULL DEFAULT '0',
  `mz200_04_00_TI_NF` int(11) NOT NULL DEFAULT '0',
  `mz200_04_00_TI_EM` int(11) NOT NULL DEFAULT '0',
  `mz200_04_00_TI_EF` int(11) NOT NULL DEFAULT '0',
  `mz200_04_00_TP_NM` int(11) NOT NULL DEFAULT '0',
  `mz200_04_00_TP_NP` int(11) NOT NULL DEFAULT '0',
  `mz200_04_00_TP_EM` int(11) NOT NULL DEFAULT '0',
  `mz200_04_00_TP_EF` int(11) NOT NULL DEFAULT '0',
  `mz200_05_00_TI_NM` int(11) NOT NULL DEFAULT '0',
  `mz200_05_00_TI_NF` int(11) NOT NULL DEFAULT '0',
  `mz200_05_00_TI_EM` int(11) NOT NULL DEFAULT '0',
  `mz200_05_00_TI_EF` int(11) NOT NULL DEFAULT '0',
  `mz200_05_00_TP_NM` int(11) NOT NULL DEFAULT '0',
  `mz200_05_00_TP_NP` int(11) NOT NULL DEFAULT '0',
  `mz200_05_00_TP_EM` int(11) NOT NULL DEFAULT '0',
  `mz200_05_00_TP_EF` int(11) NOT NULL DEFAULT '0',
  `mz200_06_00_TI_NM` int(11) NOT NULL DEFAULT '0',
  `mz200_06_00_TI_NF` int(11) NOT NULL DEFAULT '0',
  `mz200_06_00_TI_EM` int(11) NOT NULL DEFAULT '0',
  `mz200_06_00_TI_EF` int(11) NOT NULL DEFAULT '0',
  `mz200_06_00_TP_NM` int(11) NOT NULL DEFAULT '0',
  `mz200_06_00_TP_NP` int(11) NOT NULL DEFAULT '0',
  `mz200_06_00_TP_EM` int(11) NOT NULL DEFAULT '0',
  `mz200_06_00_TP_EF` int(11) NOT NULL DEFAULT '0',
  `mz200_07_00_TI_NM` int(11) NOT NULL DEFAULT '0',
  `mz200_07_00_TI_NF` int(11) NOT NULL DEFAULT '0',
  `mz200_07_00_TI_EM` int(11) NOT NULL DEFAULT '0',
  `mz200_07_00_TI_EF` int(11) NOT NULL DEFAULT '0',
  `mz200_07_00_TP_NM` int(11) NOT NULL DEFAULT '0',
  `mz200_07_00_TP_NP` int(11) NOT NULL DEFAULT '0',
  `mz200_07_00_TP_EM` int(11) NOT NULL DEFAULT '0',
  `mz200_07_00_TP_EF` int(11) NOT NULL DEFAULT '0',
  `mz200_08_00_TI_NM` int(11) NOT NULL DEFAULT '0',
  `mz200_08_00_TI_NF` int(11) NOT NULL DEFAULT '0',
  `mz200_08_00_TI_EM` int(11) NOT NULL DEFAULT '0',
  `mz200_08_00_TI_EF` int(11) NOT NULL DEFAULT '0',
  `mz200_08_00_TP_NM` int(11) NOT NULL DEFAULT '0',
  `mz200_08_00_TP_NP` int(11) NOT NULL DEFAULT '0',
  `mz200_08_00_TP_EM` int(11) NOT NULL DEFAULT '0',
  `mz200_08_00_TP_EF` int(11) NOT NULL DEFAULT '0',
  `mz200_09_00_TI_NM` int(11) NOT NULL DEFAULT '0',
  `mz200_09_00_TI_NF` int(11) NOT NULL DEFAULT '0',
  `mz200_09_00_TI_EM` int(11) NOT NULL DEFAULT '0',
  `mz200_09_00_TI_EF` int(11) NOT NULL DEFAULT '0',
  `mz200_09_00_TP_NM` int(11) NOT NULL DEFAULT '0',
  `mz200_09_00_TP_NP` int(11) NOT NULL DEFAULT '0',
  `mz200_09_00_TP_EM` int(11) NOT NULL DEFAULT '0',
  `mz200_09_00_TP_EF` int(11) NOT NULL DEFAULT '0',
  `mz200_10_00_TI_NM` int(11) NOT NULL DEFAULT '0',
  `mz200_10_00_TI_NF` int(11) NOT NULL DEFAULT '0',
  `mz200_10_00_TI_EM` int(11) NOT NULL DEFAULT '0',
  `mz200_10_00_TI_EF` int(11) NOT NULL DEFAULT '0',
  `mz200_10_00_TP_NM` int(11) NOT NULL DEFAULT '0',
  `mz200_10_00_TP_NP` int(11) NOT NULL DEFAULT '0',
  `mz200_10_00_TP_EM` int(11) NOT NULL DEFAULT '0',
  `mz200_10_00_TP_EF` int(11) NOT NULL DEFAULT '0',
  `mz200_11_00_TI_NM` int(11) NOT NULL DEFAULT '0',
  `mz200_11_00_TI_NF` int(11) NOT NULL DEFAULT '0',
  `mz200_11_00_TI_EM` int(11) NOT NULL DEFAULT '0',
  `mz200_11_00_TI_EF` int(11) NOT NULL DEFAULT '0',
  `mz200_11_00_TP_NM` int(11) NOT NULL DEFAULT '0',
  `mz200_11_00_TP_NP` int(11) NOT NULL DEFAULT '0',
  `mz200_11_00_TP_EM` int(11) NOT NULL DEFAULT '0',
  `mz200_11_00_TP_EF` int(11) NOT NULL DEFAULT '0',
  `mz200_12_00_TI_NM` int(11) NOT NULL DEFAULT '0',
  `mz200_12_00_TI_NF` int(11) NOT NULL DEFAULT '0',
  `mz200_12_00_TI_EM` int(11) NOT NULL DEFAULT '0',
  `mz200_12_00_TI_EF` int(11) NOT NULL DEFAULT '0',
  `mz200_12_00_TP_NM` int(11) NOT NULL DEFAULT '0',
  `mz200_12_00_TP_NP` int(11) NOT NULL DEFAULT '0',
  `mz200_12_00_TP_EM` int(11) NOT NULL DEFAULT '0',
  `mz200_12_00_TP_EF` int(11) NOT NULL DEFAULT '0',
  `mz200_13_00_TI_NM` int(11) NOT NULL DEFAULT '0',
  `mz200_13_00_TI_NF` int(11) NOT NULL DEFAULT '0',
  `mz200_13_00_TI_EM` int(11) NOT NULL DEFAULT '0',
  `mz200_13_00_TI_EF` int(11) NOT NULL DEFAULT '0',
  `mz200_13_00_TP_NM` int(11) NOT NULL DEFAULT '0',
  `mz200_13_00_TP_NP` int(11) NOT NULL DEFAULT '0',
  `mz200_13_00_TP_EM` int(11) NOT NULL DEFAULT '0',
  `mz200_13_00_TP_EF` int(11) NOT NULL DEFAULT '0',
  `mz200_14_00_TI_NM` int(11) NOT NULL DEFAULT '0',
  `mz200_14_00_TI_NF` int(11) NOT NULL DEFAULT '0',
  `mz200_14_00_TI_EM` int(11) NOT NULL DEFAULT '0',
  `mz200_14_00_TI_EF` int(11) NOT NULL DEFAULT '0',
  `mz200_14_00_TP_NM` int(11) NOT NULL DEFAULT '0',
  `mz200_14_00_TP_NP` int(11) NOT NULL DEFAULT '0',
  `mz200_14_00_TP_EM` int(11) NOT NULL DEFAULT '0',
  `mz200_14_00_TP_EF` int(11) NOT NULL DEFAULT '0',
  `mz200_15_00_TI_NM` int(11) NOT NULL DEFAULT '0',
  `mz200_15_00_TI_NF` int(11) NOT NULL DEFAULT '0',
  `mz200_15_00_TI_EM` int(11) NOT NULL DEFAULT '0',
  `mz200_15_00_TI_EF` int(11) NOT NULL DEFAULT '0',
  `mz200_15_00_TP_NM` int(11) NOT NULL DEFAULT '0',
  `mz200_15_00_TP_NP` int(11) NOT NULL DEFAULT '0',
  `mz200_15_00_TP_EM` int(11) NOT NULL DEFAULT '0',
  `mz200_15_00_TP_EF` int(11) NOT NULL DEFAULT '0',
  `mz200_16_00_TI_NM` int(11) NOT NULL DEFAULT '0',
  `mz200_16_00_TI_NF` int(11) NOT NULL DEFAULT '0',
  `mz200_16_00_TI_EM` int(11) NOT NULL DEFAULT '0',
  `mz200_16_00_TI_EF` int(11) NOT NULL DEFAULT '0',
  `mz200_16_00_TP_NM` int(11) NOT NULL DEFAULT '0',
  `mz200_16_00_TP_NP` int(11) NOT NULL DEFAULT '0',
  `mz200_16_00_TP_EM` int(11) NOT NULL DEFAULT '0',
  `mz200_16_00_TP_EF` int(11) NOT NULL DEFAULT '0',
  `mz200_17_00_TI_NM` int(11) NOT NULL DEFAULT '0',
  `mz200_17_00_TI_NF` int(11) NOT NULL DEFAULT '0',
  `mz200_17_00_TI_EM` int(11) NOT NULL DEFAULT '0',
  `mz200_17_00_TI_EF` int(11) NOT NULL DEFAULT '0',
  `mz200_17_00_TP_NM` int(11) NOT NULL DEFAULT '0',
  `mz200_17_00_TP_NP` int(11) NOT NULL DEFAULT '0',
  `mz200_17_00_TP_EM` int(11) NOT NULL DEFAULT '0',
  `mz200_17_00_TP_EF` int(11) NOT NULL DEFAULT '0',
  `mz200_18_00_TI_NM` int(11) NOT NULL DEFAULT '0',
  `mz200_18_00_TI_NF` int(11) NOT NULL DEFAULT '0',
  `mz200_18_00_TI_EM` int(11) NOT NULL DEFAULT '0',
  `mz200_18_00_TI_EF` int(11) NOT NULL DEFAULT '0',
  `mz200_18_00_TP_NM` int(11) NOT NULL DEFAULT '0',
  `mz200_18_00_TP_NP` int(11) NOT NULL DEFAULT '0',
  `mz200_18_00_TP_EM` int(11) NOT NULL DEFAULT '0',
  `mz200_18_00_TP_EF` int(11) NOT NULL DEFAULT '0',
  `mz200_19_00_TI_NM` int(11) NOT NULL DEFAULT '0',
  `mz200_19_00_TI_NF` int(11) NOT NULL DEFAULT '0',
  `mz200_19_00_TI_EM` int(11) NOT NULL DEFAULT '0',
  `mz200_19_00_TI_EF` int(11) NOT NULL DEFAULT '0',
  `mz200_19_00_TP_NM` int(11) NOT NULL DEFAULT '0',
  `mz200_19_00_TP_NP` int(11) NOT NULL DEFAULT '0',
  `mz200_19_00_TP_EM` int(11) NOT NULL DEFAULT '0',
  `mz200_19_00_TP_EF` int(11) NOT NULL DEFAULT '0',
  `mz200_20_00_TI_NM` int(11) NOT NULL DEFAULT '0',
  `mz200_20_00_TI_NF` int(11) NOT NULL DEFAULT '0',
  `mz200_20_00_TI_EM` int(11) NOT NULL DEFAULT '0',
  `mz200_20_00_TI_EF` int(11) NOT NULL DEFAULT '0',
  `mz200_20_00_TP_NM` int(11) NOT NULL DEFAULT '0',
  `mz200_20_00_TP_NP` int(11) NOT NULL DEFAULT '0',
  `mz200_20_00_TP_EM` int(11) NOT NULL DEFAULT '0',
  `mz200_20_00_TP_EF` int(11) NOT NULL DEFAULT '0',
  `mz200_21_00_TI_NM` int(11) NOT NULL DEFAULT '0',
  `mz200_21_00_TI_NF` int(11) NOT NULL DEFAULT '0',
  `mz200_21_00_TI_EM` int(11) NOT NULL DEFAULT '0',
  `mz200_21_00_TI_EF` int(11) NOT NULL DEFAULT '0',
  `mz200_21_00_TP_NM` int(11) NOT NULL DEFAULT '0',
  `mz200_21_00_TP_NP` int(11) NOT NULL DEFAULT '0',
  `mz200_21_00_TP_EM` int(11) NOT NULL DEFAULT '0',
  `mz200_21_00_TP_EF` int(11) NOT NULL DEFAULT '0',
  `mz200_22_00_TI_NM` int(11) NOT NULL DEFAULT '0',
  `mz200_22_00_TI_NF` int(11) NOT NULL DEFAULT '0',
  `mz200_22_00_TI_EM` int(11) NOT NULL DEFAULT '0',
  `mz200_22_00_TI_EF` int(11) NOT NULL DEFAULT '0',
  `mz200_22_00_TP_NM` int(11) NOT NULL DEFAULT '0',
  `mz200_22_00_TP_NP` int(11) NOT NULL DEFAULT '0',
  `mz200_22_00_TP_EM` int(11) NOT NULL DEFAULT '0',
  `mz200_22_00_TP_EF` int(11) NOT NULL DEFAULT '0',
  `mz200_23_00_TI_NM` int(11) NOT NULL DEFAULT '0',
  `mz200_23_00_TI_NF` int(11) NOT NULL DEFAULT '0',
  `mz200_23_00_TI_EM` int(11) NOT NULL DEFAULT '0',
  `mz200_23_00_TI_EF` int(11) NOT NULL DEFAULT '0',
  `mz200_23_00_TP_NM` int(11) NOT NULL DEFAULT '0',
  `mz200_23_00_TP_NP` int(11) NOT NULL DEFAULT '0',
  `mz200_23_00_TP_EM` int(11) NOT NULL DEFAULT '0',
  `mz200_23_00_TP_EF` int(11) NOT NULL DEFAULT '0',
  `mz200_24_00_TI_NM` int(11) NOT NULL DEFAULT '0',
  `mz200_24_00_TI_NF` int(11) NOT NULL DEFAULT '0',
  `mz200_24_00_TI_EM` int(11) NOT NULL DEFAULT '0',
  `mz200_24_00_TI_EF` int(11) NOT NULL DEFAULT '0',
  `mz200_24_00_TP_NM` int(11) NOT NULL DEFAULT '0',
  `mz200_24_00_TP_NP` int(11) NOT NULL DEFAULT '0',
  `mz200_24_00_TP_EM` int(11) NOT NULL DEFAULT '0',
  `mz200_24_00_TP_EF` int(11) NOT NULL DEFAULT '0',
  `mz200_25_00_TI_NM` int(11) NOT NULL DEFAULT '0',
  `mz200_25_00_TI_NF` int(11) NOT NULL DEFAULT '0',
  `mz200_25_00_TI_EM` int(11) NOT NULL DEFAULT '0',
  `mz200_25_00_TI_EF` int(11) NOT NULL DEFAULT '0',
  `mz200_25_00_TP_NM` int(11) NOT NULL DEFAULT '0',
  `mz200_25_00_TP_NP` int(11) NOT NULL DEFAULT '0',
  `mz200_25_00_TP_EM` int(11) NOT NULL DEFAULT '0',
  `mz200_25_00_TP_EF` int(11) NOT NULL DEFAULT '0',
  `mz200_26_00_TI_NM` int(11) NOT NULL DEFAULT '0',
  `mz200_26_00_TI_NF` int(11) NOT NULL DEFAULT '0',
  `mz200_26_00_TI_EM` int(11) NOT NULL DEFAULT '0',
  `mz200_26_00_TI_EF` int(11) NOT NULL DEFAULT '0',
  `mz200_26_00_TP_NM` int(11) NOT NULL DEFAULT '0',
  `mz200_26_00_TP_NP` int(11) NOT NULL DEFAULT '0',
  `mz200_26_00_TP_EM` int(11) NOT NULL DEFAULT '0',
  `mz200_26_00_TP_EF` int(11) NOT NULL DEFAULT '0',
  `mz200_27_00_TI_NM` int(11) NOT NULL DEFAULT '0',
  `mz200_27_00_TI_NF` int(11) NOT NULL DEFAULT '0',
  `mz200_27_00_TI_EM` int(11) NOT NULL DEFAULT '0',
  `mz200_27_00_TI_EF` int(11) NOT NULL DEFAULT '0',
  `mz200_27_00_TP_NM` int(11) NOT NULL DEFAULT '0',
  `mz200_27_00_TP_NP` int(11) NOT NULL DEFAULT '0',
  `mz200_27_00_TP_EM` int(11) NOT NULL DEFAULT '0',
  `mz200_27_00_TP_EF` int(11) NOT NULL DEFAULT '0',
  `mz200_28_00_TI_NM` int(11) NOT NULL DEFAULT '0',
  `mz200_28_00_TI_NF` int(11) NOT NULL DEFAULT '0',
  `mz200_28_00_TI_EM` int(11) NOT NULL DEFAULT '0',
  `mz200_28_00_TI_EF` int(11) NOT NULL DEFAULT '0',
  `mz200_28_00_TP_NM` int(11) NOT NULL DEFAULT '0',
  `mz200_28_00_TP_NP` int(11) NOT NULL DEFAULT '0',
  `mz200_28_00_TP_EM` int(11) NOT NULL DEFAULT '0',
  `mz200_28_00_TP_EF` int(11) NOT NULL DEFAULT '0',
  `mz200_29_00_TI_NM` int(11) NOT NULL DEFAULT '0',
  `mz200_29_00_TI_NF` int(11) NOT NULL DEFAULT '0',
  `mz200_29_00_TI_EM` int(11) NOT NULL DEFAULT '0',
  `mz200_29_00_TI_EF` int(11) NOT NULL DEFAULT '0',
  `mz200_29_00_TP_NM` int(11) NOT NULL DEFAULT '0',
  `mz200_29_00_TP_NP` int(11) NOT NULL DEFAULT '0',
  `mz200_29_00_TP_EM` int(11) NOT NULL DEFAULT '0',
  `mz200_29_00_TP_EF` int(11) NOT NULL DEFAULT '0',
  `mz200_30_00_TI_NM` int(11) NOT NULL DEFAULT '0',
  `mz200_30_00_TI_NF` int(11) NOT NULL DEFAULT '0',
  `mz200_30_00_TI_EM` int(11) NOT NULL DEFAULT '0',
  `mz200_30_00_TI_EF` int(11) NOT NULL DEFAULT '0',
  `mz200_30_00_TP_NM` int(11) NOT NULL DEFAULT '0',
  `mz200_30_00_TP_NP` int(11) NOT NULL DEFAULT '0',
  `mz200_30_00_TP_EM` int(11) NOT NULL DEFAULT '0',
  `mz200_30_00_TP_EF` int(11) NOT NULL DEFAULT '0',
  `mz200_31_00_TI_NM` int(11) NOT NULL DEFAULT '0',
  `mz200_31_00_TI_NF` int(11) NOT NULL DEFAULT '0',
  `mz200_31_00_TI_EM` int(11) NOT NULL DEFAULT '0',
  `mz200_31_00_TI_EF` int(11) NOT NULL DEFAULT '0',
  `mz200_31_00_TP_NM` int(11) NOT NULL DEFAULT '0',
  `mz200_31_00_TP_NP` int(11) NOT NULL DEFAULT '0',
  `mz200_31_00_TP_EM` int(11) NOT NULL DEFAULT '0',
  `mz200_31_00_TP_EF` int(11) NOT NULL DEFAULT '0',
  `mz200_32_00_TI_NM` int(11) NOT NULL DEFAULT '0',
  `mz200_32_00_TI_NF` int(11) NOT NULL DEFAULT '0',
  `mz200_32_00_TI_EM` int(11) NOT NULL DEFAULT '0',
  `mz200_32_00_TI_EF` int(11) NOT NULL DEFAULT '0',
  `mz200_32_00_TP_NM` int(11) NOT NULL DEFAULT '0',
  `mz200_32_00_TP_NP` int(11) NOT NULL DEFAULT '0',
  `mz200_32_00_TP_EM` int(11) NOT NULL DEFAULT '0',
  `mz200_32_00_TP_EF` int(11) NOT NULL DEFAULT '0',
  `mz200_33_00_TI_NM` int(11) NOT NULL DEFAULT '0',
  `mz200_33_00_TI_NF` int(11) NOT NULL DEFAULT '0',
  `mz200_33_00_TI_EM` int(11) NOT NULL DEFAULT '0',
  `mz200_33_00_TI_EF` int(11) NOT NULL DEFAULT '0',
  `mz200_33_00_TP_NM` int(11) NOT NULL DEFAULT '0',
  `mz200_33_00_TP_NP` int(11) NOT NULL DEFAULT '0',
  `mz200_33_00_TP_EM` int(11) NOT NULL DEFAULT '0',
  `mz200_33_00_TP_EF` int(11) NOT NULL DEFAULT '0',
  `mz200_34_00_TI_NM` int(11) NOT NULL DEFAULT '0',
  `mz200_34_00_TI_NF` int(11) NOT NULL DEFAULT '0',
  `mz200_34_00_TI_EM` int(11) NOT NULL DEFAULT '0',
  `mz200_34_00_TI_EF` int(11) NOT NULL DEFAULT '0',
  `mz200_34_00_TP_NM` int(11) NOT NULL DEFAULT '0',
  `mz200_34_00_TP_NP` int(11) NOT NULL DEFAULT '0',
  `mz200_34_00_TP_EM` int(11) NOT NULL DEFAULT '0',
  `mz200_34_00_TP_EF` int(11) NOT NULL DEFAULT '0',
  `mz200_35_00_TI_NM` int(11) NOT NULL DEFAULT '0',
  `mz200_35_00_TI_NF` int(11) NOT NULL DEFAULT '0',
  `mz200_35_00_TI_EM` int(11) NOT NULL DEFAULT '0',
  `mz200_35_00_TI_EF` int(11) NOT NULL DEFAULT '0',
  `mz200_35_00_TP_NM` int(11) NOT NULL DEFAULT '0',
  `mz200_35_00_TP_NP` int(11) NOT NULL DEFAULT '0',
  `mz200_35_00_TP_EM` int(11) NOT NULL DEFAULT '0',
  `mz200_35_00_TP_EF` int(11) NOT NULL DEFAULT '0',
  `mz200_36_00_TI_NM` int(11) NOT NULL DEFAULT '0',
  `mz200_36_00_TI_NF` int(11) NOT NULL DEFAULT '0',
  `mz200_36_00_TI_EM` int(11) NOT NULL DEFAULT '0',
  `mz200_36_00_TI_EF` int(11) NOT NULL DEFAULT '0',
  `mz200_36_00_TP_NM` int(11) NOT NULL DEFAULT '0',
  `mz200_36_00_TP_NP` int(11) NOT NULL DEFAULT '0',
  `mz200_36_00_TP_EM` int(11) NOT NULL DEFAULT '0',
  `mz200_36_00_TP_EF` int(11) NOT NULL DEFAULT '0',
  `mz200_37_00_TI_NM` int(11) NOT NULL DEFAULT '0',
  `mz200_37_00_TI_NF` int(11) NOT NULL DEFAULT '0',
  `mz200_37_00_TI_EM` int(11) NOT NULL DEFAULT '0',
  `mz200_37_00_TI_EF` int(11) NOT NULL DEFAULT '0',
  `mz200_37_00_TP_NM` int(11) NOT NULL DEFAULT '0',
  `mz200_37_00_TP_NP` int(11) NOT NULL DEFAULT '0',
  `mz200_37_00_TP_EM` int(11) NOT NULL DEFAULT '0',
  `mz200_37_00_TP_EF` int(11) NOT NULL DEFAULT '0',
  `mz200_38_00_TI_NM` int(11) NOT NULL DEFAULT '0',
  `mz200_38_00_TI_NF` int(11) NOT NULL DEFAULT '0',
  `mz200_38_00_TI_EM` int(11) NOT NULL DEFAULT '0',
  `mz200_38_00_TI_EF` int(11) NOT NULL DEFAULT '0',
  `mz200_38_00_TP_NM` int(11) NOT NULL DEFAULT '0',
  `mz200_38_00_TP_NP` int(11) NOT NULL DEFAULT '0',
  `mz200_38_00_TP_EM` int(11) NOT NULL DEFAULT '0',
  `mz200_38_00_TP_EF` int(11) NOT NULL DEFAULT '0',
  `mz200_39_00_TI_NM` int(11) NOT NULL DEFAULT '0',
  `mz200_39_00_TI_NF` int(11) NOT NULL DEFAULT '0',
  `mz200_39_00_TI_EM` int(11) NOT NULL DEFAULT '0',
  `mz200_39_00_TI_EF` int(11) NOT NULL DEFAULT '0',
  `mz200_39_00_TP_NM` int(11) NOT NULL DEFAULT '0',
  `mz200_39_00_TP_NP` int(11) NOT NULL DEFAULT '0',
  `mz200_39_00_TP_EM` int(11) NOT NULL DEFAULT '0',
  `mz200_39_00_TP_EF` int(11) NOT NULL DEFAULT '0',
  `mz200_40_00_TI_NM` int(11) NOT NULL DEFAULT '0',
  `mz200_40_00_TI_NF` int(11) NOT NULL DEFAULT '0',
  `mz200_40_00_TI_EM` int(11) NOT NULL DEFAULT '0',
  `mz200_40_00_TI_EF` int(11) NOT NULL DEFAULT '0',
  `mz200_40_00_TP_NM` int(11) NOT NULL DEFAULT '0',
  `mz200_40_00_TP_NP` int(11) NOT NULL DEFAULT '0',
  `mz200_40_00_TP_EM` int(11) NOT NULL DEFAULT '0',
  `mz200_40_00_TP_EF` int(11) NOT NULL DEFAULT '0',
  `mz200_41_00_TI_NM` int(11) NOT NULL DEFAULT '0',
  `mz200_41_00_TI_NF` int(11) NOT NULL DEFAULT '0',
  `mz200_41_00_TI_EM` int(11) NOT NULL DEFAULT '0',
  `mz200_41_00_TI_EF` int(11) NOT NULL DEFAULT '0',
  `mz200_41_00_TP_NM` int(11) NOT NULL DEFAULT '0',
  `mz200_41_00_TP_NP` int(11) NOT NULL DEFAULT '0',
  `mz200_41_00_TP_EM` int(11) NOT NULL DEFAULT '0',
  `mz200_41_00_TP_EF` int(11) NOT NULL DEFAULT '0',
  `mz200_42_00_TI_NM` int(11) NOT NULL DEFAULT '0',
  `mz200_42_00_TI_NF` int(11) NOT NULL DEFAULT '0',
  `mz200_42_00_TI_EM` int(11) NOT NULL DEFAULT '0',
  `mz200_42_00_TI_EF` int(11) NOT NULL DEFAULT '0',
  `mz200_42_00_TP_NM` int(11) NOT NULL DEFAULT '0',
  `mz200_42_00_TP_NP` int(11) NOT NULL DEFAULT '0',
  `mz200_42_00_TP_EM` int(11) NOT NULL DEFAULT '0',
  `mz200_42_00_TP_EF` int(11) NOT NULL DEFAULT '0',
  `mz200_43_00_TI_NM` int(11) NOT NULL DEFAULT '0',
  `mz200_43_00_TI_NF` int(11) NOT NULL DEFAULT '0',
  `mz200_43_00_TI_EM` int(11) NOT NULL DEFAULT '0',
  `mz200_43_00_TI_EF` int(11) NOT NULL DEFAULT '0',
  `mz200_43_00_TP_NM` int(11) NOT NULL DEFAULT '0',
  `mz200_43_00_TP_NP` int(11) NOT NULL DEFAULT '0',
  `mz200_43_00_TP_EM` int(11) NOT NULL DEFAULT '0',
  `mz200_43_00_TP_EF` int(11) NOT NULL DEFAULT '0',
  `mz200_44_00_TI_NM` int(11) NOT NULL DEFAULT '0',
  `mz200_44_00_TI_NF` int(11) NOT NULL DEFAULT '0',
  `mz200_44_00_TI_EM` int(11) NOT NULL DEFAULT '0',
  `mz200_44_00_TI_EF` int(11) NOT NULL DEFAULT '0',
  `mz200_44_00_TP_NM` int(11) NOT NULL DEFAULT '0',
  `mz200_44_00_TP_NP` int(11) NOT NULL DEFAULT '0',
  `mz200_44_00_TP_EM` int(11) NOT NULL DEFAULT '0',
  `mz200_44_00_TP_EF` int(11) NOT NULL DEFAULT '0',
  `mz200_45_00_TI_NM` int(11) NOT NULL DEFAULT '0',
  `mz200_45_00_TI_NF` int(11) NOT NULL DEFAULT '0',
  `mz200_45_00_TI_EM` int(11) NOT NULL DEFAULT '0',
  `mz200_45_00_TI_EF` int(11) NOT NULL DEFAULT '0',
  `mz200_45_00_TP_NM` int(11) NOT NULL DEFAULT '0',
  `mz200_45_00_TP_NP` int(11) NOT NULL DEFAULT '0',
  `mz200_45_00_TP_EM` int(11) NOT NULL DEFAULT '0',
  `mz200_45_00_TP_EF` int(11) NOT NULL DEFAULT '0',
  `mz200_46_00_TI_NM` int(11) NOT NULL DEFAULT '0',
  `mz200_46_00_TI_NF` int(11) NOT NULL DEFAULT '0',
  `mz200_46_00_TI_EM` int(11) NOT NULL DEFAULT '0',
  `mz200_46_00_TI_EF` int(11) NOT NULL DEFAULT '0',
  `mz200_46_00_TP_NM` int(11) NOT NULL DEFAULT '0',
  `mz200_46_00_TP_NP` int(11) NOT NULL DEFAULT '0',
  `mz200_46_00_TP_EM` int(11) NOT NULL DEFAULT '0',
  `mz200_46_00_TP_EF` int(11) NOT NULL DEFAULT '0',
  `mz200_47_00_TI_NM` int(11) NOT NULL DEFAULT '0',
  `mz200_47_00_TI_NF` int(11) NOT NULL DEFAULT '0',
  `mz200_47_00_TI_EM` int(11) NOT NULL DEFAULT '0',
  `mz200_47_00_TI_EF` int(11) NOT NULL DEFAULT '0',
  `mz200_47_00_TP_NM` int(11) NOT NULL DEFAULT '0',
  `mz200_47_00_TP_NP` int(11) NOT NULL DEFAULT '0',
  `mz200_47_00_TP_EM` int(11) NOT NULL DEFAULT '0',
  `mz200_47_00_TP_EF` int(11) NOT NULL DEFAULT '0',
  `mz200_48_00_TI_NM` int(11) NOT NULL DEFAULT '0',
  `mz200_48_00_TI_NF` int(11) NOT NULL DEFAULT '0',
  `mz200_48_00_TI_EM` int(11) NOT NULL DEFAULT '0',
  `mz200_48_00_TI_EF` int(11) NOT NULL DEFAULT '0',
  `mz200_48_00_TP_NM` int(11) NOT NULL DEFAULT '0',
  `mz200_48_00_TP_NP` int(11) NOT NULL DEFAULT '0',
  `mz200_48_00_TP_EM` int(11) NOT NULL DEFAULT '0',
  `mz200_48_00_TP_EF` int(11) NOT NULL DEFAULT '0',
  `mz200_49_00_TI_NM` int(11) NOT NULL DEFAULT '0',
  `mz200_49_00_TI_NF` int(11) NOT NULL DEFAULT '0',
  `mz200_49_00_TI_EM` int(11) NOT NULL DEFAULT '0',
  `mz200_49_00_TI_EF` int(11) NOT NULL DEFAULT '0',
  `mz200_49_00_TP_NM` int(11) NOT NULL DEFAULT '0',
  `mz200_49_00_TP_NP` int(11) NOT NULL DEFAULT '0',
  `mz200_49_00_TP_EM` int(11) NOT NULL DEFAULT '0',
  `mz200_49_00_TP_EF` int(11) NOT NULL DEFAULT '0',
  `mz200_50_00_TI_NM` int(11) NOT NULL DEFAULT '0',
  `mz200_50_00_TI_NF` int(11) NOT NULL DEFAULT '0',
  `mz200_50_00_TI_EM` int(11) NOT NULL DEFAULT '0',
  `mz200_50_00_TI_EF` int(11) NOT NULL DEFAULT '0',
  `mz200_50_00_TP_NM` int(11) NOT NULL DEFAULT '0',
  `mz200_50_00_TP_NP` int(11) NOT NULL DEFAULT '0',
  `mz200_50_00_TP_EM` int(11) NOT NULL DEFAULT '0',
  `mz200_50_00_TP_EF` int(11) NOT NULL DEFAULT '0',
  `mz200_51_00_TI_NM` int(11) NOT NULL DEFAULT '0',
  `mz200_51_00_TI_NF` int(11) NOT NULL DEFAULT '0',
  `mz200_51_00_TI_EM` int(11) NOT NULL DEFAULT '0',
  `mz200_51_00_TI_EF` int(11) NOT NULL DEFAULT '0',
  `mz200_51_00_TP_NM` int(11) NOT NULL DEFAULT '0',
  `mz200_51_00_TP_NP` int(11) NOT NULL DEFAULT '0',
  `mz200_51_00_TP_EM` int(11) NOT NULL DEFAULT '0',
  `mz200_51_00_TP_EF` int(11) NOT NULL DEFAULT '0'
) ENGINE=MyISAM DEFAULT CHARSET=utf8;

--
-- Dumping data for table `from_field_1`
--

INSERT INTO `from_field_1` (`id`, `op_id`, `in_date`, `mz001`, `mz003`, `mz003_n`, `mz004`, `mz005`, `mz006`, `mz007`, `mz007_n`, `mz008`, `mz009`, `mz010`, `mz011`, `mz012`, `mz013`, `mz014`, `mz015`, `mz016`, `mz017`, `mz018`, `mz019`, `mz020`, `mz022`, `mz023`, `mz023_c`, `mz025`, `mz026`, `mz027`, `mz200_01_00_TI_NM`, `mz200_01_00_TI_NF`, `mz200_01_00_TI_EM`, `mz200_01_00_TI_EF`, `mz200_01_00_TP_NM`, `mz200_01_00_TP_NP`, `mz200_01_00_TP_EM`, `mz200_01_00_TP_EF`, `mz200_02_01_TI_NM`, `mz200_02_01_TI_NF`, `mz200_02_01_TI_EM`, `mz200_02_01_TI_EF`, `mz200_02_01_TP_NM`, `mz200_02_01_TP_NP`, `mz200_02_01_TP_EM`, `mz200_02_01_TP_EF`, `mz200_02_02_TI_NM`, `mz200_02_02_TI_NF`, `mz200_02_02_TI_EM`, `mz200_02_02_TI_EF`, `mz200_02_02_TP_NM`, `mz200_02_02_TP_NP`, `mz200_02_02_TP_EM`, `mz200_02_02_TP_EF`, `mz200_02_03_TI_NM`, `mz200_02_03_TI_NF`, `mz200_02_03_TI_EM`, `mz200_02_03_TI_EF`, `mz200_02_03_TP_NM`, `mz200_02_03_TP_NP`, `mz200_02_03_TP_EM`, `mz200_02_03_TP_EF`, `mz200_02_04_TI_NM`, `mz200_02_04_TI_NF`, `mz200_02_04_TI_EM`, `mz200_02_04_TI_EF`, `mz200_02_04_TP_NM`, `mz200_02_04_TP_NP`, `mz200_02_04_TP_EM`, `mz200_02_04_TP_EF`, `mz200_02_05_TI_NM`, `mz200_02_05_TI_NF`, `mz200_02_05_TI_EM`, `mz200_02_05_TI_EF`, `mz200_02_05_TP_NM`, `mz200_02_05_TP_NP`, `mz200_02_05_TP_EM`, `mz200_02_05_TP_EF`, `mz200_02_06_TI_NM`, `mz200_02_06_TI_NF`, `mz200_02_06_TI_EM`, `mz200_02_06_TI_EF`, `mz200_02_06_TP_NM`, `mz200_02_06_TP_NP`, `mz200_02_06_TP_EM`, `mz200_02_06_TP_EF`, `mz200_02_07_TI_NM`, `mz200_02_07_TI_NF`, `mz200_02_07_TI_EM`, `mz200_02_07_TI_EF`, `mz200_02_07_TP_NM`, `mz200_02_07_TP_NP`, `mz200_02_07_TP_EM`, `mz200_02_07_TP_EF`, `mz200_02_08_TI_NM`, `mz200_02_08_TI_NF`, `mz200_02_08_TI_EM`, `mz200_02_08_TI_EF`, `mz200_02_08_TP_NM`, `mz200_02_08_TP_NP`, `mz200_02_08_TP_EM`, `mz200_02_08_TP_EF`, `mz200_02_09_TI_NM`, `mz200_02_09_TI_NF`, `mz200_02_09_TI_EM`, `mz200_02_09_TI_EF`, `mz200_02_09_TP_NM`, `mz200_02_09_TP_NP`, `mz200_02_09_TP_EM`, `mz200_02_09_TP_EF`, `mz200_02_10_TI_NM`, `mz200_02_10_TI_NF`, `mz200_02_10_TI_EM`, `mz200_02_10_TI_EF`, `mz200_02_10_TP_NM`, `mz200_02_10_TP_NP`, `mz200_02_10_TP_EM`, `mz200_02_10_TP_EF`, `mz200_02_11_TI_NM`, `mz200_02_11_TI_NF`, `mz200_02_11_TI_EM`, `mz200_02_11_TI_EF`, `mz200_02_11_TP_NM`, `mz200_02_11_TP_NP`, `mz200_02_11_TP_EM`, `mz200_02_11_TP_EF`, `mz200_03_00_TI_NM`, `mz200_03_00_TI_NF`, `mz200_03_00_TI_EM`, `mz200_03_00_TI_EF`, `mz200_03_00_TP_NM`, `mz200_03_00_TP_NP`, `mz200_03_00_TP_EM`, `mz200_03_00_TP_EF`, `mz200_04_00_TI_NM`, `mz200_04_00_TI_NF`, `mz200_04_00_TI_EM`, `mz200_04_00_TI_EF`, `mz200_04_00_TP_NM`, `mz200_04_00_TP_NP`, `mz200_04_00_TP_EM`, `mz200_04_00_TP_EF`, `mz200_05_00_TI_NM`, `mz200_05_00_TI_NF`, `mz200_05_00_TI_EM`, `mz200_05_00_TI_EF`, `mz200_05_00_TP_NM`, `mz200_05_00_TP_NP`, `mz200_05_00_TP_EM`, `mz200_05_00_TP_EF`, `mz200_06_00_TI_NM`, `mz200_06_00_TI_NF`, `mz200_06_00_TI_EM`, `mz200_06_00_TI_EF`, `mz200_06_00_TP_NM`, `mz200_06_00_TP_NP`, `mz200_06_00_TP_EM`, `mz200_06_00_TP_EF`, `mz200_07_00_TI_NM`, `mz200_07_00_TI_NF`, `mz200_07_00_TI_EM`, `mz200_07_00_TI_EF`, `mz200_07_00_TP_NM`, `mz200_07_00_TP_NP`, `mz200_07_00_TP_EM`, `mz200_07_00_TP_EF`, `mz200_08_00_TI_NM`, `mz200_08_00_TI_NF`, `mz200_08_00_TI_EM`, `mz200_08_00_TI_EF`, `mz200_08_00_TP_NM`, `mz200_08_00_TP_NP`, `mz200_08_00_TP_EM`, `mz200_08_00_TP_EF`, `mz200_09_00_TI_NM`, `mz200_09_00_TI_NF`, `mz200_09_00_TI_EM`, `mz200_09_00_TI_EF`, `mz200_09_00_TP_NM`, `mz200_09_00_TP_NP`, `mz200_09_00_TP_EM`, `mz200_09_00_TP_EF`, `mz200_10_00_TI_NM`, `mz200_10_00_TI_NF`, `mz200_10_00_TI_EM`, `mz200_10_00_TI_EF`, `mz200_10_00_TP_NM`, `mz200_10_00_TP_NP`, `mz200_10_00_TP_EM`, `mz200_10_00_TP_EF`, `mz200_11_00_TI_NM`, `mz200_11_00_TI_NF`, `mz200_11_00_TI_EM`, `mz200_11_00_TI_EF`, `mz200_11_00_TP_NM`, `mz200_11_00_TP_NP`, `mz200_11_00_TP_EM`, `mz200_11_00_TP_EF`, `mz200_12_00_TI_NM`, `mz200_12_00_TI_NF`, `mz200_12_00_TI_EM`, `mz200_12_00_TI_EF`, `mz200_12_00_TP_NM`, `mz200_12_00_TP_NP`, `mz200_12_00_TP_EM`, `mz200_12_00_TP_EF`, `mz200_13_00_TI_NM`, `mz200_13_00_TI_NF`, `mz200_13_00_TI_EM`, `mz200_13_00_TI_EF`, `mz200_13_00_TP_NM`, `mz200_13_00_TP_NP`, `mz200_13_00_TP_EM`, `mz200_13_00_TP_EF`, `mz200_14_00_TI_NM`, `mz200_14_00_TI_NF`, `mz200_14_00_TI_EM`, `mz200_14_00_TI_EF`, `mz200_14_00_TP_NM`, `mz200_14_00_TP_NP`, `mz200_14_00_TP_EM`, `mz200_14_00_TP_EF`, `mz200_15_00_TI_NM`, `mz200_15_00_TI_NF`, `mz200_15_00_TI_EM`, `mz200_15_00_TI_EF`, `mz200_15_00_TP_NM`, `mz200_15_00_TP_NP`, `mz200_15_00_TP_EM`, `mz200_15_00_TP_EF`, `mz200_16_00_TI_NM`, `mz200_16_00_TI_NF`, `mz200_16_00_TI_EM`, `mz200_16_00_TI_EF`, `mz200_16_00_TP_NM`, `mz200_16_00_TP_NP`, `mz200_16_00_TP_EM`, `mz200_16_00_TP_EF`, `mz200_17_00_TI_NM`, `mz200_17_00_TI_NF`, `mz200_17_00_TI_EM`, `mz200_17_00_TI_EF`, `mz200_17_00_TP_NM`, `mz200_17_00_TP_NP`, `mz200_17_00_TP_EM`, `mz200_17_00_TP_EF`, `mz200_18_00_TI_NM`, `mz200_18_00_TI_NF`, `mz200_18_00_TI_EM`, `mz200_18_00_TI_EF`, `mz200_18_00_TP_NM`, `mz200_18_00_TP_NP`, `mz200_18_00_TP_EM`, `mz200_18_00_TP_EF`, `mz200_19_00_TI_NM`, `mz200_19_00_TI_NF`, `mz200_19_00_TI_EM`, `mz200_19_00_TI_EF`, `mz200_19_00_TP_NM`, `mz200_19_00_TP_NP`, `mz200_19_00_TP_EM`, `mz200_19_00_TP_EF`, `mz200_20_00_TI_NM`, `mz200_20_00_TI_NF`, `mz200_20_00_TI_EM`, `mz200_20_00_TI_EF`, `mz200_20_00_TP_NM`, `mz200_20_00_TP_NP`, `mz200_20_00_TP_EM`, `mz200_20_00_TP_EF`, `mz200_21_00_TI_NM`, `mz200_21_00_TI_NF`, `mz200_21_00_TI_EM`, `mz200_21_00_TI_EF`, `mz200_21_00_TP_NM`, `mz200_21_00_TP_NP`, `mz200_21_00_TP_EM`, `mz200_21_00_TP_EF`, `mz200_22_00_TI_NM`, `mz200_22_00_TI_NF`, `mz200_22_00_TI_EM`, `mz200_22_00_TI_EF`, `mz200_22_00_TP_NM`, `mz200_22_00_TP_NP`, `mz200_22_00_TP_EM`, `mz200_22_00_TP_EF`, `mz200_23_00_TI_NM`, `mz200_23_00_TI_NF`, `mz200_23_00_TI_EM`, `mz200_23_00_TI_EF`, `mz200_23_00_TP_NM`, `mz200_23_00_TP_NP`, `mz200_23_00_TP_EM`, `mz200_23_00_TP_EF`, `mz200_24_00_TI_NM`, `mz200_24_00_TI_NF`, `mz200_24_00_TI_EM`, `mz200_24_00_TI_EF`, `mz200_24_00_TP_NM`, `mz200_24_00_TP_NP`, `mz200_24_00_TP_EM`, `mz200_24_00_TP_EF`, `mz200_25_00_TI_NM`, `mz200_25_00_TI_NF`, `mz200_25_00_TI_EM`, `mz200_25_00_TI_EF`, `mz200_25_00_TP_NM`, `mz200_25_00_TP_NP`, `mz200_25_00_TP_EM`, `mz200_25_00_TP_EF`, `mz200_26_00_TI_NM`, `mz200_26_00_TI_NF`, `mz200_26_00_TI_EM`, `mz200_26_00_TI_EF`, `mz200_26_00_TP_NM`, `mz200_26_00_TP_NP`, `mz200_26_00_TP_EM`, `mz200_26_00_TP_EF`, `mz200_27_00_TI_NM`, `mz200_27_00_TI_NF`, `mz200_27_00_TI_EM`, `mz200_27_00_TI_EF`, `mz200_27_00_TP_NM`, `mz200_27_00_TP_NP`, `mz200_27_00_TP_EM`, `mz200_27_00_TP_EF`, `mz200_28_00_TI_NM`, `mz200_28_00_TI_NF`, `mz200_28_00_TI_EM`, `mz200_28_00_TI_EF`, `mz200_28_00_TP_NM`, `mz200_28_00_TP_NP`, `mz200_28_00_TP_EM`, `mz200_28_00_TP_EF`, `mz200_29_00_TI_NM`, `mz200_29_00_TI_NF`, `mz200_29_00_TI_EM`, `mz200_29_00_TI_EF`, `mz200_29_00_TP_NM`, `mz200_29_00_TP_NP`, `mz200_29_00_TP_EM`, `mz200_29_00_TP_EF`, `mz200_30_00_TI_NM`, `mz200_30_00_TI_NF`, `mz200_30_00_TI_EM`, `mz200_30_00_TI_EF`, `mz200_30_00_TP_NM`, `mz200_30_00_TP_NP`, `mz200_30_00_TP_EM`, `mz200_30_00_TP_EF`, `mz200_31_00_TI_NM`, `mz200_31_00_TI_NF`, `mz200_31_00_TI_EM`, `mz200_31_00_TI_EF`, `mz200_31_00_TP_NM`, `mz200_31_00_TP_NP`, `mz200_31_00_TP_EM`, `mz200_31_00_TP_EF`, `mz200_32_00_TI_NM`, `mz200_32_00_TI_NF`, `mz200_32_00_TI_EM`, `mz200_32_00_TI_EF`, `mz200_32_00_TP_NM`, `mz200_32_00_TP_NP`, `mz200_32_00_TP_EM`, `mz200_32_00_TP_EF`, `mz200_33_00_TI_NM`, `mz200_33_00_TI_NF`, `mz200_33_00_TI_EM`, `mz200_33_00_TI_EF`, `mz200_33_00_TP_NM`, `mz200_33_00_TP_NP`, `mz200_33_00_TP_EM`, `mz200_33_00_TP_EF`, `mz200_34_00_TI_NM`, `mz200_34_00_TI_NF`, `mz200_34_00_TI_EM`, `mz200_34_00_TI_EF`, `mz200_34_00_TP_NM`, `mz200_34_00_TP_NP`, `mz200_34_00_TP_EM`, `mz200_34_00_TP_EF`, `mz200_35_00_TI_NM`, `mz200_35_00_TI_NF`, `mz200_35_00_TI_EM`, `mz200_35_00_TI_EF`, `mz200_35_00_TP_NM`, `mz200_35_00_TP_NP`, `mz200_35_00_TP_EM`, `mz200_35_00_TP_EF`, `mz200_36_00_TI_NM`, `mz200_36_00_TI_NF`, `mz200_36_00_TI_EM`, `mz200_36_00_TI_EF`, `mz200_36_00_TP_NM`, `mz200_36_00_TP_NP`, `mz200_36_00_TP_EM`, `mz200_36_00_TP_EF`, `mz200_37_00_TI_NM`, `mz200_37_00_TI_NF`, `mz200_37_00_TI_EM`, `mz200_37_00_TI_EF`, `mz200_37_00_TP_NM`, `mz200_37_00_TP_NP`, `mz200_37_00_TP_EM`, `mz200_37_00_TP_EF`, `mz200_38_00_TI_NM`, `mz200_38_00_TI_NF`, `mz200_38_00_TI_EM`, `mz200_38_00_TI_EF`, `mz200_38_00_TP_NM`, `mz200_38_00_TP_NP`, `mz200_38_00_TP_EM`, `mz200_38_00_TP_EF`, `mz200_39_00_TI_NM`, `mz200_39_00_TI_NF`, `mz200_39_00_TI_EM`, `mz200_39_00_TI_EF`, `mz200_39_00_TP_NM`, `mz200_39_00_TP_NP`, `mz200_39_00_TP_EM`, `mz200_39_00_TP_EF`, `mz200_40_00_TI_NM`, `mz200_40_00_TI_NF`, `mz200_40_00_TI_EM`, `mz200_40_00_TI_EF`, `mz200_40_00_TP_NM`, `mz200_40_00_TP_NP`, `mz200_40_00_TP_EM`, `mz200_40_00_TP_EF`, `mz200_41_00_TI_NM`, `mz200_41_00_TI_NF`, `mz200_41_00_TI_EM`, `mz200_41_00_TI_EF`, `mz200_41_00_TP_NM`, `mz200_41_00_TP_NP`, `mz200_41_00_TP_EM`, `mz200_41_00_TP_EF`, `mz200_42_00_TI_NM`, `mz200_42_00_TI_NF`, `mz200_42_00_TI_EM`, `mz200_42_00_TI_EF`, `mz200_42_00_TP_NM`, `mz200_42_00_TP_NP`, `mz200_42_00_TP_EM`, `mz200_42_00_TP_EF`, `mz200_43_00_TI_NM`, `mz200_43_00_TI_NF`, `mz200_43_00_TI_EM`, `mz200_43_00_TI_EF`, `mz200_43_00_TP_NM`, `mz200_43_00_TP_NP`, `mz200_43_00_TP_EM`, `mz200_43_00_TP_EF`, `mz200_44_00_TI_NM`, `mz200_44_00_TI_NF`, `mz200_44_00_TI_EM`, `mz200_44_00_TI_EF`, `mz200_44_00_TP_NM`, `mz200_44_00_TP_NP`, `mz200_44_00_TP_EM`, `mz200_44_00_TP_EF`, `mz200_45_00_TI_NM`, `mz200_45_00_TI_NF`, `mz200_45_00_TI_EM`, `mz200_45_00_TI_EF`, `mz200_45_00_TP_NM`, `mz200_45_00_TP_NP`, `mz200_45_00_TP_EM`, `mz200_45_00_TP_EF`, `mz200_46_00_TI_NM`, `mz200_46_00_TI_NF`, `mz200_46_00_TI_EM`, `mz200_46_00_TI_EF`, `mz200_46_00_TP_NM`, `mz200_46_00_TP_NP`, `mz200_46_00_TP_EM`, `mz200_46_00_TP_EF`, `mz200_47_00_TI_NM`, `mz200_47_00_TI_NF`, `mz200_47_00_TI_EM`, `mz200_47_00_TI_EF`, `mz200_47_00_TP_NM`, `mz200_47_00_TP_NP`, `mz200_47_00_TP_EM`, `mz200_47_00_TP_EF`, `mz200_48_00_TI_NM`, `mz200_48_00_TI_NF`, `mz200_48_00_TI_EM`, `mz200_48_00_TI_EF`, `mz200_48_00_TP_NM`, `mz200_48_00_TP_NP`, `mz200_48_00_TP_EM`, `mz200_48_00_TP_EF`, `mz200_49_00_TI_NM`, `mz200_49_00_TI_NF`, `mz200_49_00_TI_EM`, `mz200_49_00_TI_EF`, `mz200_49_00_TP_NM`, `mz200_49_00_TP_NP`, `mz200_49_00_TP_EM`, `mz200_49_00_TP_EF`, `mz200_50_00_TI_NM`, `mz200_50_00_TI_NF`, `mz200_50_00_TI_EM`, `mz200_50_00_TI_EF`, `mz200_50_00_TP_NM`, `mz200_50_00_TP_NP`, `mz200_50_00_TP_EM`, `mz200_50_00_TP_EF`, `mz200_51_00_TI_NM`, `mz200_51_00_TI_NF`, `mz200_51_00_TI_EM`, `mz200_51_00_TI_EF`, `mz200_51_00_TP_NM`, `mz200_51_00_TP_NP`, `mz200_51_00_TP_EM`, `mz200_51_00_TP_EF`) VALUES
(1, 1, '2017-01-25', 'Aaaaaaaaass', 'Bbbbbbbbbh', 0, 'abc', 'Fyuhfdety', 11, 'Ffffffff', 0, 'Hhhhhhh', 'Jjjjjjjj', 'Asdfghhjj', 'Cguhgdwethh', 5, 3, 3, 8, '2017-01-24', '2011-08-19', '2011-08-19', '2006-05-02', '2007-03-13', 1, 8, '1,3,5,10,11,12', 100, -25.9529, 32.6058, 0, 0, 0, 0, 0, 0, 0, 0, 0, 0, 0, 0, 0, 0, 0, 0, 0, 0, 0, 0, 0, 0, 0, 0, 0, 0, 0, 0, 0, 0, 0, 0, 0, 0, 0, 0, 0, 0, 0, 0, 0, 0, 0, 0, 0, 0, 0, 0, 0, 0, 0, 0, 0, 0, 0, 0, 0, 0, 0, 0, 0, 0, 0, 0, 0, 0, 0, 0, 0, 0, 0, 0, 0, 0, 0, 0, 0, 0, 0, 0, 0, 0, 0, 0, 0, 0, 0, 0, 0, 0, 0, 0, 0, 0, 0, 0, 0, 0, 0, 0, 0, 0, 0, 0, 0, 0, 0, 0, 0, 0, 0, 0, 0, 0, 0, 0, 0, 0, 0, 0, 0, 0, 0, 0, 0, 0, 0, 0, 0, 0, 0, 0, 0, 0, 0, 0, 0, 0, 0, 0, 0, 0, 0, 0, 0, 0, 0, 0, 0, 0, 0, 0, 0, 0, 0, 0, 0, 0, 0, 0, 0, 0, 0, 0, 0, 0, 0, 0, 0, 0, 0, 0, 0, 0, 0, 0, 0, 0, 0, 0, 0, 0, 0, 0, 0, 0, 0, 0, 0, 0, 0, 0, 0, 0, 0, 0, 0, 0, 0, 0, 0, 0, 0, 0, 0, 0, 0, 0, 0, 0, 0, 0, 0, 0, 0, 0, 0, 0, 0, 0, 0, 0, 0, 0, 0, 0, 0, 0, 0, 0, 0, 0, 0, 0, 0, 0, 0, 0, 0, 0, 0, 0, 0, 0, 0, 0, 0, 0, 0, 0, 0, 0, 0, 0, 0, 0, 0, 0, 0, 0, 0, 0, 0, 0, 0, 0, 0, 0, 0, 0, 0, 0, 0, 0, 0, 0, 0, 0, 0, 0, 0, 0, 0, 0, 0, 0, 0, 0, 0, 0, 0, 0, 0, 0, 0, 0, 0, 0, 0, 0, 0, 0, 0, 0, 0, 0, 0, 0, 0, 0, 0, 0, 0, 0, 0, 0, 0, 0, 0, 0, 0, 0, 0, 0, 0, 0, 0, 0, 0, 0, 0, 0, 0, 0, 0, 0, 0, 0, 0, 0, 0, 0, 0, 0, 0, 0, 0, 0, 0, 0, 0, 0, 0, 0, 0, 0, 0, 0, 0, 0, 0, 0, 0, 0, 0, 0, 0, 0, 0, 0, 0, 0, 0, 0, 0, 0, 0, 0, 0, 0, 0, 0, 0, 0, 0, 0, 0, 0, 0, 0, 0, 0, 0, 0, 0, 0, 0, 0, 0, 0, 0, 0, 0, 0, 0, 0, 0, 0, 0, 0, 0, 0, 0, 0, 0, 0, 0, 0, 0, 0, 0, 0, 0, 0, 0, 0, 0, 0, 0, 0, 0, 0, 0, 0, 0, 0, 0, 0, 0, 0, 0, 0, 0, 0, 0, 0, 0, 0, 0, 0, 0, 0, 0, 0, 0, 0, 0, 0, 0, 0, 0, 0, 0, 0, 0, 0, 0, 0, 0, 0, 0, 0, 0, 0, 0, 0, 0, 0, 0, 0, 0, 0, 0, 0, 0, 0, 0, 0),
(2, 1, '2017-01-25', 'Aaaaaaaaass', 'Bbbbbbbbbh', 0, 'abc', 'Fyuhfdety', 11, 'Ffffffff', 0, 'Hhhhhhh', 'Jjjjjjjj', 'Asdfghhjj', 'Cguhgdwethh', 5, 3, 3, 8, '2017-01-24', '2011-08-19', '2011-08-19', '2006-05-02', '2007-03-13', 1, 8, '1,3,5,10,11,12', 100, -25.9529, 32.6058, 0, 0, 0, 0, 0, 0, 0, 0, 0, 0, 0, 0, 0, 0, 0, 0, 0, 0, 0, 0, 0, 0, 0, 0, 0, 0, 0, 0, 0, 0, 0, 0, 0, 0, 0, 0, 0, 0, 0, 0, 0, 0, 0, 0, 0, 0, 0, 0, 0, 0, 0, 0, 0, 0, 0, 0, 0, 0, 0, 0, 0, 0, 0, 0, 0, 0, 0, 0, 0, 0, 0, 0, 0, 0, 0, 0, 0, 0, 0, 0, 0, 0, 0, 0, 0, 0, 0, 0, 0, 0, 0, 0, 0, 0, 0, 0, 0, 0, 0, 0, 0, 0, 0, 0, 0, 0, 0, 0, 0, 0, 0, 0, 0, 0, 0, 0, 0, 0, 0, 0, 0, 0, 0, 0, 0, 0, 0, 0, 0, 0, 0, 0, 0, 0, 0, 0, 0, 0, 0, 0, 0, 0, 0, 0, 0, 0, 0, 0, 0, 0, 0, 0, 0, 0, 0, 0, 0, 0, 0, 0, 0, 0, 0, 0, 0, 0, 0, 0, 0, 0, 0, 0, 0, 0, 0, 0, 0, 0, 0, 0, 0, 0, 0, 0, 0, 0, 0, 0, 0, 0, 0, 0, 0, 0, 0, 0, 0, 0, 0, 0, 0, 0, 0, 0, 0, 0, 0, 0, 0, 0, 0, 0, 0, 0, 0, 0, 0, 0, 0, 0, 0, 0, 0, 0, 0, 0, 0, 0, 0, 0, 0, 0, 0, 0, 0, 0, 0, 0, 0, 0, 0, 0, 0, 0, 0, 0, 0, 0, 0, 0, 0, 0, 0, 0, 0, 0, 0, 0, 0, 0, 0, 0, 0, 0, 0, 0, 0, 0, 0, 0, 0, 0, 0, 0, 0, 0, 0, 0, 0, 0, 0, 0, 0, 0, 0, 0, 0, 0, 0, 0, 0, 0, 0, 0, 0, 0, 0, 0, 0, 0, 0, 0, 0, 0, 0, 0, 0, 0, 0, 0, 0, 0, 0, 0, 0, 0, 0, 0, 0, 0, 0, 0, 0, 0, 0, 0, 0, 0, 0, 0, 0, 0, 0, 0, 0, 0, 0, 0, 0, 0, 0, 0, 0, 0, 0, 0, 0, 0, 0, 0, 0, 0, 0, 0, 0, 0, 0, 0, 0, 0, 0, 0, 0, 0, 0, 0, 0, 0, 0, 0, 0, 0, 0, 0, 0, 0, 0, 0, 0, 0, 0, 0, 0, 0, 0, 0, 0, 0, 0, 0, 0, 0, 0, 0, 0, 0, 0, 0, 0, 0, 0, 0, 0, 0, 0, 0, 0, 0, 0, 0, 0, 0, 0, 0, 0, 0, 0, 0, 0, 0, 0, 0, 0, 0, 0, 0, 0, 0, 0, 0, 0, 0, 0, 0, 0, 0, 0, 0, 0, 0, 0, 0, 0, 0, 0, 0, 0, 0, 0, 0, 0, 0, 0, 0, 0, 0, 0, 0, 0, 0, 0, 0, 0, 0, 0, 0, 0, 0, 0, 0, 0, 0, 0, 0, 0, 0, 0, 0, 0, 0, 0, 0, 0, 0, 0, 0, 0, 0),
(3, 1, '2017-02-01', 'Abcde', 'Fictícia', 0, 'Fict', 'Imprecisa', 9, 'Falso', 0, 'Qualquer', 'Desconhecido', 'Rua não sei', 'Fulano', 7, 4, 19, 6, '2006-04-18', '2007-02-01', '2012-06-10', '2015-07-12', '2017-02-01', 0, 13, '1,3,5,10,11,12', 0, -25.9529, 32.6058, 0, 0, 0, 0, 0, 0, 0, 0, 0, 0, 0, 0, 0, 0, 0, 0, 0, 0, 0, 0, 0, 0, 0, 0, 0, 0, 0, 0, 0, 0, 0, 0, 0, 0, 0, 0, 0, 0, 0, 0, 0, 0, 0, 0, 0, 0, 0, 0, 0, 0, 0, 0, 0, 0, 0, 0, 0, 0, 0, 0, 0, 0, 0, 0, 0, 0, 0, 0, 0, 0, 0, 0, 0, 0, 0, 0, 0, 0, 0, 0, 0, 0, 0, 0, 0, 0, 0, 0, 0, 0, 0, 0, 0, 0, 0, 0, 0, 0, 0, 0, 0, 0, 0, 0, 0, 0, 0, 0, 0, 0, 0, 0, 0, 0, 0, 0, 0, 0, 0, 0, 0, 0, 0, 0, 0, 0, 0, 0, 0, 0, 0, 0, 0, 0, 0, 0, 0, 0, 0, 0, 0, 0, 0, 0, 0, 0, 0, 0, 0, 0, 0, 0, 0, 0, 0, 0, 0, 0, 0, 0, 0, 0, 0, 0, 0, 0, 0, 0, 0, 0, 0, 0, 0, 0, 0, 0, 0, 0, 0, 0, 0, 0, 0, 0, 0, 0, 0, 0, 0, 0, 0, 0, 0, 0, 0, 0, 0, 0, 0, 0, 0, 0, 0, 0, 0, 0, 0, 0, 0, 0, 0, 0, 0, 0, 0, 0, 0, 0, 0, 0, 0, 0, 0, 0, 0, 0, 0, 0, 0, 0, 0, 0, 0, 0, 0, 0, 0, 0, 0, 0, 0, 0, 0, 0, 0, 0, 0, 0, 0, 0, 0, 0, 0, 0, 0, 0, 0, 0, 0, 0, 0, 0, 0, 0, 0, 0, 0, 0, 0, 0, 0, 0, 0, 0, 0, 0, 0, 0, 0, 0, 0, 0, 0, 0, 0, 0, 0, 0, 0, 0, 0, 0, 0, 0, 0, 0, 0, 0, 0, 0, 0, 0, 0, 0, 0, 0, 0, 0, 0, 0, 0, 0, 0, 0, 0, 0, 0, 0, 0, 0, 0, 0, 0, 0, 0, 0, 0, 0, 0, 0, 0, 0, 0, 0, 0, 0, 0, 0, 0, 0, 0, 0, 0, 0, 0, 0, 0, 0, 0, 0, 0, 0, 0, 0, 0, 0, 0, 0, 0, 0, 0, 0, 0, 0, 0, 0, 0, 0, 0, 0, 0, 0, 0, 0, 0, 0, 0, 0, 0, 0, 0, 0, 0, 0, 0, 0, 0, 0, 0, 0, 0, 0, 0, 0, 0, 0, 0, 0, 0, 0, 0, 0, 0, 0, 0, 0, 0, 0, 0, 0, 0, 0, 0, 0, 0, 0, 0, 0, 0, 0, 0, 0, 0, 0, 0, 0, 0, 0, 0, 0, 0, 0, 0, 0, 0, 0, 0, 0, 0, 0, 0, 0, 0, 0, 0, 0, 0, 0, 0, 0, 0, 0, 0, 0, 0, 0, 0, 0, 0, 0, 0, 0, 0, 0, 0, 0, 0, 0, 0, 0, 0, 0, 0, 0, 0, 0, 0, 0, 0, 0, 0, 0, 0, 0, 0, 0, 0, 0),
(4, 1, '2017-02-06', 'Kgzjfzktx', 'Kfxixitx', 0, 'Hdjrz', 'Jzjtzktxktxitx', 8, 'Jfzjfxirx', 0, 'Jfxirx', 'Jtxirxi', 'Itxitxitx', 'Otcotcotco', 18, 3, 18, 6, '2017-02-06', '2017-02-06', '2017-02-06', '2017-02-06', '2017-02-06', 0, 32, '1,3,5,10,11,12', 12, -25.9532, 32.6056, 0, 0, 0, 0, 0, 0, 0, 0, 0, 0, 0, 0, 0, 0, 0, 0, 0, 0, 0, 0, 0, 0, 0, 0, 0, 0, 0, 0, 0, 0, 0, 0, 0, 0, 0, 0, 0, 0, 0, 0, 0, 0, 0, 0, 0, 0, 0, 0, 0, 0, 0, 0, 0, 0, 0, 0, 0, 0, 0, 0, 0, 0, 0, 0, 0, 0, 0, 0, 0, 0, 0, 0, 0, 0, 0, 0, 0, 0, 0, 0, 0, 0, 0, 0, 0, 0, 0, 0, 0, 0, 0, 0, 0, 0, 0, 0, 0, 0, 0, 0, 0, 0, 0, 0, 0, 0, 0, 0, 0, 0, 0, 0, 0, 0, 0, 0, 0, 0, 0, 0, 0, 0, 0, 0, 0, 0, 0, 0, 0, 0, 0, 0, 0, 0, 0, 0, 0, 0, 0, 0, 0, 0, 0, 0, 0, 0, 0, 0, 0, 0, 0, 0, 0, 0, 0, 0, 0, 0, 0, 0, 0, 0, 0, 0, 0, 0, 0, 0, 0, 0, 0, 0, 0, 0, 0, 0, 0, 0, 0, 0, 0, 0, 0, 0, 0, 0, 0, 0, 0, 0, 0, 0, 0, 0, 0, 0, 0, 0, 0, 0, 0, 0, 0, 0, 0, 0, 0, 0, 0, 0, 0, 0, 0, 0, 0, 0, 0, 0, 0, 0, 0, 0, 0, 0, 0, 0, 0, 0, 0, 0, 0, 0, 0, 0, 0, 0, 0, 0, 0, 0, 0, 0, 0, 0, 0, 0, 0, 0, 0, 0, 0, 0, 0, 0, 0, 0, 0, 0, 0, 0, 0, 0, 0, 0, 0, 0, 0, 0, 0, 0, 0, 0, 0, 0, 0, 0, 0, 0, 0, 0, 0, 0, 0, 0, 0, 0, 0, 0, 0, 0, 0, 0, 0, 0, 0, 0, 0, 0, 0, 0, 0, 0, 0, 0, 0, 0, 0, 0, 0, 0, 0, 0, 0, 0, 0, 0, 0, 0, 0, 0, 0, 0, 0, 0, 0, 0, 0, 0, 0, 0, 0, 0, 0, 0, 0, 0, 0, 0, 0, 0, 0, 0, 0, 0, 0, 0, 0, 0, 0, 0, 0, 0, 0, 0, 0, 0, 0, 0, 0, 0, 0, 0, 0, 0, 0, 0, 0, 0, 0, 0, 0, 0, 0, 0, 0, 0, 0, 0, 0, 0, 0, 0, 0, 0, 0, 0, 0, 0, 0, 0, 0, 0, 0, 0, 0, 0, 0, 0, 0, 0, 0, 0, 0, 0, 0, 0, 0, 0, 0, 0, 0, 0, 0, 0, 0, 0, 0, 0, 0, 0, 0, 0, 0, 0, 0, 0, 0, 0, 0, 0, 0, 0, 0, 0, 0, 0, 0, 0, 0, 0, 0, 0, 0, 0, 0, 0, 0, 0, 0, 0, 0, 0, 0, 0, 0, 0, 0, 0, 0, 0, 0, 0, 0, 0, 0, 0, 0, 0, 0, 0, 0, 0, 0, 0, 0, 0, 0, 0, 0, 0, 0, 0, 0, 0, 0, 0, 0, 0),
(5, 1, '2017-02-11', 'prova 100219 01', 'fgh', 0, 'ddd', 'jyvjyvyuvuyvu', 6, 'htvuyvuyv', 0, 'htvytvytvytv', 'hgvjgvhvhg', 'hgvhgvhg hg', 'jg jh jh jh ', 1, 1, 1, 1, '2017-02-11', '2009-08-04', '2017-02-11', '2017-02-11', '2017-02-11', 0, 1, '1,3,5,10,11,12', 0, -25.9528, 32.606, 0, 0, 0, 0, 0, 0, 0, 0, 0, 0, 0, 0, 0, 0, 0, 0, 0, 0, 0, 0, 0, 0, 0, 0, 0, 0, 0, 0, 0, 0, 0, 0, 0, 0, 0, 0, 0, 0, 0, 0, 0, 0, 0, 0, 0, 0, 0, 0, 0, 0, 0, 0, 0, 0, 0, 0, 0, 0, 0, 0, 0, 0, 0, 0, 0, 0, 0, 0, 0, 0, 0, 0, 0, 0, 0, 0, 0, 0, 0, 0, 0, 0, 0, 0, 0, 0, 0, 0, 0, 0, 0, 0, 0, 0, 0, 0, 0, 0, 0, 0, 0, 0, 0, 0, 0, 0, 0, 0, 0, 0, 0, 0, 0, 0, 0, 0, 0, 0, 0, 0, 0, 0, 0, 0, 0, 0, 0, 0, 0, 0, 0, 0, 0, 0, 0, 0, 0, 0, 0, 0, 0, 0, 0, 0, 0, 0, 0, 0, 0, 0, 0, 0, 0, 0, 0, 0, 0, 0, 0, 0, 0, 0, 0, 0, 0, 0, 0, 0, 0, 0, 0, 0, 0, 0, 0, 0, 0, 0, 0, 0, 0, 0, 0, 0, 0, 0, 0, 0, 0, 0, 0, 0, 0, 0, 0, 0, 0, 0, 0, 0, 0, 0, 0, 0, 0, 0, 0, 0, 0, 0, 0, 0, 0, 0, 0, 0, 0, 0, 0, 0, 0, 0, 0, 0, 0, 0, 0, 0, 0, 0, 0, 0, 0, 0, 0, 0, 0, 0, 0, 0, 0, 0, 0, 0, 0, 0, 0, 0, 0, 0, 0, 0, 0, 0, 0, 0, 0, 0, 0, 0, 0, 0, 0, 0, 0, 0, 0, 0, 0, 0, 0, 0, 0, 0, 0, 0, 0, 0, 0, 0, 0, 0, 0, 0, 0, 0, 0, 0, 0, 0, 0, 0, 0, 0, 0, 0, 0, 0, 0, 0, 0, 0, 0, 0, 0, 0, 0, 0, 0, 0, 0, 0, 0, 0, 0, 0, 0, 0, 0, 0, 0, 0, 0, 0, 0, 0, 0, 0, 0, 0, 0, 0, 0, 0, 0, 0, 0, 0, 0, 0, 0, 0, 0, 0, 0, 0, 0, 0, 0, 0, 0, 0, 0, 0, 0, 0, 0, 0, 0, 0, 0, 0, 0, 0, 0, 0, 0, 0, 0, 0, 0, 0, 0, 0, 0, 0, 0, 0, 0, 0, 0, 0, 0, 0, 0, 0, 0, 0, 0, 0, 0, 0, 0, 0, 0, 0, 0, 0, 0, 0, 0, 0, 0, 0, 0, 0, 0, 0, 0, 0, 0, 0, 0, 0, 0, 0, 0, 0, 0, 0, 0, 0, 0, 0, 0, 0, 0, 0, 0, 0, 0, 0, 0, 0, 0, 0, 0, 0, 0, 0, 0, 0, 0, 0, 0, 0, 0, 0, 0, 0, 0, 0, 0, 0, 0, 0, 0, 0, 0, 0, 0, 0, 0, 0, 0, 0, 0, 0, 0, 0, 0, 0, 0, 0, 0, 0, 0, 0, 0, 0, 0, 0, 0, 0, 0, 0, 0, 0),
(6, 1, '2017-02-11', 'jhvj', 'prova 110217 01', 0, 'jhbjh jh ', 'kh khbkh ', 11, 'kubkubkb', 0, 'jh jh ', 'jh j hj ', 'jyvjyvj', 'jh jh jh ', 12, 1, 1, 1, '2017-02-11', '2017-02-11', '2017-02-11', '2017-02-11', '2017-02-11', 1, 1, '1,3,5,10,11,12', 0, -25.9528, 32.606, 0, 0, 0, 0, 0, 0, 0, 0, 0, 0, 0, 0, 0, 0, 0, 0, 0, 0, 0, 0, 0, 0, 0, 0, 0, 0, 0, 0, 0, 0, 0, 0, 0, 0, 0, 0, 0, 0, 0, 0, 0, 0, 0, 0, 0, 0, 0, 0, 0, 0, 0, 0, 0, 0, 0, 0, 0, 0, 0, 0, 0, 0, 0, 0, 0, 0, 0, 0, 0, 0, 0, 0, 0, 0, 0, 0, 0, 0, 0, 0, 0, 0, 0, 0, 0, 0, 0, 0, 0, 0, 0, 0, 0, 0, 0, 0, 0, 0, 0, 0, 0, 0, 0, 0, 0, 0, 0, 0, 0, 0, 0, 0, 0, 0, 0, 0, 0, 0, 0, 0, 0, 0, 0, 0, 0, 0, 0, 0, 0, 0, 0, 0, 0, 0, 0, 0, 0, 0, 0, 0, 0, 0, 0, 0, 0, 0, 0, 0, 0, 0, 0, 0, 0, 0, 0, 0, 0, 0, 0, 0, 0, 0, 0, 0, 0, 0, 0, 0, 0, 0, 0, 0, 0, 0, 0, 0, 0, 0, 0, 0, 0, 0, 0, 0, 0, 0, 0, 0, 0, 0, 0, 0, 0, 0, 0, 0, 0, 0, 0, 0, 0, 0, 0, 0, 0, 0, 0, 0, 0, 0, 0, 0, 0, 0, 0, 0, 0, 0, 0, 0, 0, 0, 0, 0, 0, 0, 0, 0, 0, 0, 0, 0, 0, 0, 0, 0, 0, 0, 0, 0, 0, 0, 0, 0, 0, 0, 0, 0, 0, 0, 0, 0, 0, 0, 0, 0, 0, 0, 0, 0, 0, 0, 0, 0, 0, 0, 0, 0, 0, 0, 0, 0, 0, 0, 0, 0, 0, 0, 0, 0, 0, 0, 0, 0, 0, 0, 0, 0, 0, 0, 0, 0, 0, 0, 0, 0, 0, 0, 0, 0, 0, 0, 0, 0, 0, 0, 0, 0, 0, 0, 0, 0, 0, 0, 0, 0, 0, 0, 0, 0, 0, 0, 0, 0, 0, 0, 0, 0, 0, 0, 0, 0, 0, 0, 0, 0, 0, 0, 0, 0, 0, 0, 0, 0, 0, 0, 0, 0, 0, 0, 0, 0, 0, 0, 0, 0, 0, 0, 0, 0, 0, 0, 0, 0, 0, 0, 0, 0, 0, 0, 0, 0, 0, 0, 0, 0, 0, 0, 0, 0, 0, 0, 0, 0, 0, 0, 0, 0, 0, 0, 0, 0, 0, 0, 0, 0, 0, 0, 0, 0, 0, 0, 0, 0, 0, 0, 0, 0, 0, 0, 0, 0, 0, 0, 0, 0, 0, 0, 0, 0, 0, 0, 0, 0, 0, 0, 0, 0, 0, 0, 0, 0, 0, 0, 0, 0, 0, 0, 0, 0, 0, 0, 0, 0, 0, 0, 0, 0, 0, 0, 0, 0, 0, 0, 0, 0, 0, 0, 0, 0, 0, 0, 0, 0, 0, 0, 0, 0, 0, 0, 0, 0, 0, 0, 0, 0, 0, 0, 0, 0, 0, 0, 0, 0, 0, 0, 0, 0),
(7, 1, '2017-02-11', 'Jfxixiifxti', '110217 02', 0, 'Jfx', 'Irxi', 9, 'Kfcitx', 0, 'Ieri ', 'Irxifif', 'Ifxirci', 'Jfxjfxri', 7, 2, 5, 7, '2017-02-11', '2017-02-11', '2017-02-11', '2017-02-11', '2017-02-11', 1, 4, '1,3,5,10,11,12', 0, -25.9528, 32.606, 0, 0, 0, 0, 0, 0, 0, 0, 0, 0, 0, 0, 0, 0, 0, 0, 0, 0, 0, 0, 0, 0, 0, 0, 0, 0, 0, 0, 0, 0, 0, 0, 0, 0, 0, 0, 0, 0, 0, 0, 0, 0, 0, 0, 0, 0, 0, 0, 0, 0, 0, 0, 0, 0, 0, 0, 0, 0, 0, 0, 0, 0, 0, 0, 0, 0, 0, 0, 0, 0, 0, 0, 0, 0, 0, 0, 0, 0, 0, 0, 0, 0, 0, 0, 0, 0, 0, 0, 0, 0, 0, 0, 0, 0, 0, 0, 0, 0, 0, 0, 0, 0, 0, 0, 0, 0, 0, 0, 0, 0, 0, 0, 0, 0, 0, 0, 0, 0, 0, 0, 0, 0, 0, 0, 0, 0, 0, 0, 0, 0, 0, 0, 0, 0, 0, 0, 0, 0, 0, 0, 0, 0, 0, 0, 0, 0, 0, 0, 0, 0, 0, 0, 0, 0, 0, 0, 0, 0, 0, 0, 0, 0, 0, 0, 0, 0, 0, 0, 0, 0, 0, 0, 0, 0, 0, 0, 0, 0, 0, 0, 0, 0, 0, 0, 0, 0, 0, 0, 0, 0, 0, 0, 0, 0, 0, 0, 0, 0, 0, 0, 0, 0, 0, 0, 0, 0, 0, 0, 0, 0, 0, 0, 0, 0, 0, 0, 0, 0, 0, 0, 0, 0, 0, 0, 0, 0, 0, 0, 0, 0, 0, 0, 0, 0, 0, 0, 0, 0, 0, 0, 0, 0, 0, 0, 0, 0, 0, 0, 0, 0, 0, 0, 0, 0, 0, 0, 0, 0, 0, 0, 0, 0, 0, 0, 0, 0, 0, 0, 0, 0, 0, 0, 0, 0, 0, 0, 0, 0, 0, 0, 0, 0, 0, 0, 0, 0, 0, 0, 0, 0, 0, 0, 0, 0, 0, 0, 0, 0, 0, 0, 0, 0, 0, 0, 0, 0, 0, 0, 0, 0, 0, 0, 0, 0, 0, 0, 0, 0, 0, 0, 0, 0, 0, 0, 0, 0, 0, 0, 0, 0, 0, 0, 0, 0, 0, 0, 0, 0, 0, 0, 0, 0, 0, 0, 0, 0, 0, 0, 0, 0, 0, 0, 0, 0, 0, 0, 0, 0, 0, 0, 0, 0, 0, 0, 0, 0, 0, 0, 0, 0, 0, 0, 0, 0, 0, 0, 0, 0, 0, 0, 0, 0, 0, 0, 0, 0, 0, 0, 0, 0, 0, 0, 0, 0, 0, 0, 0, 0, 0, 0, 0, 0, 0, 0, 0, 0, 0, 0, 0, 0, 0, 0, 0, 0, 0, 0, 0, 0, 0, 0, 0, 0, 0, 0, 0, 0, 0, 0, 0, 0, 0, 0, 0, 0, 0, 0, 0, 0, 0, 0, 0, 0, 0, 0, 0, 0, 0, 0, 0, 0, 0, 0, 0, 0, 0, 0, 0, 0, 0, 0, 0, 0, 0, 0, 0, 0, 0, 0, 0, 0, 0, 0, 0, 0, 0, 0, 0, 0, 0, 0, 0, 0, 0, 0, 0, 0, 0, 0),
(8, 1, '2017-02-13', 'hygvj', 'prova 130217 01', 0, 'jgvuvuyv', 'hyvhyv', 10, 'jhbjhbj', 0, 'jyvuyvuyvu', 'hgvhgvhgvh', 'hgvhgvhgvh', 'hg hg hg', 13, 3, 7, 12, '2017-02-13', '2017-02-13', '2017-02-13', '2017-02-13', '2017-02-13', 0, 31, '1,3,5,10,11,12', 0, -25.9529, 32.6061, 0, 0, 0, 0, 0, 0, 0, 0, 0, 0, 0, 0, 0, 0, 0, 0, 0, 0, 0, 0, 0, 0, 0, 0, 0, 0, 0, 0, 0, 0, 0, 0, 0, 0, 0, 0, 0, 0, 0, 0, 0, 0, 0, 0, 0, 0, 0, 0, 0, 0, 0, 0, 0, 0, 0, 0, 0, 0, 0, 0, 0, 0, 0, 0, 0, 0, 0, 0, 0, 0, 0, 0, 0, 0, 0, 0, 0, 0, 0, 0, 0, 0, 0, 0, 0, 0, 0, 0, 0, 0, 0, 0, 0, 0, 0, 0, 0, 0, 0, 0, 0, 0, 0, 0, 0, 0, 0, 0, 0, 0, 0, 0, 0, 0, 0, 0, 0, 0, 0, 0, 0, 0, 0, 0, 0, 0, 0, 0, 0, 0, 0, 0, 0, 0, 0, 0, 0, 0, 0, 0, 0, 0, 0, 0, 0, 0, 0, 0, 0, 0, 0, 0, 0, 0, 0, 0, 0, 0, 0, 0, 0, 0, 0, 0, 0, 0, 0, 0, 0, 0, 0, 0, 0, 0, 0, 0, 0, 0, 0, 0, 0, 0, 0, 0, 0, 0, 0, 0, 0, 0, 0, 0, 0, 0, 0, 0, 0, 0, 0, 0, 0, 0, 0, 0, 0, 0, 0, 0, 0, 0, 0, 0, 0, 0, 0, 0, 0, 0, 0, 0, 0, 0, 0, 0, 0, 0, 0, 0, 0, 0, 0, 0, 0, 0, 0, 0, 0, 0, 0, 0, 0, 0, 0, 0, 0, 0, 0, 0, 0, 0, 0, 0, 0, 0, 0, 0, 0, 0, 0, 0, 0, 0, 0, 0, 0, 0, 0, 0, 0, 0, 0, 0, 0, 0, 0, 0, 0, 0, 0, 0, 0, 0, 0, 0, 0, 0, 0, 0, 0, 0, 0, 0, 0, 0, 0, 0, 0, 0, 0, 0, 0, 0, 0, 0, 0, 0, 0, 0, 0, 0, 0, 0, 0, 0, 0, 0, 0, 0, 0, 0, 0, 0, 0, 0, 0, 0, 0, 0, 0, 0, 0, 0, 0, 0, 0, 0, 0, 0, 0, 0, 0, 0, 0, 0, 0, 0, 0, 0, 0, 0, 0, 0, 0, 0, 0, 0, 0, 0, 0, 0, 0, 0, 0, 0, 0, 0, 0, 0, 0, 0, 0, 0, 0, 0, 0, 0, 0, 0, 0, 0, 0, 0, 0, 0, 0, 0, 0, 0, 0, 0, 0, 0, 0, 0, 0, 0, 0, 0, 0, 0, 0, 0, 0, 0, 0, 0, 0, 0, 0, 0, 0, 0, 0, 0, 0, 0, 0, 0, 0, 0, 0, 0, 0, 0, 0, 0, 0, 0, 0, 0, 0, 0, 0, 0, 0, 0, 0, 0, 0, 0, 0, 0, 0, 0, 0, 0, 0, 0, 0, 0, 0, 0, 0, 0, 0, 0, 0, 0, 0, 0, 0, 0, 0, 0, 0, 0, 0, 0, 0, 0, 0, 0, 0, 0, 0, 0, 0, 0, 0, 0, 0, 0, 0, 0, 0, 0, 0, 0),
(9, 1, '2017-02-13', 'Ughfucuv', 'Prova Robby 130217 02', 0, 'Ugugu', 'Hvuvuvuv', 5, 'Juvuvu', 0, 'Uvuvuv', 'Uvuvuv', 'Ivivivu', 'Uvuguvu', 5, 3, 8, 6, '2017-02-13', '2017-02-13', '2017-02-13', '2017-02-13', '2017-02-13', 0, 7, '1,3,5,10,11,12', 0, -25.9528, 32.6059, 0, 0, 0, 0, 0, 0, 0, 0, 0, 0, 0, 0, 0, 0, 0, 0, 0, 0, 0, 0, 0, 0, 0, 0, 0, 0, 0, 0, 0, 0, 0, 0, 0, 0, 0, 0, 0, 0, 0, 0, 0, 0, 0, 0, 0, 0, 0, 0, 0, 0, 0, 0, 0, 0, 0, 0, 0, 0, 0, 0, 0, 0, 0, 0, 0, 0, 0, 0, 0, 0, 0, 0, 0, 0, 0, 0, 0, 0, 0, 0, 0, 0, 0, 0, 0, 0, 0, 0, 0, 0, 0, 0, 0, 0, 0, 0, 0, 0, 0, 0, 0, 0, 0, 0, 0, 0, 0, 0, 0, 0, 0, 0, 0, 0, 0, 0, 0, 0, 0, 0, 0, 0, 0, 0, 0, 0, 0, 0, 0, 0, 0, 0, 0, 0, 0, 0, 0, 0, 0, 0, 0, 0, 0, 0, 0, 0, 0, 0, 0, 0, 0, 0, 0, 0, 0, 0, 0, 0, 0, 0, 0, 0, 0, 0, 0, 0, 0, 0, 0, 0, 0, 0, 0, 0, 0, 0, 0, 0, 0, 0, 0, 0, 0, 0, 0, 0, 0, 0, 0, 0, 0, 0, 0, 0, 0, 0, 0, 0, 0, 0, 0, 0, 0, 0, 0, 0, 0, 0, 0, 0, 0, 0, 0, 0, 0, 0, 0, 0, 0, 0, 0, 0, 0, 0, 0, 0, 0, 0, 0, 0, 0, 0, 0, 0, 0, 0, 0, 0, 0, 0, 0, 0, 0, 0, 0, 0, 0, 0, 0, 0, 0, 0, 0, 0, 0, 0, 0, 0, 0, 0, 0, 0, 0, 0, 0, 0, 0, 0, 0, 0, 0, 0, 0, 0, 0, 0, 0, 0, 0, 0, 0, 0, 0, 0, 0, 0, 0, 0, 0, 0, 0, 0, 0, 0, 0, 0, 0, 0, 0, 0, 0, 0, 0, 0, 0, 0, 0, 0, 0, 0, 0, 0, 0, 0, 0, 0, 0, 0, 0, 0, 0, 0, 0, 0, 0, 0, 0, 0, 0, 0, 0, 0, 0, 0, 0, 0, 0, 0, 0, 0, 0, 0, 0, 0, 0, 0, 0, 0, 0, 0, 0, 0, 0, 0, 0, 0, 0, 0, 0, 0, 0, 0, 0, 0, 0, 0, 0, 0, 0, 0, 0, 0, 0, 0, 0, 0, 0, 0, 0, 0, 0, 0, 0, 0, 0, 0, 0, 0, 0, 0, 0, 0, 0, 0, 0, 0, 0, 0, 0, 0, 0, 0, 0, 0, 0, 0, 0, 0, 0, 0, 0, 0, 0, 0, 0, 0, 0, 0, 0, 0, 0, 0, 0, 0, 0, 0, 0, 0, 0, 0, 0, 0, 0, 0, 0, 0, 0, 0, 0, 0, 0, 0, 0, 0, 0, 0, 0, 0, 0, 0, 0, 0, 0, 0, 0, 0, 0, 0, 0, 0, 0, 0, 0, 0, 0, 0, 0, 0, 0, 0, 0, 0, 0, 0, 0, 0, 0, 0, 0, 0, 0, 0, 0, 0, 0, 0, 0, 0),
(10, 1, '2017-02-13', 'hygvj', 'prova 130217 01', 0, 'jgvuvuyv', 'hyvhyv', 10, 'jhbjhbj', 0, 'jyvuyvuyvu', 'hgvhgvhgvh', 'hgvhgvhgvh', 'hg hg hg', 13, 3, 7, 12, '2017-02-13', '2017-02-13', '2017-02-13', '2017-02-13', '2017-02-13', 0, 31, '1,3,5,10,11,12', 0, -25.9529, 32.6061, 0, 0, 0, 0, 0, 0, 0, 0, 0, 0, 0, 0, 0, 0, 0, 0, 0, 0, 0, 0, 0, 0, 0, 0, 0, 0, 0, 0, 0, 0, 0, 0, 0, 0, 0, 0, 0, 0, 0, 0, 0, 0, 0, 0, 0, 0, 0, 0, 0, 0, 0, 0, 0, 0, 0, 0, 0, 0, 0, 0, 0, 0, 0, 0, 0, 0, 0, 0, 0, 0, 0, 0, 0, 0, 0, 0, 0, 0, 0, 0, 0, 0, 0, 0, 0, 0, 0, 0, 0, 0, 0, 0, 0, 0, 0, 0, 0, 0, 0, 0, 0, 0, 0, 0, 0, 0, 0, 0, 0, 0, 0, 0, 0, 0, 0, 0, 0, 0, 0, 0, 0, 0, 0, 0, 0, 0, 0, 0, 0, 0, 0, 0, 0, 0, 0, 0, 0, 0, 0, 0, 0, 0, 0, 0, 0, 0, 0, 0, 0, 0, 0, 0, 0, 0, 0, 0, 0, 0, 0, 0, 0, 0, 0, 0, 0, 0, 0, 0, 0, 0, 0, 0, 0, 0, 0, 0, 0, 0, 0, 0, 0, 0, 0, 0, 0, 0, 0, 0, 0, 0, 0, 0, 0, 0, 0, 0, 0, 0, 0, 0, 0, 0, 0, 0, 0, 0, 0, 0, 0, 0, 0, 0, 0, 0, 0, 0, 0, 0, 0, 0, 0, 0, 0, 0, 0, 0, 0, 0, 0, 0, 0, 0, 0, 0, 0, 0, 0, 0, 0, 0, 0, 0, 0, 0, 0, 0, 0, 0, 0, 0, 0, 0, 0, 0, 0, 0, 0, 0, 0, 0, 0, 0, 0, 0, 0, 0, 0, 0, 0, 0, 0, 0, 0, 0, 0, 0, 0, 0, 0, 0, 0, 0, 0, 0, 0, 0, 0, 0, 0, 0, 0, 0, 0, 0, 0, 0, 0, 0, 0, 0, 0, 0, 0, 0, 0, 0, 0, 0, 0, 0, 0, 0, 0, 0, 0, 0, 0, 0, 0, 0, 0, 0, 0, 0, 0, 0, 0, 0, 0, 0, 0, 0, 0, 0, 0, 0, 0, 0, 0, 0, 0, 0, 0, 0, 0, 0, 0, 0, 0, 0, 0, 0, 0, 0, 0, 0, 0, 0, 0, 0, 0, 0, 0, 0, 0, 0, 0, 0, 0, 0, 0, 0, 0, 0, 0, 0, 0, 0, 0, 0, 0, 0, 0, 0, 0, 0, 0, 0, 0, 0, 0, 0, 0, 0, 0, 0, 0, 0, 0, 0, 0, 0, 0, 0, 0, 0, 0, 0, 0, 0, 0, 0, 0, 0, 0, 0, 0, 0, 0, 0, 0, 0, 0, 0, 0, 0, 0, 0, 0, 0, 0, 0, 0, 0, 0, 0, 0, 0, 0, 0, 0, 0, 0, 0, 0, 0, 0, 0, 0, 0, 0, 0, 0, 0, 0, 0, 0, 0, 0, 0, 0, 0, 0, 0, 0, 0, 0, 0, 0, 0, 0, 0, 0, 0, 0, 0, 0, 0, 0, 0, 0, 0, 0, 0, 0, 0, 0, 0),
(11, 13, '2017-02-13', '99999', 'Hhhhhhh', 0, 'HdD', 'Mmmmmm', 4, 'Muecate', 0, 'Xxxxx', 'Vvbvvvv', 'Hagfd', '822222222', 1, 1, 1, 1, '2012-02-13', '2012-02-13', '2015-02-13', '2017-02-13', '2017-02-13', 0, 1, '1,3,5,10,11,12', 0, -25.9554, 32.6028, 0, 0, 0, 0, 0, 0, 0, 0, 0, 0, 0, 0, 0, 0, 0, 0, 0, 0, 0, 0, 0, 0, 0, 0, 0, 0, 0, 0, 0, 0, 0, 0, 0, 0, 0, 0, 0, 0, 0, 0, 0, 0, 0, 0, 0, 0, 0, 0, 0, 0, 0, 0, 0, 0, 0, 0, 0, 0, 0, 0, 0, 0, 0, 0, 0, 0, 0, 0, 0, 0, 0, 0, 0, 0, 0, 0, 0, 0, 0, 0, 0, 0, 0, 0, 0, 0, 0, 0, 0, 0, 0, 0, 0, 0, 0, 0, 0, 0, 0, 0, 0, 0, 0, 0, 0, 0, 0, 0, 0, 0, 0, 0, 0, 0, 0, 0, 0, 0, 0, 0, 0, 0, 0, 0, 0, 0, 0, 0, 0, 0, 0, 0, 0, 0, 0, 0, 0, 0, 0, 0, 0, 0, 0, 0, 0, 0, 0, 0, 0, 0, 0, 0, 0, 0, 0, 0, 0, 0, 0, 0, 0, 0, 0, 0, 0, 0, 0, 0, 0, 0, 0, 0, 0, 0, 0, 0, 0, 0, 0, 0, 0, 0, 0, 0, 0, 0, 0, 0, 0, 0, 0, 0, 0, 0, 0, 0, 0, 0, 0, 0, 0, 0, 0, 0, 0, 0, 0, 0, 0, 0, 0, 0, 0, 0, 0, 0, 0, 0, 0, 0, 0, 0, 0, 0, 0, 0, 0, 0, 0, 0, 0, 0, 0, 0, 0, 0, 0, 0, 0, 0, 0, 0, 0, 0, 0, 0, 0, 0, 0, 0, 0, 0, 0, 0, 0, 0, 0, 0, 0, 0, 0, 0, 0, 0, 0, 0, 0, 0, 0, 0, 0, 0, 0, 0, 0, 0, 0, 0, 0, 0, 0, 0, 0, 0, 0, 0, 0, 0, 0, 0, 0, 0, 0, 0, 0, 0, 0, 0, 0, 0, 0, 0, 0, 0, 0, 0, 0, 0, 0, 0, 0, 0, 0, 0, 0, 0, 0, 0, 0, 0, 0, 0, 0, 0, 0, 0, 0, 0, 0, 0, 0, 0, 0, 0, 0, 0, 0, 0, 0, 0, 0, 0, 0, 0, 0, 0, 0, 0, 0, 0, 0, 0, 0, 0, 0, 0, 0, 0, 0, 0, 0, 0, 0, 0, 0, 0, 0, 0, 0, 0, 0, 0, 0, 0, 0, 0, 0, 0, 0, 0, 0, 0, 0, 0, 0, 0, 0, 0, 0, 0, 0, 0, 0, 0, 0, 0, 0, 0, 0, 0, 0, 0, 0, 0, 0, 0, 0, 0, 0, 0, 0, 0, 0, 0, 0, 0, 0, 0, 0, 0, 0, 0, 0, 0, 0, 0, 0, 0, 0, 0, 0, 0, 0, 0, 0, 0, 0, 0, 0, 0, 0, 0, 0, 0, 0, 0, 0, 0, 0, 0, 0, 0, 0, 0, 0, 0, 0, 0, 0, 0, 0, 0, 0, 0, 0, 0, 0, 0, 0, 0, 0, 0, 0, 0, 0, 0, 0, 0, 0, 0, 0, 0, 0, 0, 0, 0, 0, 0),
(12, 1, '2017-02-13', 'Ifxifxfi', 'Prova Robby 130217 02', 0, 'Yvyv', 'Tcycycc', 3, 'Yvyvyvv', 0, 'Yvyvyvyy', 'Uvuvuvvv', 'Yvbubuvuvu', 'Yvyvyvyv', 4, 1, 3, 5, '2017-02-13', '2012-02-13', '2016-08-13', '2017-02-07', '2017-02-08', 0, 33, '1,3,5,10,11,12', 0, -25.9553, 32.6027, 0, 0, 0, 0, 0, 0, 0, 0, 0, 0, 0, 0, 0, 0, 0, 0, 0, 0, 0, 0, 0, 0, 0, 0, 0, 0, 0, 0, 0, 0, 0, 0, 0, 0, 0, 0, 0, 0, 0, 0, 0, 0, 0, 0, 0, 0, 0, 0, 0, 0, 0, 0, 0, 0, 0, 0, 0, 0, 0, 0, 0, 0, 0, 0, 0, 0, 0, 0, 0, 0, 0, 0, 0, 0, 0, 0, 0, 0, 0, 0, 0, 0, 0, 0, 0, 0, 0, 0, 0, 0, 0, 0, 0, 0, 0, 0, 0, 0, 0, 0, 0, 0, 0, 0, 0, 0, 0, 0, 0, 0, 0, 0, 0, 0, 0, 0, 0, 0, 0, 0, 0, 0, 0, 0, 0, 0, 0, 0, 0, 0, 0, 0, 0, 0, 0, 0, 0, 0, 0, 0, 0, 0, 0, 0, 0, 0, 0, 0, 0, 0, 0, 0, 0, 0, 0, 0, 0, 0, 0, 0, 0, 0, 0, 0, 0, 0, 0, 0, 0, 0, 0, 0, 0, 0, 0, 0, 0, 0, 0, 0, 0, 0, 0, 0, 0, 0, 0, 0, 0, 0, 0, 0, 0, 0, 0, 0, 0, 0, 0, 0, 0, 0, 0, 0, 0, 0, 0, 0, 0, 0, 0, 0, 0, 0, 0, 0, 0, 0, 0, 0, 0, 0, 0, 0, 0, 0, 0, 0, 0, 0, 0, 0, 0, 0, 0, 0, 0, 0, 0, 0, 0, 0, 0, 0, 0, 0, 0, 0, 0, 0, 0, 0, 0, 0, 0, 0, 0, 0, 0, 0, 0, 0, 0, 0, 0, 0, 0, 0, 0, 0, 0, 0, 0, 0, 0, 0, 0, 0, 0, 0, 0, 0, 0, 0, 0, 0, 0, 0, 0, 0, 0, 0, 0, 0, 0, 0, 0, 0, 0, 0, 0, 0, 0, 0, 0, 0, 0, 0, 0, 0, 0, 0, 0, 0, 0, 0, 0, 0, 0, 0, 0, 0, 0, 0, 0, 0, 0, 0, 0, 0, 0, 0, 0, 0, 0, 0, 0, 0, 0, 0, 0, 0, 0, 0, 0, 0, 0, 0, 0, 0, 0, 0, 0, 0, 0, 0, 0, 0, 0, 0, 0, 0, 0, 0, 0, 0, 0, 0, 0, 0, 0, 0, 0, 0, 0, 0, 0, 0, 0, 0, 0, 0, 0, 0, 0, 0, 0, 0, 0, 0, 0, 0, 0, 0, 0, 0, 0, 0, 0, 0, 0, 0, 0, 0, 0, 0, 0, 0, 0, 0, 0, 0, 0, 0, 0, 0, 0, 0, 0, 0, 0, 0, 0, 0, 0, 0, 0, 0, 0, 0, 0, 0, 0, 0, 0, 0, 0, 0, 0, 0, 0, 0, 0, 0, 0, 0, 0, 0, 0, 0, 0, 0, 0, 0, 0, 0, 0, 0, 0, 0, 0, 0, 0, 0, 0, 0, 0, 0, 0, 0, 0, 0, 0, 0, 0, 0, 0, 0, 0, 0, 0, 0, 0, 0, 0, 0, 0, 0),
(13, 4, '2017-02-16', 'cs002', 'centro saúde marmorato', 0, 'marmo', 'maputo', 11, 'kamubukuane', 0, 'oooo', 'hhhh', 'rua fraternidade', '845193049', 4, 1, 1, 1, '2012-02-16', '2014-02-16', '2016-02-16', '2017-02-16', '2016-01-16', 1, 3, '1,3,5,10,11,12', 20, -25.953, 0, 0, 0, 0, 0, 0, 0, 0, 0, 0, 0, 0, 0, 0, 0, 0, 0, 0, 0, 0, 0, 0, 0, 0, 0, 0, 0, 0, 0, 0, 0, 0, 0, 0, 0, 0, 0, 0, 0, 0, 0, 0, 0, 0, 0, 0, 0, 0, 0, 0, 0, 0, 0, 0, 0, 0, 0, 0, 0, 0, 0, 0, 0, 0, 0, 0, 0, 0, 0, 0, 0, 0, 0, 0, 0, 0, 0, 0, 0, 0, 0, 0, 0, 0, 0, 0, 0, 0, 0, 0, 0, 0, 0, 0, 0, 0, 0, 0, 0, 0, 0, 0, 0, 0, 0, 0, 0, 0, 0, 0, 0, 0, 0, 0, 0, 0, 0, 0, 0, 0, 0, 0, 0, 0, 0, 0, 0, 0, 0, 0, 0, 0, 0, 0, 0, 0, 0, 0, 0, 0, 0, 0, 0, 0, 0, 0, 0, 0, 0, 0, 0, 0, 0, 0, 0, 0, 0, 0, 0, 0, 0, 0, 0, 0, 0, 0, 0, 0, 0, 0, 0, 0, 0, 0, 0, 0, 0, 0, 0, 0, 0, 0, 0, 0, 0, 0, 0, 0, 0, 0, 0, 0, 0, 0, 0, 0, 0, 0, 0, 0, 0, 0, 0, 0, 0, 0, 0, 0, 0, 0, 0, 0, 0, 0, 0, 0, 0, 0, 0, 0, 0, 0, 0, 0, 0, 0, 0, 0, 0, 0, 0, 0, 0, 0, 0, 0, 0, 0, 0, 0, 0, 0, 0, 0, 0, 0, 0, 0, 0, 0, 0, 0, 0, 0, 0, 0, 0, 0, 0, 0, 0, 0, 0, 0, 0, 0, 0, 0, 0, 0, 0, 0, 0, 0, 0, 0, 0, 0, 0, 0, 0, 0, 0, 0, 0, 0, 0, 0, 0, 0, 0, 0, 0, 0, 0, 0, 0, 0, 0, 0, 0, 0, 0, 0, 0, 0, 0, 0, 0, 0, 0, 0, 0, 0, 0, 0, 0, 0, 0, 0, 0, 0, 0, 0, 0, 0, 0, 0, 0, 0, 0, 0, 0, 0, 0, 0, 0, 0, 0, 0, 0, 0, 0, 0, 0, 0, 0, 0, 0, 0, 0, 0, 0, 0, 0, 0, 0, 0, 0, 0, 0, 0, 0, 0, 0, 0, 0, 0, 0, 0, 0, 0, 0, 0, 0, 0, 0, 0, 0, 0, 0, 0, 0, 0, 0, 0, 0, 0, 0, 0, 0, 0, 0, 0, 0, 0, 0, 0, 0, 0, 0, 0, 0, 0, 0, 0, 0, 0, 0, 0, 0, 0, 0, 0, 0, 0, 0, 0, 0, 0, 0, 0, 0, 0, 0, 0, 0, 0, 0, 0, 0, 0, 0, 0, 0, 0, 0, 0, 0, 0, 0, 0, 0, 0, 0, 0, 0, 0, 0, 0, 0, 0, 0, 0, 0, 0, 0, 0, 0, 0, 0, 0, 0, 0, 0, 0, 0, 0, 0, 0, 0, 0, 0, 0, 0, 0, 0, 0, 0, 0, 0, 0, 0, 0, 0, 0, 0, 0, 0),
(14, 4, '2017-02-16', 'cs003', 'pozzo calabro', 0, 'calabro', 'maputo', 11, 'kamubukwana', 0, 'ciccio', 'ciccione', 'rua da França', '824457379', 6, 1, 1, 1, '2013-02-14', '2015-02-17', '2016-02-16', '2017-02-16', '2016-12-15', 1, 1, '1,3,5,10,11,12', 20, -25.9529, 32.606, 0, 0, 0, 0, 0, 0, 0, 0, 0, 0, 0, 0, 0, 0, 0, 0, 0, 0, 0, 0, 0, 0, 0, 0, 0, 0, 0, 0, 0, 0, 0, 0, 0, 0, 0, 0, 0, 0, 0, 0, 0, 0, 0, 0, 0, 0, 0, 0, 0, 0, 0, 0, 0, 0, 0, 0, 0, 0, 0, 0, 0, 0, 0, 0, 0, 0, 0, 0, 0, 0, 0, 0, 0, 0, 0, 0, 0, 0, 0, 0, 0, 0, 0, 0, 0, 0, 0, 0, 0, 0, 0, 0, 0, 0, 0, 0, 0, 0, 0, 0, 0, 0, 0, 0, 0, 0, 0, 0, 0, 0, 0, 0, 0, 0, 0, 0, 0, 0, 0, 0, 0, 0, 0, 0, 0, 0, 0, 0, 0, 0, 0, 0, 0, 0, 0, 0, 0, 0, 0, 0, 0, 0, 0, 0, 0, 0, 0, 0, 0, 0, 0, 0, 0, 0, 0, 0, 0, 0, 0, 0, 0, 0, 0, 0, 0, 0, 0, 0, 0, 0, 0, 0, 0, 0, 0, 0, 0, 0, 0, 0, 0, 0, 0, 0, 0, 0, 0, 0, 0, 0, 0, 0, 0, 0, 0, 0, 0, 0, 0, 0, 0, 0, 0, 0, 0, 0, 0, 0, 0, 0, 0, 0, 0, 0, 0, 0, 0, 0, 0, 0, 0, 0, 0, 0, 0, 0, 0, 0, 0, 0, 0, 0, 0, 0, 0, 0, 0, 0, 0, 0, 0, 0, 0, 0, 0, 0, 0, 0, 0, 0, 0, 0, 0, 0, 0, 0, 0, 0, 0, 0, 0, 0, 0, 0, 0, 0, 0, 0, 0, 0, 0, 0, 0, 0, 0, 0, 0, 0, 0, 0, 0, 0, 0, 0, 0, 0, 0, 0, 0, 0, 0, 0, 0, 0, 0, 0, 0, 0, 0, 0, 0, 0, 0, 0, 0, 0, 0, 0, 0, 0, 0, 0, 0, 0, 0, 0, 0, 0, 0, 0, 0, 0, 0, 0, 0, 0, 0, 0, 0, 0, 0, 0, 0, 0, 0, 0, 0, 0, 0, 0, 0, 0, 0, 0, 0, 0, 0, 0, 0, 0, 0, 0, 0, 0, 0, 0, 0, 0, 0, 0, 0, 0, 0, 0, 0, 0, 0, 0, 0, 0, 0, 0, 0, 0, 0, 0, 0, 0, 0, 0, 0, 0, 0, 0, 0, 0, 0, 0, 0, 0, 0, 0, 0, 0, 0, 0, 0, 0, 0, 0, 0, 0, 0, 0, 0, 0, 0, 0, 0, 0, 0, 0, 0, 0, 0, 0, 0, 0, 0, 0, 0, 0, 0, 0, 0, 0, 0, 0, 0, 0, 0, 0, 0, 0, 0, 0, 0, 0, 0, 0, 0, 0, 0, 0, 0, 0, 0, 0, 0, 0, 0, 0, 0, 0, 0, 0, 0, 0, 0, 0, 0, 0, 0, 0, 0, 0, 0, 0, 0, 0, 0, 0, 0, 0, 0, 0, 0, 0, 0, 0, 0, 0, 0, 0, 0, 0, 0, 0),
(15, 4, '2017-02-16', 'cs003', 'pozzo calabro', 0, 'calabro', 'maputo', 11, 'kamubukwana', 0, 'ciccio', 'ciccione', 'rua da França', '824457379', 1, 1, 1, 1, '2013-02-14', '2015-02-17', '2016-02-16', '2017-02-16', '2016-12-15', 1, 1, '1,3,5,10,11,12', 20, -25.953, 32.7, 0, 0, 0, 0, 0, 0, 0, 0, 0, 0, 0, 0, 0, 0, 0, 0, 0, 0, 0, 0, 0, 0, 0, 0, 0, 0, 0, 0, 0, 0, 0, 0, 0, 0, 0, 0, 0, 0, 0, 0, 0, 0, 0, 0, 0, 0, 0, 0, 0, 0, 0, 0, 0, 0, 0, 0, 0, 0, 0, 0, 0, 0, 0, 0, 0, 0, 0, 0, 0, 0, 0, 0, 0, 0, 0, 0, 0, 0, 0, 0, 0, 0, 0, 0, 0, 0, 0, 0, 0, 0, 0, 0, 0, 0, 0, 0, 0, 0, 0, 0, 0, 0, 0, 0, 0, 0, 0, 0, 0, 0, 0, 0, 0, 0, 0, 0, 0, 0, 0, 0, 0, 0, 0, 0, 0, 0, 0, 0, 0, 0, 0, 0, 0, 0, 0, 0, 0, 0, 0, 0, 0, 0, 0, 0, 0, 0, 0, 0, 0, 0, 0, 0, 0, 0, 0, 0, 0, 0, 0, 0, 0, 0, 0, 0, 0, 0, 0, 0, 0, 0, 0, 0, 0, 0, 0, 0, 0, 0, 0, 0, 0, 0, 0, 0, 0, 0, 0, 0, 0, 0, 0, 0, 0, 0, 0, 0, 0, 0, 0, 0, 0, 0, 0, 0, 0, 0, 0, 0, 0, 0, 0, 0, 0, 0, 0, 0, 0, 0, 0, 0, 0, 0, 0, 0, 0, 0, 0, 0, 0, 0, 0, 0, 0, 0, 0, 0, 0, 0, 0, 0, 0, 0, 0, 0, 0, 0, 0, 0, 0, 0, 0, 0, 0, 0, 0, 0, 0, 0, 0, 0, 0, 0, 0, 0, 0, 0, 0, 0, 0, 0, 0, 0, 0, 0, 0, 0, 0, 0, 0, 0, 0, 0, 0, 0, 0, 0, 0, 0, 0, 0, 0, 0, 0, 0, 0, 0, 0, 0, 0, 0, 0, 0, 0, 0, 0, 0, 0, 0, 0, 0, 0, 0, 0, 0, 0, 0, 0, 0, 0, 0, 0, 0, 0, 0, 0, 0, 0, 0, 0, 0, 0, 0, 0, 0, 0, 0, 0, 0, 0, 0, 0, 0, 0, 0, 0, 0, 0, 0, 0, 0, 0, 0, 0, 0, 0, 0, 0, 0, 0, 0, 0, 0, 0, 0, 0, 0, 0, 0, 0, 0, 0, 0, 0, 0, 0, 0, 0, 0, 0, 0, 0, 0, 0, 0, 0, 0, 0, 0, 0, 0, 0, 0, 0, 0, 0, 0, 0, 0, 0, 0, 0, 0, 0, 0, 0, 0, 0, 0, 0, 0, 0, 0, 0, 0, 0, 0, 0, 0, 0, 0, 0, 0, 0, 0, 0, 0, 0, 0, 0, 0, 0, 0, 0, 0, 0, 0, 0, 0, 0, 0, 0, 0, 0, 0, 0, 0, 0, 0, 0, 0, 0, 0, 0, 0, 0, 0, 0, 0, 0, 0, 0, 0, 0, 0, 0, 0, 0, 0, 0, 0, 0, 0, 0, 0, 0, 0, 0, 0, 0, 0, 0, 0, 0, 0, 0, 0, 0, 0),
(16, 4, '2017-02-16', 'cs008', 'polana serena', 0, 'polana', 'maputo', 11, 'kanhaca', 0, 'nao sei', 'maputo', 'av julius nyerere 1000', '875554321', 1, 3, 1, 1, '1946-02-16', '1950-02-16', '2009-02-16', '2015-02-16', '2017-01-16', 1, 4, '1,3,5,10,11,12', 18, -25.9692, 32.5977, 0, 0, 0, 0, 0, 0, 0, 0, 0, 0, 0, 0, 0, 0, 0, 0, 0, 0, 0, 0, 0, 0, 0, 0, 0, 0, 0, 0, 0, 0, 0, 0, 0, 0, 0, 0, 0, 0, 0, 0, 0, 0, 0, 0, 0, 0, 0, 0, 0, 0, 0, 0, 0, 0, 0, 0, 0, 0, 0, 0, 0, 0, 0, 0, 0, 0, 0, 0, 0, 0, 0, 0, 0, 0, 0, 0, 0, 0, 0, 0, 0, 0, 0, 0, 0, 0, 0, 0, 0, 0, 0, 0, 0, 0, 0, 0, 0, 0, 0, 0, 0, 0, 0, 0, 0, 0, 0, 0, 0, 0, 0, 0, 0, 0, 0, 0, 0, 0, 0, 0, 0, 0, 0, 0, 0, 0, 0, 0, 0, 0, 0, 0, 0, 0, 0, 0, 0, 0, 0, 0, 0, 0, 0, 0, 0, 0, 0, 0, 0, 0, 0, 0, 0, 0, 0, 0, 0, 0, 0, 0, 0, 0, 0, 0, 0, 0, 0, 0, 0, 0, 0, 0, 0, 0, 0, 0, 0, 0, 0, 0, 0, 0, 0, 0, 0, 0, 0, 0, 0, 0, 0, 0, 0, 0, 0, 0, 0, 0, 0, 0, 0, 0, 0, 0, 0, 0, 0, 0, 0, 0, 0, 0, 0, 0, 0, 0, 0, 0, 0, 0, 0, 0, 0, 0, 0, 0, 0, 0, 0, 0, 0, 0, 0, 0, 0, 0, 0, 0, 0, 0, 0, 0, 0, 0, 0, 0, 0, 0, 0, 0, 0, 0, 0, 0, 0, 0, 0, 0, 0, 0, 0, 0, 0, 0, 0, 0, 0, 0, 0, 0, 0, 0, 0, 0, 0, 0, 0, 0, 0, 0, 0, 0, 0, 0, 0, 0, 0, 0, 0, 0, 0, 0, 0, 0, 0, 0, 0, 0, 0, 0, 0, 0, 0, 0, 0, 0, 0, 0, 0, 0, 0, 0, 0, 0, 0, 0, 0, 0, 0, 0, 0, 0, 0, 0, 0, 0, 0, 0, 0, 0, 0, 0, 0, 0, 0, 0, 0, 0, 0, 0, 0, 0, 0, 0, 0, 0, 0, 0, 0, 0, 0, 0, 0, 0, 0, 0, 0, 0, 0, 0, 0, 0, 0, 0, 0, 0, 0, 0, 0, 0, 0, 0, 0, 0, 0, 0, 0, 0, 0, 0, 0, 0, 0, 0, 0, 0, 0, 0, 0, 0, 0, 0, 0, 0, 0, 0, 0, 0, 0, 0, 0, 0, 0, 0, 0, 0, 0, 0, 0, 0, 0, 0, 0, 0, 0, 0, 0, 0, 0, 0, 0, 0, 0, 0, 0, 0, 0, 0, 0, 0, 0, 0, 0, 0, 0, 0, 0, 0, 0, 0, 0, 0, 0, 0, 0, 0, 0, 0, 0, 0, 0, 0, 0, 0, 0, 0, 0, 0, 0, 0, 0, 0, 0, 0, 0, 0, 0, 0, 0, 0, 0, 0, 0, 0, 0, 0, 0, 0, 0, 0, 0, 0, 0, 0, 0, 0, 0, 0),
(17, 4, '2017-02-16', 'h 23', 'HOSPITAL igreja', 0, 'igreja', 'maputo', 11, 'katembe', 0, 'i dont know', 'ciccia', 'rua da igreja 75', '876655443', 11, 1, 1, 1, '2006-02-16', '2008-02-16', '2016-02-16', '2016-12-12', '2017-01-13', 1, 7, '1,3,5,10,11,12', 30, -25.969, 32.5756, 0, 0, 0, 0, 0, 0, 0, 0, 0, 0, 0, 0, 0, 0, 0, 0, 0, 0, 0, 0, 0, 0, 0, 0, 0, 0, 0, 0, 0, 0, 0, 0, 0, 0, 0, 0, 0, 0, 0, 0, 0, 0, 0, 0, 0, 0, 0, 0, 0, 0, 0, 0, 0, 0, 0, 0, 0, 0, 0, 0, 0, 0, 0, 0, 0, 0, 0, 0, 0, 0, 0, 0, 0, 0, 0, 0, 0, 0, 0, 0, 0, 0, 0, 0, 0, 0, 0, 0, 0, 0, 0, 0, 0, 0, 0, 0, 0, 0, 0, 0, 0, 0, 0, 0, 0, 0, 0, 0, 0, 0, 0, 0, 0, 0, 0, 0, 0, 0, 0, 0, 0, 0, 0, 0, 0, 0, 0, 0, 0, 0, 0, 0, 0, 0, 0, 0, 0, 0, 0, 0, 0, 0, 0, 0, 0, 0, 0, 0, 0, 0, 0, 0, 0, 0, 0, 0, 0, 0, 0, 0, 0, 0, 0, 0, 0, 0, 0, 0, 0, 0, 0, 0, 0, 0, 0, 0, 0, 0, 0, 0, 0, 0, 0, 0, 0, 0, 0, 0, 0, 0, 0, 0, 0, 0, 0, 0, 0, 0, 0, 0, 0, 0, 0, 0, 0, 0, 0, 0, 0, 0, 0, 0, 0, 0, 0, 0, 0, 0, 0, 0, 0, 0, 0, 0, 0, 0, 0, 0, 0, 0, 0, 0, 0, 0, 0, 0, 0, 0, 0, 0, 0, 0, 0, 0, 0, 0, 0, 0, 0, 0, 0, 0, 0, 0, 0, 0, 0, 0, 0, 0, 0, 0, 0, 0, 0, 0, 0, 0, 0, 0, 0, 0, 0, 0, 0, 0, 0, 0, 0, 0, 0, 0, 0, 0, 0, 0, 0, 0, 0, 0, 0, 0, 0, 0, 0, 0, 0, 0, 0, 0, 0, 0, 0, 0, 0, 0, 0, 0, 0, 0, 0, 0, 0, 0, 0, 0, 0, 0, 0, 0, 0, 0, 0, 0, 0, 0, 0, 0, 0, 0, 0, 0, 0, 0, 0, 0, 0, 0, 0, 0, 0, 0, 0, 0, 0, 0, 0, 0, 0, 0, 0, 0, 0, 0, 0, 0, 0, 0, 0, 0, 0, 0, 0, 0, 0, 0, 0, 0, 0, 0, 0, 0, 0, 0, 0, 0, 0, 0, 0, 0, 0, 0, 0, 0, 0, 0, 0, 0, 0, 0, 0, 0, 0, 0, 0, 0, 0, 0, 0, 0, 0, 0, 0, 0, 0, 0, 0, 0, 0, 0, 0, 0, 0, 0, 0, 0, 0, 0, 0, 0, 0, 0, 0, 0, 0, 0, 0, 0, 0, 0, 0, 0, 0, 0, 0, 0, 0, 0, 0, 0, 0, 0, 0, 0, 0, 0, 0, 0, 0, 0, 0, 0, 0, 0, 0, 0, 0, 0, 0, 0, 0, 0, 0, 0, 0, 0, 0, 0, 0, 0, 0, 0, 0, 0, 0, 0, 0, 0, 0, 0, 0, 0, 0, 0, 0, 0, 0, 0),
(18, 13, '2017-02-16', '45454545', 'Zzzzzxxxx', 0, 'Ccf', 'Hhhhhhhh', 6, 'Quelimane ', 0, '143', 'Quelimane ', 'Bbbbbbbbbb', '77777777787', 1, 2, 3, 3, '2017-02-16', '2017-02-16', '2017-02-16', '2017-02-16', '2017-02-16', 0, 16, '1,3,5,10,11,12', 0, -25.9582, 32.5891, 0, 0, 0, 0, 0, 0, 0, 0, 0, 0, 0, 0, 0, 0, 0, 0, 0, 0, 0, 0, 0, 0, 0, 0, 0, 0, 0, 0, 0, 0, 0, 0, 0, 0, 0, 0, 0, 0, 0, 0, 0, 0, 0, 0, 0, 0, 0, 0, 0, 0, 0, 0, 0, 0, 0, 0, 0, 0, 0, 0, 0, 0, 0, 0, 0, 0, 0, 0, 0, 0, 0, 0, 0, 0, 0, 0, 0, 0, 0, 0, 0, 0, 0, 0, 0, 0, 0, 0, 0, 0, 0, 0, 0, 0, 0, 0, 0, 0, 0, 0, 0, 0, 0, 0, 0, 0, 0, 0, 0, 0, 0, 0, 0, 0, 0, 0, 0, 0, 0, 0, 0, 0, 0, 0, 0, 0, 0, 0, 0, 0, 0, 0, 0, 0, 0, 0, 0, 0, 0, 0, 0, 0, 0, 0, 0, 0, 0, 0, 0, 0, 0, 0, 0, 0, 0, 0, 0, 0, 0, 0, 0, 0, 0, 0, 0, 0, 0, 0, 0, 0, 0, 0, 0, 0, 0, 0, 0, 0, 0, 0, 0, 0, 0, 0, 0, 0, 0, 0, 0, 0, 0, 0, 0, 0, 0, 0, 0, 0, 0, 0, 0, 0, 0, 0, 0, 0, 0, 0, 0, 0, 0, 0, 0, 0, 0, 0, 0, 0, 0, 0, 0, 0, 0, 0, 0, 0, 0, 0, 0, 0, 0, 0, 0, 0, 0, 0, 0, 0, 0, 0, 0, 0, 0, 0, 0, 0, 0, 0, 0, 0, 0, 0, 0, 0, 0, 0, 0, 0, 0, 0, 0, 0, 0, 0, 0, 0, 0, 0, 0, 0, 0, 0, 0, 0, 0, 0, 0, 0, 0, 0, 0, 0, 0, 0, 0, 0, 0, 0, 0, 0, 0, 0, 0, 0, 0, 0, 0, 0, 0, 0, 0, 0, 0, 0, 0, 0, 0, 0, 0, 0, 0, 0, 0, 0, 0, 0, 0, 0, 0, 0, 0, 0, 0, 0, 0, 0, 0, 0, 0, 0, 0, 0, 0, 0, 0, 0, 0, 0, 0, 0, 0, 0, 0, 0, 0, 0, 0, 0, 0, 0, 0, 0, 0, 0, 0, 0, 0, 0, 0, 0, 0, 0, 0, 0, 0, 0, 0, 0, 0, 0, 0, 0, 0, 0, 0, 0, 0, 0, 0, 0, 0, 0, 0, 0, 0, 0, 0, 0, 0, 0, 0, 0, 0, 0, 0, 0, 0, 0, 0, 0, 0, 0, 0, 0, 0, 0, 0, 0, 0, 0, 0, 0, 0, 0, 0, 0, 0, 0, 0, 0, 0, 0, 0, 0, 0, 0, 0, 0, 0, 0, 0, 0, 0, 0, 0, 0, 0, 0, 0, 0, 0, 0, 0, 0, 0, 0, 0, 0, 0, 0, 0, 0, 0, 0, 0, 0, 0, 0, 0, 0, 0, 0, 0, 0, 0, 0, 0, 0, 0, 0, 0, 0, 0, 0, 0, 0, 0, 0, 0, 0, 0, 0, 0, 0, 0, 0, 0, 0),
(19, 13, '2017-02-16', '45454545', 'Zzzzzxxxx', 0, 'Ccf', 'Hhhhhhhh', 6, 'Quelimane ', 0, '143', 'Quelimane ', 'Bbbbbbbbbb', '77777777787', 1, 2, 3, 3, '2017-02-16', '2017-02-16', '2017-02-16', '2017-02-16', '2017-02-16', 0, 16, '1,3,5,10,11,12', 0, -25.9582, 32.5891, 0, 0, 0, 0, 0, 0, 0, 0, 0, 0, 0, 0, 0, 0, 0, 0, 0, 0, 0, 0, 0, 0, 0, 0, 0, 0, 0, 0, 0, 0, 0, 0, 0, 0, 0, 0, 0, 0, 0, 0, 0, 0, 0, 0, 0, 0, 0, 0, 0, 0, 0, 0, 0, 0, 0, 0, 0, 0, 0, 0, 0, 0, 0, 0, 0, 0, 0, 0, 0, 0, 0, 0, 0, 0, 0, 0, 0, 0, 0, 0, 0, 0, 0, 0, 0, 0, 0, 0, 0, 0, 0, 0, 0, 0, 0, 0, 0, 0, 0, 0, 0, 0, 0, 0, 0, 0, 0, 0, 0, 0, 0, 0, 0, 0, 0, 0, 0, 0, 0, 0, 0, 0, 0, 0, 0, 0, 0, 0, 0, 0, 0, 0, 0, 0, 0, 0, 0, 0, 0, 0, 0, 0, 0, 0, 0, 0, 0, 0, 0, 0, 0, 0, 0, 0, 0, 0, 0, 0, 0, 0, 0, 0, 0, 0, 0, 0, 0, 0, 0, 0, 0, 0, 0, 0, 0, 0, 0, 0, 0, 0, 0, 0, 0, 0, 0, 0, 0, 0, 0, 0, 0, 0, 0, 0, 0, 0, 0, 0, 0, 0, 0, 0, 0, 0, 0, 0, 0, 0, 0, 0, 0, 0, 0, 0, 0, 0, 0, 0, 0, 0, 0, 0, 0, 0, 0, 0, 0, 0, 0, 0, 0, 0, 0, 0, 0, 0, 0, 0, 0, 0, 0, 0, 0, 0, 0, 0, 0, 0, 0, 0, 0, 0, 0, 0, 0, 0, 0, 0, 0, 0, 0, 0, 0, 0, 0, 0, 0, 0, 0, 0, 0, 0, 0, 0, 0, 0, 0, 0, 0, 0, 0, 0, 0, 0, 0, 0, 0, 0, 0, 0, 0, 0, 0, 0, 0, 0, 0, 0, 0, 0, 0, 0, 0, 0, 0, 0, 0, 0, 0, 0, 0, 0, 0, 0, 0, 0, 0, 0, 0, 0, 0, 0, 0, 0, 0, 0, 0, 0, 0, 0, 0, 0, 0, 0, 0, 0, 0, 0, 0, 0, 0, 0, 0, 0, 0, 0, 0, 0, 0, 0, 0, 0, 0, 0, 0, 0, 0, 0, 0, 0, 0, 0, 0, 0, 0, 0, 0, 0, 0, 0, 0, 0, 0, 0, 0, 0, 0, 0, 0, 0, 0, 0, 0, 0, 0, 0, 0, 0, 0, 0, 0, 0, 0, 0, 0, 0, 0, 0, 0, 0, 0, 0, 0, 0, 0, 0, 0, 0, 0, 0, 0, 0, 0, 0, 0, 0, 0, 0, 0, 0, 0, 0, 0, 0, 0, 0, 0, 0, 0, 0, 0, 0, 0, 0, 0, 0, 0, 0, 0, 0, 0, 0, 0, 0, 0, 0, 0, 0, 0, 0, 0, 0, 0, 0, 0, 0, 0, 0, 0, 0, 0, 0, 0, 0, 0, 0, 0, 0, 0, 0, 0, 0, 0, 0, 0, 0, 0, 0, 0, 0, 0, 0, 0, 0, 0, 0, 0, 0),
(20, 5, '2017-02-14', 'test 4', 'test4', 0, 'test4', 'test4', 11, 'test4', 0, 'test4', 'test4', 'test4', 'test4', 17, 2, 4, 9, '2017-02-13', '2017-02-13', '2017-02-13', '2017-02-13', '2017-02-13', 1, 1, '1,3,5,10,11,12', 0, -25.9528, 32.6057, 0, 0, 0, 0, 0, 0, 0, 0, 0, 0, 0, 0, 0, 0, 0, 0, 0, 0, 0, 0, 0, 0, 0, 0, 0, 0, 0, 0, 0, 0, 0, 0, 0, 0, 0, 0, 0, 0, 0, 0, 0, 0, 0, 0, 0, 0, 0, 0, 0, 0, 0, 0, 0, 0, 0, 0, 0, 0, 0, 0, 0, 0, 0, 0, 0, 0, 0, 0, 0, 0, 0, 0, 0, 0, 0, 0, 0, 0, 0, 0, 0, 0, 0, 0, 0, 0, 0, 0, 0, 0, 0, 0, 0, 0, 0, 0, 0, 0, 0, 0, 0, 0, 0, 0, 0, 0, 0, 0, 0, 0, 0, 0, 0, 0, 0, 0, 0, 0, 0, 0, 0, 0, 0, 0, 0, 0, 0, 0, 0, 0, 0, 0, 0, 0, 0, 0, 0, 0, 0, 0, 0, 0, 0, 0, 0, 0, 0, 0, 0, 0, 0, 0, 0, 0, 0, 0, 0, 0, 0, 0, 0, 0, 0, 0, 0, 0, 0, 0, 0, 0, 0, 0, 0, 0, 0, 0, 0, 0, 0, 0, 0, 0, 0, 0, 0, 0, 0, 0, 0, 0, 0, 0, 0, 0, 0, 0, 0, 0, 0, 0, 0, 0, 0, 0, 0, 0, 0, 0, 0, 0, 0, 0, 0, 0, 0, 0, 0, 0, 0, 0, 0, 0, 0, 0, 0, 0, 0, 0, 0, 0, 0, 0, 0, 0, 0, 0, 0, 0, 0, 0, 0, 0, 0, 0, 0, 0, 0, 0, 0, 0, 0, 0, 0, 0, 0, 0, 0, 0, 0, 0, 0, 0, 0, 0, 0, 0, 0, 0, 0, 0, 0, 0, 0, 0, 0, 0, 0, 0, 0, 0, 0, 0, 0, 0, 0, 0, 0, 0, 0, 0, 0, 0, 0, 0, 0, 0, 0, 0, 0, 0, 0, 0, 0, 0, 0, 0, 0, 0, 0, 0, 0, 0, 0, 0, 0, 0, 0, 0, 0, 0, 0, 0, 0, 0, 0, 0, 0, 0, 0, 0, 0, 0, 0, 0, 0, 0, 0, 0, 0, 0, 0, 0, 0, 0, 0, 0, 0, 0, 0, 0, 0, 0, 0, 0, 0, 0, 0, 0, 0, 0, 0, 0, 0, 0, 0, 0, 0, 0, 0, 0, 0, 0, 0, 0, 0, 0, 0, 0, 0, 0, 0, 0, 0, 0, 0, 0, 0, 0, 0, 0, 0, 0, 0, 0, 0, 0, 0, 0, 0, 0, 0, 0, 0, 0, 0, 0, 0, 0, 0, 0, 0, 0, 0, 0, 0, 0, 0, 0, 0, 0, 0, 0, 0, 0, 0, 0, 0, 0, 0, 0, 0, 0, 0, 0, 0, 0, 0, 0, 0, 0, 0, 0, 0, 0, 0, 0, 0, 0, 0, 0, 0, 0, 0, 0, 0, 0, 0, 0, 0, 0, 0, 0, 0, 0, 0, 0, 0, 0, 0, 0, 0, 0, 0, 0, 0, 0, 0, 0, 0, 0, 0, 0, 0, 0, 0, 0, 0, 0),
(21, 5, '2017-02-14', 'test 5', 'test5', 0, 'test5', 'test5', 11, 'test5', 0, 'test5', 'test5', 'test5', 'test5', 7, 4, 1, 2, '2017-02-16', '2017-02-17', '2017-02-17', '2017-02-17', '2017-02-17', 1, 1, '1,3,5,10,11,12', 0, -25.9528, 32.606, 0, 0, 0, 0, 0, 0, 0, 0, 0, 0, 0, 0, 0, 0, 0, 0, 0, 0, 0, 0, 0, 0, 0, 0, 0, 0, 0, 0, 0, 0, 0, 0, 0, 0, 0, 0, 0, 0, 0, 0, 0, 0, 0, 0, 0, 0, 0, 0, 0, 0, 0, 0, 0, 0, 0, 0, 0, 0, 0, 0, 0, 0, 0, 0, 0, 0, 0, 0, 0, 0, 0, 0, 0, 0, 0, 0, 0, 0, 0, 0, 0, 0, 0, 0, 0, 0, 0, 0, 0, 0, 0, 0, 0, 0, 0, 0, 0, 0, 0, 0, 0, 0, 0, 0, 0, 0, 0, 0, 0, 0, 0, 0, 0, 0, 0, 0, 0, 0, 0, 0, 0, 0, 0, 0, 0, 0, 0, 0, 0, 0, 0, 0, 0, 0, 0, 0, 0, 0, 0, 0, 0, 0, 0, 0, 0, 0, 0, 0, 0, 0, 0, 0, 0, 0, 0, 0, 0, 0, 0, 0, 0, 0, 0, 0, 0, 0, 0, 0, 0, 0, 0, 0, 0, 0, 0, 0, 0, 0, 0, 0, 0, 0, 0, 0, 0, 0, 0, 0, 0, 0, 0, 0, 0, 0, 0, 0, 0, 0, 0, 0, 0, 0, 0, 0, 0, 0, 0, 0, 0, 0, 0, 0, 0, 0, 0, 0, 0, 0, 0, 0, 0, 0, 0, 0, 0, 0, 0, 0, 0, 0, 0, 0, 0, 0, 0, 0, 0, 0, 0, 0, 0, 0, 0, 0, 0, 0, 0, 0, 0, 0, 0, 0, 0, 0, 0, 0, 0, 0, 0, 0, 0, 0, 0, 0, 0, 0, 0, 0, 0, 0, 0, 0, 0, 0, 0, 0, 0, 0, 0, 0, 0, 0, 0, 0, 0, 0, 0, 0, 0, 0, 0, 0, 0, 0, 0, 0, 0, 0, 0, 0, 0, 0, 0, 0, 0, 0, 0, 0, 0, 0, 0, 0, 0, 0, 0, 0, 0, 0, 0, 0, 0, 0, 0, 0, 0, 0, 0, 0, 0, 0, 0, 0, 0, 0, 0, 0, 0, 0, 0, 0, 0, 0, 0, 0, 0, 0, 0, 0, 0, 0, 0, 0, 0, 0, 0, 0, 0, 0, 0, 0, 0, 0, 0, 0, 0, 0, 0, 0, 0, 0, 0, 0, 0, 0, 0, 0, 0, 0, 0, 0, 0, 0, 0, 0, 0, 0, 0, 0, 0, 0, 0, 0, 0, 0, 0, 0, 0, 0, 0, 0, 0, 0, 0, 0, 0, 0, 0, 0, 0, 0, 0, 0, 0, 0, 0, 0, 0, 0, 0, 0, 0, 0, 0, 0, 0, 0, 0, 0, 0, 0, 0, 0, 0, 0, 0, 0, 0, 0, 0, 0, 0, 0, 0, 0, 0, 0, 0, 0, 0, 0, 0, 0, 0, 0, 0, 0, 0, 0, 0, 0, 0, 0, 0, 0, 0, 0, 0, 0, 0, 0, 0, 0, 0, 0, 0, 0, 0, 0, 0, 0, 0, 0, 0, 0, 0, 0, 0, 0),
(22, 5, '2017-02-14', 'test 6', 'test6', 0, 'test 6', 'test6', 3, 'test 67', 0, 'test 6', 'test6', 'test6', 'test6', 8, 3, 1, 2, '2017-02-16', '2017-02-16', '2017-02-16', '2017-02-16', '2017-02-16', 1, 1, '1,3,5,10,11,12', 0, -25.9528, 32.6061, 0, 0, 0, 0, 0, 0, 0, 0, 0, 0, 0, 0, 0, 0, 0, 0, 0, 0, 0, 0, 0, 0, 0, 0, 0, 0, 0, 0, 0, 0, 0, 0, 0, 0, 0, 0, 0, 0, 0, 0, 0, 0, 0, 0, 0, 0, 0, 0, 0, 0, 0, 0, 0, 0, 0, 0, 0, 0, 0, 0, 0, 0, 0, 0, 0, 0, 0, 0, 0, 0, 0, 0, 0, 0, 0, 0, 0, 0, 0, 0, 0, 0, 0, 0, 0, 0, 0, 0, 0, 0, 0, 0, 0, 0, 0, 0, 0, 0, 0, 0, 0, 0, 0, 0, 0, 0, 0, 0, 0, 0, 0, 0, 0, 0, 0, 0, 0, 0, 0, 0, 0, 0, 0, 0, 0, 0, 0, 0, 0, 0, 0, 0, 0, 0, 0, 0, 0, 0, 0, 0, 0, 0, 0, 0, 0, 0, 0, 0, 0, 0, 0, 0, 0, 0, 0, 0, 0, 0, 0, 0, 0, 0, 0, 0, 0, 0, 0, 0, 0, 0, 0, 0, 0, 0, 0, 0, 0, 0, 0, 0, 0, 0, 0, 0, 0, 0, 0, 0, 0, 0, 0, 0, 0, 0, 0, 0, 0, 0, 0, 0, 0, 0, 0, 0, 0, 0, 0, 0, 0, 0, 0, 0, 0, 0, 0, 0, 0, 0, 0, 0, 0, 0, 0, 0, 0, 0, 0, 0, 0, 0, 0, 0, 0, 0, 0, 0, 0, 0, 0, 0, 0, 0, 0, 0, 0, 0, 0, 0, 0, 0, 0, 0, 0, 0, 0, 0, 0, 0, 0, 0, 0, 0, 0, 0, 0, 0, 0, 0, 0, 0, 0, 0, 0, 0, 0, 0, 0, 0, 0, 0, 0, 0, 0, 0, 0, 0, 0, 0, 0, 0, 0, 0, 0, 0, 0, 0, 0, 0, 0, 0, 0, 0, 0, 0, 0, 0, 0, 0, 0, 0, 0, 0, 0, 0, 0, 0, 0, 0, 0, 0, 0, 0, 0, 0, 0, 0, 0, 0, 0, 0, 0, 0, 0, 0, 0, 0, 0, 0, 0, 0, 0, 0, 0, 0, 0, 0, 0, 0, 0, 0, 0, 0, 0, 0, 0, 0, 0, 0, 0, 0, 0, 0, 0, 0, 0, 0, 0, 0, 0, 0, 0, 0, 0, 0, 0, 0, 0, 0, 0, 0, 0, 0, 0, 0, 0, 0, 0, 0, 0, 0, 0, 0, 0, 0, 0, 0, 0, 0, 0, 0, 0, 0, 0, 0, 0, 0, 0, 0, 0, 0, 0, 0, 0, 0, 0, 0, 0, 0, 0, 0, 0, 0, 0, 0, 0, 0, 0, 0, 0, 0, 0, 0, 0, 0, 0, 0, 0, 0, 0, 0, 0, 0, 0, 0, 0, 0, 0, 0, 0, 0, 0, 0, 0, 0, 0, 0, 0, 0, 0, 0, 0, 0, 0, 0, 0, 0, 0, 0, 0, 0, 0, 0, 0, 0, 0, 0, 0, 0, 0, 0, 0, 0, 0, 0, 0, 0, 0, 0);
INSERT INTO `from_field_1` (`id`, `op_id`, `in_date`, `mz001`, `mz003`, `mz003_n`, `mz004`, `mz005`, `mz006`, `mz007`, `mz007_n`, `mz008`, `mz009`, `mz010`, `mz011`, `mz012`, `mz013`, `mz014`, `mz015`, `mz016`, `mz017`, `mz018`, `mz019`, `mz020`, `mz022`, `mz023`, `mz023_c`, `mz025`, `mz026`, `mz027`, `mz200_01_00_TI_NM`, `mz200_01_00_TI_NF`, `mz200_01_00_TI_EM`, `mz200_01_00_TI_EF`, `mz200_01_00_TP_NM`, `mz200_01_00_TP_NP`, `mz200_01_00_TP_EM`, `mz200_01_00_TP_EF`, `mz200_02_01_TI_NM`, `mz200_02_01_TI_NF`, `mz200_02_01_TI_EM`, `mz200_02_01_TI_EF`, `mz200_02_01_TP_NM`, `mz200_02_01_TP_NP`, `mz200_02_01_TP_EM`, `mz200_02_01_TP_EF`, `mz200_02_02_TI_NM`, `mz200_02_02_TI_NF`, `mz200_02_02_TI_EM`, `mz200_02_02_TI_EF`, `mz200_02_02_TP_NM`, `mz200_02_02_TP_NP`, `mz200_02_02_TP_EM`, `mz200_02_02_TP_EF`, `mz200_02_03_TI_NM`, `mz200_02_03_TI_NF`, `mz200_02_03_TI_EM`, `mz200_02_03_TI_EF`, `mz200_02_03_TP_NM`, `mz200_02_03_TP_NP`, `mz200_02_03_TP_EM`, `mz200_02_03_TP_EF`, `mz200_02_04_TI_NM`, `mz200_02_04_TI_NF`, `mz200_02_04_TI_EM`, `mz200_02_04_TI_EF`, `mz200_02_04_TP_NM`, `mz200_02_04_TP_NP`, `mz200_02_04_TP_EM`, `mz200_02_04_TP_EF`, `mz200_02_05_TI_NM`, `mz200_02_05_TI_NF`, `mz200_02_05_TI_EM`, `mz200_02_05_TI_EF`, `mz200_02_05_TP_NM`, `mz200_02_05_TP_NP`, `mz200_02_05_TP_EM`, `mz200_02_05_TP_EF`, `mz200_02_06_TI_NM`, `mz200_02_06_TI_NF`, `mz200_02_06_TI_EM`, `mz200_02_06_TI_EF`, `mz200_02_06_TP_NM`, `mz200_02_06_TP_NP`, `mz200_02_06_TP_EM`, `mz200_02_06_TP_EF`, `mz200_02_07_TI_NM`, `mz200_02_07_TI_NF`, `mz200_02_07_TI_EM`, `mz200_02_07_TI_EF`, `mz200_02_07_TP_NM`, `mz200_02_07_TP_NP`, `mz200_02_07_TP_EM`, `mz200_02_07_TP_EF`, `mz200_02_08_TI_NM`, `mz200_02_08_TI_NF`, `mz200_02_08_TI_EM`, `mz200_02_08_TI_EF`, `mz200_02_08_TP_NM`, `mz200_02_08_TP_NP`, `mz200_02_08_TP_EM`, `mz200_02_08_TP_EF`, `mz200_02_09_TI_NM`, `mz200_02_09_TI_NF`, `mz200_02_09_TI_EM`, `mz200_02_09_TI_EF`, `mz200_02_09_TP_NM`, `mz200_02_09_TP_NP`, `mz200_02_09_TP_EM`, `mz200_02_09_TP_EF`, `mz200_02_10_TI_NM`, `mz200_02_10_TI_NF`, `mz200_02_10_TI_EM`, `mz200_02_10_TI_EF`, `mz200_02_10_TP_NM`, `mz200_02_10_TP_NP`, `mz200_02_10_TP_EM`, `mz200_02_10_TP_EF`, `mz200_02_11_TI_NM`, `mz200_02_11_TI_NF`, `mz200_02_11_TI_EM`, `mz200_02_11_TI_EF`, `mz200_02_11_TP_NM`, `mz200_02_11_TP_NP`, `mz200_02_11_TP_EM`, `mz200_02_11_TP_EF`, `mz200_03_00_TI_NM`, `mz200_03_00_TI_NF`, `mz200_03_00_TI_EM`, `mz200_03_00_TI_EF`, `mz200_03_00_TP_NM`, `mz200_03_00_TP_NP`, `mz200_03_00_TP_EM`, `mz200_03_00_TP_EF`, `mz200_04_00_TI_NM`, `mz200_04_00_TI_NF`, `mz200_04_00_TI_EM`, `mz200_04_00_TI_EF`, `mz200_04_00_TP_NM`, `mz200_04_00_TP_NP`, `mz200_04_00_TP_EM`, `mz200_04_00_TP_EF`, `mz200_05_00_TI_NM`, `mz200_05_00_TI_NF`, `mz200_05_00_TI_EM`, `mz200_05_00_TI_EF`, `mz200_05_00_TP_NM`, `mz200_05_00_TP_NP`, `mz200_05_00_TP_EM`, `mz200_05_00_TP_EF`, `mz200_06_00_TI_NM`, `mz200_06_00_TI_NF`, `mz200_06_00_TI_EM`, `mz200_06_00_TI_EF`, `mz200_06_00_TP_NM`, `mz200_06_00_TP_NP`, `mz200_06_00_TP_EM`, `mz200_06_00_TP_EF`, `mz200_07_00_TI_NM`, `mz200_07_00_TI_NF`, `mz200_07_00_TI_EM`, `mz200_07_00_TI_EF`, `mz200_07_00_TP_NM`, `mz200_07_00_TP_NP`, `mz200_07_00_TP_EM`, `mz200_07_00_TP_EF`, `mz200_08_00_TI_NM`, `mz200_08_00_TI_NF`, `mz200_08_00_TI_EM`, `mz200_08_00_TI_EF`, `mz200_08_00_TP_NM`, `mz200_08_00_TP_NP`, `mz200_08_00_TP_EM`, `mz200_08_00_TP_EF`, `mz200_09_00_TI_NM`, `mz200_09_00_TI_NF`, `mz200_09_00_TI_EM`, `mz200_09_00_TI_EF`, `mz200_09_00_TP_NM`, `mz200_09_00_TP_NP`, `mz200_09_00_TP_EM`, `mz200_09_00_TP_EF`, `mz200_10_00_TI_NM`, `mz200_10_00_TI_NF`, `mz200_10_00_TI_EM`, `mz200_10_00_TI_EF`, `mz200_10_00_TP_NM`, `mz200_10_00_TP_NP`, `mz200_10_00_TP_EM`, `mz200_10_00_TP_EF`, `mz200_11_00_TI_NM`, `mz200_11_00_TI_NF`, `mz200_11_00_TI_EM`, `mz200_11_00_TI_EF`, `mz200_11_00_TP_NM`, `mz200_11_00_TP_NP`, `mz200_11_00_TP_EM`, `mz200_11_00_TP_EF`, `mz200_12_00_TI_NM`, `mz200_12_00_TI_NF`, `mz200_12_00_TI_EM`, `mz200_12_00_TI_EF`, `mz200_12_00_TP_NM`, `mz200_12_00_TP_NP`, `mz200_12_00_TP_EM`, `mz200_12_00_TP_EF`, `mz200_13_00_TI_NM`, `mz200_13_00_TI_NF`, `mz200_13_00_TI_EM`, `mz200_13_00_TI_EF`, `mz200_13_00_TP_NM`, `mz200_13_00_TP_NP`, `mz200_13_00_TP_EM`, `mz200_13_00_TP_EF`, `mz200_14_00_TI_NM`, `mz200_14_00_TI_NF`, `mz200_14_00_TI_EM`, `mz200_14_00_TI_EF`, `mz200_14_00_TP_NM`, `mz200_14_00_TP_NP`, `mz200_14_00_TP_EM`, `mz200_14_00_TP_EF`, `mz200_15_00_TI_NM`, `mz200_15_00_TI_NF`, `mz200_15_00_TI_EM`, `mz200_15_00_TI_EF`, `mz200_15_00_TP_NM`, `mz200_15_00_TP_NP`, `mz200_15_00_TP_EM`, `mz200_15_00_TP_EF`, `mz200_16_00_TI_NM`, `mz200_16_00_TI_NF`, `mz200_16_00_TI_EM`, `mz200_16_00_TI_EF`, `mz200_16_00_TP_NM`, `mz200_16_00_TP_NP`, `mz200_16_00_TP_EM`, `mz200_16_00_TP_EF`, `mz200_17_00_TI_NM`, `mz200_17_00_TI_NF`, `mz200_17_00_TI_EM`, `mz200_17_00_TI_EF`, `mz200_17_00_TP_NM`, `mz200_17_00_TP_NP`, `mz200_17_00_TP_EM`, `mz200_17_00_TP_EF`, `mz200_18_00_TI_NM`, `mz200_18_00_TI_NF`, `mz200_18_00_TI_EM`, `mz200_18_00_TI_EF`, `mz200_18_00_TP_NM`, `mz200_18_00_TP_NP`, `mz200_18_00_TP_EM`, `mz200_18_00_TP_EF`, `mz200_19_00_TI_NM`, `mz200_19_00_TI_NF`, `mz200_19_00_TI_EM`, `mz200_19_00_TI_EF`, `mz200_19_00_TP_NM`, `mz200_19_00_TP_NP`, `mz200_19_00_TP_EM`, `mz200_19_00_TP_EF`, `mz200_20_00_TI_NM`, `mz200_20_00_TI_NF`, `mz200_20_00_TI_EM`, `mz200_20_00_TI_EF`, `mz200_20_00_TP_NM`, `mz200_20_00_TP_NP`, `mz200_20_00_TP_EM`, `mz200_20_00_TP_EF`, `mz200_21_00_TI_NM`, `mz200_21_00_TI_NF`, `mz200_21_00_TI_EM`, `mz200_21_00_TI_EF`, `mz200_21_00_TP_NM`, `mz200_21_00_TP_NP`, `mz200_21_00_TP_EM`, `mz200_21_00_TP_EF`, `mz200_22_00_TI_NM`, `mz200_22_00_TI_NF`, `mz200_22_00_TI_EM`, `mz200_22_00_TI_EF`, `mz200_22_00_TP_NM`, `mz200_22_00_TP_NP`, `mz200_22_00_TP_EM`, `mz200_22_00_TP_EF`, `mz200_23_00_TI_NM`, `mz200_23_00_TI_NF`, `mz200_23_00_TI_EM`, `mz200_23_00_TI_EF`, `mz200_23_00_TP_NM`, `mz200_23_00_TP_NP`, `mz200_23_00_TP_EM`, `mz200_23_00_TP_EF`, `mz200_24_00_TI_NM`, `mz200_24_00_TI_NF`, `mz200_24_00_TI_EM`, `mz200_24_00_TI_EF`, `mz200_24_00_TP_NM`, `mz200_24_00_TP_NP`, `mz200_24_00_TP_EM`, `mz200_24_00_TP_EF`, `mz200_25_00_TI_NM`, `mz200_25_00_TI_NF`, `mz200_25_00_TI_EM`, `mz200_25_00_TI_EF`, `mz200_25_00_TP_NM`, `mz200_25_00_TP_NP`, `mz200_25_00_TP_EM`, `mz200_25_00_TP_EF`, `mz200_26_00_TI_NM`, `mz200_26_00_TI_NF`, `mz200_26_00_TI_EM`, `mz200_26_00_TI_EF`, `mz200_26_00_TP_NM`, `mz200_26_00_TP_NP`, `mz200_26_00_TP_EM`, `mz200_26_00_TP_EF`, `mz200_27_00_TI_NM`, `mz200_27_00_TI_NF`, `mz200_27_00_TI_EM`, `mz200_27_00_TI_EF`, `mz200_27_00_TP_NM`, `mz200_27_00_TP_NP`, `mz200_27_00_TP_EM`, `mz200_27_00_TP_EF`, `mz200_28_00_TI_NM`, `mz200_28_00_TI_NF`, `mz200_28_00_TI_EM`, `mz200_28_00_TI_EF`, `mz200_28_00_TP_NM`, `mz200_28_00_TP_NP`, `mz200_28_00_TP_EM`, `mz200_28_00_TP_EF`, `mz200_29_00_TI_NM`, `mz200_29_00_TI_NF`, `mz200_29_00_TI_EM`, `mz200_29_00_TI_EF`, `mz200_29_00_TP_NM`, `mz200_29_00_TP_NP`, `mz200_29_00_TP_EM`, `mz200_29_00_TP_EF`, `mz200_30_00_TI_NM`, `mz200_30_00_TI_NF`, `mz200_30_00_TI_EM`, `mz200_30_00_TI_EF`, `mz200_30_00_TP_NM`, `mz200_30_00_TP_NP`, `mz200_30_00_TP_EM`, `mz200_30_00_TP_EF`, `mz200_31_00_TI_NM`, `mz200_31_00_TI_NF`, `mz200_31_00_TI_EM`, `mz200_31_00_TI_EF`, `mz200_31_00_TP_NM`, `mz200_31_00_TP_NP`, `mz200_31_00_TP_EM`, `mz200_31_00_TP_EF`, `mz200_32_00_TI_NM`, `mz200_32_00_TI_NF`, `mz200_32_00_TI_EM`, `mz200_32_00_TI_EF`, `mz200_32_00_TP_NM`, `mz200_32_00_TP_NP`, `mz200_32_00_TP_EM`, `mz200_32_00_TP_EF`, `mz200_33_00_TI_NM`, `mz200_33_00_TI_NF`, `mz200_33_00_TI_EM`, `mz200_33_00_TI_EF`, `mz200_33_00_TP_NM`, `mz200_33_00_TP_NP`, `mz200_33_00_TP_EM`, `mz200_33_00_TP_EF`, `mz200_34_00_TI_NM`, `mz200_34_00_TI_NF`, `mz200_34_00_TI_EM`, `mz200_34_00_TI_EF`, `mz200_34_00_TP_NM`, `mz200_34_00_TP_NP`, `mz200_34_00_TP_EM`, `mz200_34_00_TP_EF`, `mz200_35_00_TI_NM`, `mz200_35_00_TI_NF`, `mz200_35_00_TI_EM`, `mz200_35_00_TI_EF`, `mz200_35_00_TP_NM`, `mz200_35_00_TP_NP`, `mz200_35_00_TP_EM`, `mz200_35_00_TP_EF`, `mz200_36_00_TI_NM`, `mz200_36_00_TI_NF`, `mz200_36_00_TI_EM`, `mz200_36_00_TI_EF`, `mz200_36_00_TP_NM`, `mz200_36_00_TP_NP`, `mz200_36_00_TP_EM`, `mz200_36_00_TP_EF`, `mz200_37_00_TI_NM`, `mz200_37_00_TI_NF`, `mz200_37_00_TI_EM`, `mz200_37_00_TI_EF`, `mz200_37_00_TP_NM`, `mz200_37_00_TP_NP`, `mz200_37_00_TP_EM`, `mz200_37_00_TP_EF`, `mz200_38_00_TI_NM`, `mz200_38_00_TI_NF`, `mz200_38_00_TI_EM`, `mz200_38_00_TI_EF`, `mz200_38_00_TP_NM`, `mz200_38_00_TP_NP`, `mz200_38_00_TP_EM`, `mz200_38_00_TP_EF`, `mz200_39_00_TI_NM`, `mz200_39_00_TI_NF`, `mz200_39_00_TI_EM`, `mz200_39_00_TI_EF`, `mz200_39_00_TP_NM`, `mz200_39_00_TP_NP`, `mz200_39_00_TP_EM`, `mz200_39_00_TP_EF`, `mz200_40_00_TI_NM`, `mz200_40_00_TI_NF`, `mz200_40_00_TI_EM`, `mz200_40_00_TI_EF`, `mz200_40_00_TP_NM`, `mz200_40_00_TP_NP`, `mz200_40_00_TP_EM`, `mz200_40_00_TP_EF`, `mz200_41_00_TI_NM`, `mz200_41_00_TI_NF`, `mz200_41_00_TI_EM`, `mz200_41_00_TI_EF`, `mz200_41_00_TP_NM`, `mz200_41_00_TP_NP`, `mz200_41_00_TP_EM`, `mz200_41_00_TP_EF`, `mz200_42_00_TI_NM`, `mz200_42_00_TI_NF`, `mz200_42_00_TI_EM`, `mz200_42_00_TI_EF`, `mz200_42_00_TP_NM`, `mz200_42_00_TP_NP`, `mz200_42_00_TP_EM`, `mz200_42_00_TP_EF`, `mz200_43_00_TI_NM`, `mz200_43_00_TI_NF`, `mz200_43_00_TI_EM`, `mz200_43_00_TI_EF`, `mz200_43_00_TP_NM`, `mz200_43_00_TP_NP`, `mz200_43_00_TP_EM`, `mz200_43_00_TP_EF`, `mz200_44_00_TI_NM`, `mz200_44_00_TI_NF`, `mz200_44_00_TI_EM`, `mz200_44_00_TI_EF`, `mz200_44_00_TP_NM`, `mz200_44_00_TP_NP`, `mz200_44_00_TP_EM`, `mz200_44_00_TP_EF`, `mz200_45_00_TI_NM`, `mz200_45_00_TI_NF`, `mz200_45_00_TI_EM`, `mz200_45_00_TI_EF`, `mz200_45_00_TP_NM`, `mz200_45_00_TP_NP`, `mz200_45_00_TP_EM`, `mz200_45_00_TP_EF`, `mz200_46_00_TI_NM`, `mz200_46_00_TI_NF`, `mz200_46_00_TI_EM`, `mz200_46_00_TI_EF`, `mz200_46_00_TP_NM`, `mz200_46_00_TP_NP`, `mz200_46_00_TP_EM`, `mz200_46_00_TP_EF`, `mz200_47_00_TI_NM`, `mz200_47_00_TI_NF`, `mz200_47_00_TI_EM`, `mz200_47_00_TI_EF`, `mz200_47_00_TP_NM`, `mz200_47_00_TP_NP`, `mz200_47_00_TP_EM`, `mz200_47_00_TP_EF`, `mz200_48_00_TI_NM`, `mz200_48_00_TI_NF`, `mz200_48_00_TI_EM`, `mz200_48_00_TI_EF`, `mz200_48_00_TP_NM`, `mz200_48_00_TP_NP`, `mz200_48_00_TP_EM`, `mz200_48_00_TP_EF`, `mz200_49_00_TI_NM`, `mz200_49_00_TI_NF`, `mz200_49_00_TI_EM`, `mz200_49_00_TI_EF`, `mz200_49_00_TP_NM`, `mz200_49_00_TP_NP`, `mz200_49_00_TP_EM`, `mz200_49_00_TP_EF`, `mz200_50_00_TI_NM`, `mz200_50_00_TI_NF`, `mz200_50_00_TI_EM`, `mz200_50_00_TI_EF`, `mz200_50_00_TP_NM`, `mz200_50_00_TP_NP`, `mz200_50_00_TP_EM`, `mz200_50_00_TP_EF`, `mz200_51_00_TI_NM`, `mz200_51_00_TI_NF`, `mz200_51_00_TI_EM`, `mz200_51_00_TI_EF`, `mz200_51_00_TP_NM`, `mz200_51_00_TP_NP`, `mz200_51_00_TP_EM`, `mz200_51_00_TP_EF`) VALUES
(23, 19, '2017-02-20', '111', 'Unidade 1', 0, 'U1', 'Mavalane', 12, 'Kamavota', 0, 'Hmm', 'Maputo ', 'Av. FPLM, N 40', '841111111', 9, 1, 1, 1, '2007-02-20', '2012-02-20', '2016-04-20', '2017-02-20', '2015-02-20', 0, 8, '1,3,5,10,11,12', 5, -25.9529, 32.6058, 0, 0, 0, 0, 0, 0, 0, 0, 0, 0, 0, 0, 0, 0, 0, 0, 0, 0, 0, 0, 0, 0, 0, 0, 0, 0, 0, 0, 0, 0, 0, 0, 0, 0, 0, 0, 0, 0, 0, 0, 0, 0, 0, 0, 0, 0, 0, 0, 0, 0, 0, 0, 0, 0, 0, 0, 0, 0, 0, 0, 0, 0, 0, 0, 0, 0, 0, 0, 0, 0, 0, 0, 0, 0, 0, 0, 0, 0, 0, 0, 0, 0, 0, 0, 0, 0, 0, 0, 0, 0, 0, 0, 0, 0, 0, 0, 0, 0, 0, 0, 0, 0, 0, 0, 0, 0, 0, 0, 0, 0, 0, 0, 0, 0, 0, 0, 0, 0, 0, 0, 0, 0, 0, 0, 0, 0, 0, 0, 0, 0, 0, 0, 0, 0, 0, 0, 0, 0, 0, 0, 0, 0, 0, 0, 0, 0, 0, 0, 0, 0, 0, 0, 0, 0, 0, 0, 0, 0, 0, 0, 0, 0, 0, 0, 0, 0, 0, 0, 0, 0, 0, 0, 0, 0, 0, 0, 0, 0, 0, 0, 0, 0, 0, 0, 0, 0, 0, 0, 0, 0, 0, 0, 0, 0, 0, 0, 0, 0, 0, 0, 0, 0, 0, 0, 0, 0, 0, 0, 0, 0, 0, 0, 0, 0, 0, 0, 0, 0, 0, 0, 0, 0, 0, 0, 0, 0, 0, 0, 0, 0, 0, 0, 0, 0, 0, 0, 0, 0, 0, 0, 0, 0, 0, 0, 0, 0, 0, 0, 0, 0, 0, 0, 0, 0, 0, 0, 0, 0, 0, 0, 0, 0, 0, 0, 0, 0, 0, 0, 0, 0, 0, 0, 0, 0, 0, 0, 0, 0, 0, 0, 0, 0, 0, 0, 0, 0, 0, 0, 0, 0, 0, 0, 0, 0, 0, 0, 0, 0, 0, 0, 0, 0, 0, 0, 0, 0, 0, 0, 0, 0, 0, 0, 0, 0, 0, 0, 0, 0, 0, 0, 0, 0, 0, 0, 0, 0, 0, 0, 0, 0, 0, 0, 0, 0, 0, 0, 0, 0, 0, 0, 0, 0, 0, 0, 0, 0, 0, 0, 0, 0, 0, 0, 0, 0, 0, 0, 0, 0, 0, 0, 0, 0, 0, 0, 0, 0, 0, 0, 0, 0, 0, 0, 0, 0, 0, 0, 0, 0, 0, 0, 0, 0, 0, 0, 0, 0, 0, 0, 0, 0, 0, 0, 0, 0, 0, 0, 0, 0, 0, 0, 0, 0, 0, 0, 0, 0, 0, 0, 0, 0, 0, 0, 0, 0, 0, 0, 0, 0, 0, 0, 0, 0, 0, 0, 0, 0, 0, 0, 0, 0, 0, 0, 0, 0, 0, 0, 0, 0, 0, 0, 0, 0, 0, 0, 0, 0, 0, 0, 0, 0, 0, 0, 0, 0, 0, 0, 0, 0, 0, 0, 0, 0, 0, 0, 0, 0, 0, 0, 0, 0, 0, 0, 0, 0, 0, 0, 0, 0, 0, 0, 0, 0, 0, 0, 0, 0, 0, 0),
(24, 17, '2017-02-20', '27437', 'Paulao', 0, 'Paulo', 'Bairro', 2, 'Bairro', 0, 'Ps', 'Ps 2', 'Bdhd', 'Ndnene', 1, 1, 1, 1, '2017-02-20', '2017-02-20', '2017-02-20', '2017-02-20', '2017-02-20', 0, 10, '1,3,5,10,11,12', 0, -25.9529, 32.6058, 0, 0, 0, 0, 0, 0, 0, 0, 0, 0, 0, 0, 0, 0, 0, 0, 0, 0, 0, 0, 0, 0, 0, 0, 0, 0, 0, 0, 0, 0, 0, 0, 0, 0, 0, 0, 0, 0, 0, 0, 0, 0, 0, 0, 0, 0, 0, 0, 0, 0, 0, 0, 0, 0, 0, 0, 0, 0, 0, 0, 0, 0, 0, 0, 0, 0, 0, 0, 0, 0, 0, 0, 0, 0, 0, 0, 0, 0, 0, 0, 0, 0, 0, 0, 0, 0, 0, 0, 0, 0, 0, 0, 0, 0, 0, 0, 0, 0, 0, 0, 0, 0, 0, 0, 0, 0, 0, 0, 0, 0, 0, 0, 0, 0, 0, 0, 0, 0, 0, 0, 0, 0, 0, 0, 0, 0, 0, 0, 0, 0, 0, 0, 0, 0, 0, 0, 0, 0, 0, 0, 0, 0, 0, 0, 0, 0, 0, 0, 0, 0, 0, 0, 0, 0, 0, 0, 0, 0, 0, 0, 0, 0, 0, 0, 0, 0, 0, 0, 0, 0, 0, 0, 0, 0, 0, 0, 0, 0, 0, 0, 0, 0, 0, 0, 0, 0, 0, 0, 0, 0, 0, 0, 0, 0, 0, 0, 0, 0, 0, 0, 0, 0, 0, 0, 0, 0, 0, 0, 0, 0, 0, 0, 0, 0, 0, 0, 0, 0, 0, 0, 0, 0, 0, 0, 0, 0, 0, 0, 0, 0, 0, 0, 0, 0, 0, 0, 0, 0, 0, 0, 0, 0, 0, 0, 0, 0, 0, 0, 0, 0, 0, 0, 0, 0, 0, 0, 0, 0, 0, 0, 0, 0, 0, 0, 0, 0, 0, 0, 0, 0, 0, 0, 0, 0, 0, 0, 0, 0, 0, 0, 0, 0, 0, 0, 0, 0, 0, 0, 0, 0, 0, 0, 0, 0, 0, 0, 0, 0, 0, 0, 0, 0, 0, 0, 0, 0, 0, 0, 0, 0, 0, 0, 0, 0, 0, 0, 0, 0, 0, 0, 0, 0, 0, 0, 0, 0, 0, 0, 0, 0, 0, 0, 0, 0, 0, 0, 0, 0, 0, 0, 0, 0, 0, 0, 0, 0, 0, 0, 0, 0, 0, 0, 0, 0, 0, 0, 0, 0, 0, 0, 0, 0, 0, 0, 0, 0, 0, 0, 0, 0, 0, 0, 0, 0, 0, 0, 0, 0, 0, 0, 0, 0, 0, 0, 0, 0, 0, 0, 0, 0, 0, 0, 0, 0, 0, 0, 0, 0, 0, 0, 0, 0, 0, 0, 0, 0, 0, 0, 0, 0, 0, 0, 0, 0, 0, 0, 0, 0, 0, 0, 0, 0, 0, 0, 0, 0, 0, 0, 0, 0, 0, 0, 0, 0, 0, 0, 0, 0, 0, 0, 0, 0, 0, 0, 0, 0, 0, 0, 0, 0, 0, 0, 0, 0, 0, 0, 0, 0, 0, 0, 0, 0, 0, 0, 0, 0, 0, 0, 0, 0, 0, 0, 0, 0, 0, 0, 0, 0, 0, 0, 0, 0, 0, 0, 0, 0, 0, 0),
(25, 17, '2017-02-20', 'A', 'Hshsh', 0, 'Bshe', 'Jdjdjd', 2, 'Dbshehh', 0, 'Jehejej', 'Sbehsh', 'Hrhe', 'Hddh', 1, 1, 1, 1, '2017-02-20', '2017-02-20', '2017-02-20', '2017-02-20', '2017-02-20', 0, 1, '1,3,5,10,11,12', 0, -25.9529, 32.6058, 0, 0, 0, 0, 0, 0, 0, 0, 0, 0, 0, 0, 0, 0, 0, 0, 0, 0, 0, 0, 0, 0, 0, 0, 0, 0, 0, 0, 0, 0, 0, 0, 0, 0, 0, 0, 0, 0, 0, 0, 0, 0, 0, 0, 0, 0, 0, 0, 0, 0, 0, 0, 0, 0, 0, 0, 0, 0, 0, 0, 0, 0, 0, 0, 0, 0, 0, 0, 0, 0, 0, 0, 0, 0, 0, 0, 0, 0, 0, 0, 0, 0, 0, 0, 0, 0, 0, 0, 0, 0, 0, 0, 0, 0, 0, 0, 0, 0, 0, 0, 0, 0, 0, 0, 0, 0, 0, 0, 0, 0, 0, 0, 0, 0, 0, 0, 0, 0, 0, 0, 0, 0, 0, 0, 0, 0, 0, 0, 0, 0, 0, 0, 0, 0, 0, 0, 0, 0, 0, 0, 0, 0, 0, 0, 0, 0, 0, 0, 0, 0, 0, 0, 0, 0, 0, 0, 0, 0, 0, 0, 0, 0, 0, 0, 0, 0, 0, 0, 0, 0, 0, 0, 0, 0, 0, 0, 0, 0, 0, 0, 0, 0, 0, 0, 0, 0, 0, 0, 0, 0, 0, 0, 0, 0, 0, 0, 0, 0, 0, 0, 0, 0, 0, 0, 0, 0, 0, 0, 0, 0, 0, 0, 0, 0, 0, 0, 0, 0, 0, 0, 0, 0, 0, 0, 0, 0, 0, 0, 0, 0, 0, 0, 0, 0, 0, 0, 0, 0, 0, 0, 0, 0, 0, 0, 0, 0, 0, 0, 0, 0, 0, 0, 0, 0, 0, 0, 0, 0, 0, 0, 0, 0, 0, 0, 0, 0, 0, 0, 0, 0, 0, 0, 0, 0, 0, 0, 0, 0, 0, 0, 0, 0, 0, 0, 0, 0, 0, 0, 0, 0, 0, 0, 0, 0, 0, 0, 0, 0, 0, 0, 0, 0, 0, 0, 0, 0, 0, 0, 0, 0, 0, 0, 0, 0, 0, 0, 0, 0, 0, 0, 0, 0, 0, 0, 0, 0, 0, 0, 0, 0, 0, 0, 0, 0, 0, 0, 0, 0, 0, 0, 0, 0, 0, 0, 0, 0, 0, 0, 0, 0, 0, 0, 0, 0, 0, 0, 0, 0, 0, 0, 0, 0, 0, 0, 0, 0, 0, 0, 0, 0, 0, 0, 0, 0, 0, 0, 0, 0, 0, 0, 0, 0, 0, 0, 0, 0, 0, 0, 0, 0, 0, 0, 0, 0, 0, 0, 0, 0, 0, 0, 0, 0, 0, 0, 0, 0, 0, 0, 0, 0, 0, 0, 0, 0, 0, 0, 0, 0, 0, 0, 0, 0, 0, 0, 0, 0, 0, 0, 0, 0, 0, 0, 0, 0, 0, 0, 0, 0, 0, 0, 0, 0, 0, 0, 0, 0, 0, 0, 0, 0, 0, 0, 0, 0, 0, 0, 0, 0, 0, 0, 0, 0, 0, 0, 0, 0, 0, 0, 0, 0, 0, 0, 0, 0, 0, 0, 0, 0, 0, 0, 0, 0, 0, 0, 0, 0, 0, 0),
(26, 17, '2017-02-20', 'A', 'Hshsh', 0, 'Bshe', 'Jdjdjd', 2, 'Dbshehh', 0, 'Jehejej', 'Sbehsh', 'Hrhe', 'Hddh', 1, 1, 1, 1, '2017-02-20', '2017-02-20', '2017-02-20', '2017-02-20', '2017-02-20', 0, 1, '1,3,5,10,11,12', 0, -25.9529, 32.6058, 0, 0, 0, 0, 0, 0, 0, 0, 0, 0, 0, 0, 0, 0, 0, 0, 0, 0, 0, 0, 0, 0, 0, 0, 0, 0, 0, 0, 0, 0, 0, 0, 0, 0, 0, 0, 0, 0, 0, 0, 0, 0, 0, 0, 0, 0, 0, 0, 0, 0, 0, 0, 0, 0, 0, 0, 0, 0, 0, 0, 0, 0, 0, 0, 0, 0, 0, 0, 0, 0, 0, 0, 0, 0, 0, 0, 0, 0, 0, 0, 0, 0, 0, 0, 0, 0, 0, 0, 0, 0, 0, 0, 0, 0, 0, 0, 0, 0, 0, 0, 0, 0, 0, 0, 0, 0, 0, 0, 0, 0, 0, 0, 0, 0, 0, 0, 0, 0, 0, 0, 0, 0, 0, 0, 0, 0, 0, 0, 0, 0, 0, 0, 0, 0, 0, 0, 0, 0, 0, 0, 0, 0, 0, 0, 0, 0, 0, 0, 0, 0, 0, 0, 0, 0, 0, 0, 0, 0, 0, 0, 0, 0, 0, 0, 0, 0, 0, 0, 0, 0, 0, 0, 0, 0, 0, 0, 0, 0, 0, 0, 0, 0, 0, 0, 0, 0, 0, 0, 0, 0, 0, 0, 0, 0, 0, 0, 0, 0, 0, 0, 0, 0, 0, 0, 0, 0, 0, 0, 0, 0, 0, 0, 0, 0, 0, 0, 0, 0, 0, 0, 0, 0, 0, 0, 0, 0, 0, 0, 0, 0, 0, 0, 0, 0, 0, 0, 0, 0, 0, 0, 0, 0, 0, 0, 0, 0, 0, 0, 0, 0, 0, 0, 0, 0, 0, 0, 0, 0, 0, 0, 0, 0, 0, 0, 0, 0, 0, 0, 0, 0, 0, 0, 0, 0, 0, 0, 0, 0, 0, 0, 0, 0, 0, 0, 0, 0, 0, 0, 0, 0, 0, 0, 0, 0, 0, 0, 0, 0, 0, 0, 0, 0, 0, 0, 0, 0, 0, 0, 0, 0, 0, 0, 0, 0, 0, 0, 0, 0, 0, 0, 0, 0, 0, 0, 0, 0, 0, 0, 0, 0, 0, 0, 0, 0, 0, 0, 0, 0, 0, 0, 0, 0, 0, 0, 0, 0, 0, 0, 0, 0, 0, 0, 0, 0, 0, 0, 0, 0, 0, 0, 0, 0, 0, 0, 0, 0, 0, 0, 0, 0, 0, 0, 0, 0, 0, 0, 0, 0, 0, 0, 0, 0, 0, 0, 0, 0, 0, 0, 0, 0, 0, 0, 0, 0, 0, 0, 0, 0, 0, 0, 0, 0, 0, 0, 0, 0, 0, 0, 0, 0, 0, 0, 0, 0, 0, 0, 0, 0, 0, 0, 0, 0, 0, 0, 0, 0, 0, 0, 0, 0, 0, 0, 0, 0, 0, 0, 0, 0, 0, 0, 0, 0, 0, 0, 0, 0, 0, 0, 0, 0, 0, 0, 0, 0, 0, 0, 0, 0, 0, 0, 0, 0, 0, 0, 0, 0, 0, 0, 0, 0, 0, 0, 0, 0, 0, 0, 0, 0, 0, 0, 0, 0, 0, 0, 0, 0, 0, 0),
(27, 8, '2017-02-23', 'Something', 'A facility', 0, 'Jembi', 'Maputo', 6, 'Maputo', 0, '484', 'mOasis', 'Heheh', '748382818', 6, 1, 1, 1, '2017-02-23', '2017-02-23', '2017-02-23', '2017-02-23', '2017-02-23', 1, 1, '1,3,5,10,11,12', 0, -34.0618, 18.4589, 0, 0, 0, 0, 0, 0, 0, 0, 0, 0, 0, 0, 0, 0, 0, 0, 0, 0, 0, 0, 0, 0, 0, 0, 0, 0, 0, 0, 0, 0, 0, 0, 0, 0, 0, 0, 0, 0, 0, 0, 0, 0, 0, 0, 0, 0, 0, 0, 0, 0, 0, 0, 0, 0, 0, 0, 0, 0, 0, 0, 0, 0, 0, 0, 0, 0, 0, 0, 0, 0, 0, 0, 0, 0, 0, 0, 0, 0, 0, 0, 0, 0, 0, 0, 0, 0, 0, 0, 0, 0, 0, 0, 0, 0, 0, 0, 0, 0, 0, 0, 0, 0, 0, 0, 0, 0, 0, 0, 0, 0, 0, 0, 0, 0, 0, 0, 0, 0, 0, 0, 0, 0, 0, 0, 0, 0, 0, 0, 0, 0, 0, 0, 0, 0, 0, 0, 0, 0, 0, 0, 0, 0, 0, 0, 0, 0, 0, 0, 0, 0, 0, 0, 0, 0, 0, 0, 0, 0, 0, 0, 0, 0, 0, 0, 0, 0, 0, 0, 0, 0, 0, 0, 0, 0, 0, 0, 0, 0, 0, 0, 0, 0, 0, 0, 0, 0, 0, 0, 0, 0, 0, 0, 0, 0, 0, 0, 0, 0, 0, 0, 0, 0, 0, 0, 0, 0, 0, 0, 0, 0, 0, 0, 0, 0, 0, 0, 0, 0, 0, 0, 0, 0, 0, 0, 0, 0, 0, 0, 0, 0, 0, 0, 0, 0, 0, 0, 0, 0, 0, 0, 0, 0, 0, 0, 0, 0, 0, 0, 0, 0, 0, 0, 0, 0, 0, 0, 0, 0, 0, 0, 0, 0, 0, 0, 0, 0, 0, 0, 0, 0, 0, 0, 0, 0, 0, 0, 0, 0, 0, 0, 0, 0, 0, 0, 0, 0, 0, 0, 0, 0, 0, 0, 0, 0, 0, 0, 0, 0, 0, 0, 0, 0, 0, 0, 0, 0, 0, 0, 0, 0, 0, 0, 0, 0, 0, 0, 0, 0, 0, 0, 0, 0, 0, 0, 0, 0, 0, 0, 0, 0, 0, 0, 0, 0, 0, 0, 0, 0, 0, 0, 0, 0, 0, 0, 0, 0, 0, 0, 0, 0, 0, 0, 0, 0, 0, 0, 0, 0, 0, 0, 0, 0, 0, 0, 0, 0, 0, 0, 0, 0, 0, 0, 0, 0, 0, 0, 0, 0, 0, 0, 0, 0, 0, 0, 0, 0, 0, 0, 0, 0, 0, 0, 0, 0, 0, 0, 0, 0, 0, 0, 0, 0, 0, 0, 0, 0, 0, 0, 0, 0, 0, 0, 0, 0, 0, 0, 0, 0, 0, 0, 0, 0, 0, 0, 0, 0, 0, 0, 0, 0, 0, 0, 0, 0, 0, 0, 0, 0, 0, 0, 0, 0, 0, 0, 0, 0, 0, 0, 0, 0, 0, 0, 0, 0, 0, 0, 0, 0, 0, 0, 0, 0, 0, 0, 0, 0, 0, 0, 0, 0, 0, 0, 0, 0, 0, 0, 0, 0, 0, 0, 0, 0, 0, 0, 0, 0, 0, 0),
(28, 8, '2017-02-24', 'MAP', 'Maputo Hospital', 0, 'Hello', 'Maputo', 11, 'T3', 0, 'Eduado', 'Mozambique ', 'Something', '737885782', 1, 1, 1, 1, '2017-02-24', '2017-02-24', '2017-02-24', '2017-02-24', '2017-02-24', 0, 1, '1,3,5,10,11,12', 0, 0, 0, 0, 0, 0, 0, 0, 0, 0, 0, 0, 0, 0, 0, 0, 0, 0, 0, 0, 0, 0, 0, 0, 0, 0, 0, 0, 0, 0, 0, 0, 0, 0, 0, 0, 0, 0, 0, 0, 0, 0, 0, 0, 0, 0, 0, 0, 0, 0, 0, 0, 0, 0, 0, 0, 0, 0, 0, 0, 0, 0, 0, 0, 0, 0, 0, 0, 0, 0, 0, 0, 0, 0, 0, 0, 0, 0, 0, 0, 0, 0, 0, 0, 0, 0, 0, 0, 0, 0, 0, 0, 0, 0, 0, 0, 0, 0, 0, 0, 0, 0, 0, 0, 0, 0, 0, 0, 0, 0, 0, 0, 0, 0, 0, 0, 0, 0, 0, 0, 0, 0, 0, 0, 0, 0, 0, 0, 0, 0, 0, 0, 0, 0, 0, 0, 0, 0, 0, 0, 0, 0, 0, 0, 0, 0, 0, 0, 0, 0, 0, 0, 0, 0, 0, 0, 0, 0, 0, 0, 0, 0, 0, 0, 0, 0, 0, 0, 0, 0, 0, 0, 0, 0, 0, 0, 0, 0, 0, 0, 0, 0, 0, 0, 0, 0, 0, 0, 0, 0, 0, 0, 0, 0, 0, 0, 0, 0, 0, 0, 0, 0, 0, 0, 0, 0, 0, 0, 0, 0, 0, 0, 0, 0, 0, 0, 0, 0, 0, 0, 0, 0, 0, 0, 0, 0, 0, 0, 0, 0, 0, 0, 0, 0, 0, 0, 0, 0, 0, 0, 0, 0, 0, 0, 0, 0, 0, 0, 0, 0, 0, 0, 0, 0, 0, 0, 0, 0, 0, 0, 0, 0, 0, 0, 0, 0, 0, 0, 0, 0, 0, 0, 0, 0, 0, 0, 0, 0, 0, 0, 0, 0, 0, 0, 0, 0, 0, 0, 0, 0, 0, 0, 0, 0, 0, 0, 0, 0, 0, 0, 0, 0, 0, 0, 0, 0, 0, 0, 0, 0, 0, 0, 0, 0, 0, 0, 0, 0, 0, 0, 0, 0, 0, 0, 0, 0, 0, 0, 0, 0, 0, 0, 0, 0, 0, 0, 0, 0, 0, 0, 0, 0, 0, 0, 0, 0, 0, 0, 0, 0, 0, 0, 0, 0, 0, 0, 0, 0, 0, 0, 0, 0, 0, 0, 0, 0, 0, 0, 0, 0, 0, 0, 0, 0, 0, 0, 0, 0, 0, 0, 0, 0, 0, 0, 0, 0, 0, 0, 0, 0, 0, 0, 0, 0, 0, 0, 0, 0, 0, 0, 0, 0, 0, 0, 0, 0, 0, 0, 0, 0, 0, 0, 0, 0, 0, 0, 0, 0, 0, 0, 0, 0, 0, 0, 0, 0, 0, 0, 0, 0, 0, 0, 0, 0, 0, 0, 0, 0, 0, 0, 0, 0, 0, 0, 0, 0, 0, 0, 0, 0, 0, 0, 0, 0, 0, 0, 0, 0, 0, 0, 0, 0, 0, 0, 0, 0, 0, 0, 0, 0, 0, 0, 0, 0, 0, 0, 0, 0, 0, 0, 0, 0, 0, 0, 0, 0, 0, 0, 0, 0, 0),
(29, 8, '2017-02-24', 'Pemba', 'Pemba', 0, 'Not sure', 'Pemba', 3, 'Pemba', 0, '73737', 'Pemba', 'Hello', '83828184', 1, 1, 1, 1, '2017-02-24', '2017-02-24', '2017-02-24', '2017-03-24', '2018-02-24', 0, 1, '1,3,5,10,11,12', 0, 0, 0, 0, 0, 0, 0, 0, 0, 0, 0, 0, 0, 0, 0, 0, 0, 0, 0, 0, 0, 0, 0, 0, 0, 0, 0, 0, 0, 0, 0, 0, 0, 0, 0, 0, 0, 0, 0, 0, 0, 0, 0, 0, 0, 0, 0, 0, 0, 0, 0, 0, 0, 0, 0, 0, 0, 0, 0, 0, 0, 0, 0, 0, 0, 0, 0, 0, 0, 0, 0, 0, 0, 0, 0, 0, 0, 0, 0, 0, 0, 0, 0, 0, 0, 0, 0, 0, 0, 0, 0, 0, 0, 0, 0, 0, 0, 0, 0, 0, 0, 0, 0, 0, 0, 0, 0, 0, 0, 0, 0, 0, 0, 0, 0, 0, 0, 0, 0, 0, 0, 0, 0, 0, 0, 0, 0, 0, 0, 0, 0, 0, 0, 0, 0, 0, 0, 0, 0, 0, 0, 0, 0, 0, 0, 0, 0, 0, 0, 0, 0, 0, 0, 0, 0, 0, 0, 0, 0, 0, 0, 0, 0, 0, 0, 0, 0, 0, 0, 0, 0, 0, 0, 0, 0, 0, 0, 0, 0, 0, 0, 0, 0, 0, 0, 0, 0, 0, 0, 0, 0, 0, 0, 0, 0, 0, 0, 0, 0, 0, 0, 0, 0, 0, 0, 0, 0, 0, 0, 0, 0, 0, 0, 0, 0, 0, 0, 0, 0, 0, 0, 0, 0, 0, 0, 0, 0, 0, 0, 0, 0, 0, 0, 0, 0, 0, 0, 0, 0, 0, 0, 0, 0, 0, 0, 0, 0, 0, 0, 0, 0, 0, 0, 0, 0, 0, 0, 0, 0, 0, 0, 0, 0, 0, 0, 0, 0, 0, 0, 0, 0, 0, 0, 0, 0, 0, 0, 0, 0, 0, 0, 0, 0, 0, 0, 0, 0, 0, 0, 0, 0, 0, 0, 0, 0, 0, 0, 0, 0, 0, 0, 0, 0, 0, 0, 0, 0, 0, 0, 0, 0, 0, 0, 0, 0, 0, 0, 0, 0, 0, 0, 0, 0, 0, 0, 0, 0, 0, 0, 0, 0, 0, 0, 0, 0, 0, 0, 0, 0, 0, 0, 0, 0, 0, 0, 0, 0, 0, 0, 0, 0, 0, 0, 0, 0, 0, 0, 0, 0, 0, 0, 0, 0, 0, 0, 0, 0, 0, 0, 0, 0, 0, 0, 0, 0, 0, 0, 0, 0, 0, 0, 0, 0, 0, 0, 0, 0, 0, 0, 0, 0, 0, 0, 0, 0, 0, 0, 0, 0, 0, 0, 0, 0, 0, 0, 0, 0, 0, 0, 0, 0, 0, 0, 0, 0, 0, 0, 0, 0, 0, 0, 0, 0, 0, 0, 0, 0, 0, 0, 0, 0, 0, 0, 0, 0, 0, 0, 0, 0, 0, 0, 0, 0, 0, 0, 0, 0, 0, 0, 0, 0, 0, 0, 0, 0, 0, 0, 0, 0, 0, 0, 0, 0, 0, 0, 0, 0, 0, 0, 0, 0, 0, 0, 0, 0, 0, 0, 0, 0, 0, 0, 0, 0, 0, 0, 0, 0, 0, 0, 0, 0),
(30, 5, '2017-02-27', 'test 10', 'teste 10', 0, 'test10', 'test10', 11, 'teste 10', 0, 'teste 10', 'teste 10', 'test 10', 'test 10', 1, 1, 1, 1, '2017-02-28', '2017-02-27', '2017-02-28', '2017-02-27', '2017-02-28', 0, 1, '1,3,5,10,11,12', 0, -25.9529, 32.6058, 0, 0, 0, 0, 0, 0, 0, 0, 0, 0, 0, 0, 0, 0, 0, 0, 0, 0, 0, 0, 0, 0, 0, 0, 0, 0, 0, 0, 0, 0, 0, 0, 0, 0, 0, 0, 0, 0, 0, 0, 0, 0, 0, 0, 0, 0, 0, 0, 0, 0, 0, 0, 0, 0, 0, 0, 0, 0, 0, 0, 0, 0, 0, 0, 0, 0, 0, 0, 0, 0, 0, 0, 0, 0, 0, 0, 0, 0, 0, 0, 0, 0, 0, 0, 0, 0, 0, 0, 0, 0, 0, 0, 0, 0, 0, 0, 0, 0, 0, 0, 0, 0, 0, 0, 0, 0, 0, 0, 0, 0, 0, 0, 0, 0, 0, 0, 0, 0, 0, 0, 0, 0, 0, 0, 0, 0, 0, 0, 0, 0, 0, 0, 0, 0, 0, 0, 0, 0, 0, 0, 0, 0, 0, 0, 0, 0, 0, 0, 0, 0, 0, 0, 0, 0, 0, 0, 0, 0, 0, 0, 0, 0, 0, 0, 0, 0, 0, 0, 0, 0, 0, 0, 0, 0, 0, 0, 0, 0, 0, 0, 0, 0, 0, 0, 0, 0, 0, 0, 0, 0, 0, 0, 0, 0, 0, 0, 0, 0, 0, 0, 0, 0, 0, 0, 0, 0, 0, 0, 0, 0, 0, 0, 0, 0, 0, 0, 0, 0, 0, 0, 0, 0, 0, 0, 0, 0, 0, 0, 0, 0, 0, 0, 0, 0, 0, 0, 0, 0, 0, 0, 0, 0, 0, 0, 0, 0, 0, 0, 0, 0, 0, 0, 0, 0, 0, 0, 0, 0, 0, 0, 0, 0, 0, 0, 0, 0, 0, 0, 0, 0, 0, 0, 0, 0, 0, 0, 0, 0, 0, 0, 0, 0, 0, 0, 0, 0, 0, 0, 0, 0, 0, 0, 0, 0, 0, 0, 0, 0, 0, 0, 0, 0, 0, 0, 0, 0, 0, 0, 0, 0, 0, 0, 0, 0, 0, 0, 0, 0, 0, 0, 0, 0, 0, 0, 0, 0, 0, 0, 0, 0, 0, 0, 0, 0, 0, 0, 0, 0, 0, 0, 0, 0, 0, 0, 0, 0, 0, 0, 0, 0, 0, 0, 0, 0, 0, 0, 0, 0, 0, 0, 0, 0, 0, 0, 0, 0, 0, 0, 0, 0, 0, 0, 0, 0, 0, 0, 0, 0, 0, 0, 0, 0, 0, 0, 0, 0, 0, 0, 0, 0, 0, 0, 0, 0, 0, 0, 0, 0, 0, 0, 0, 0, 0, 0, 0, 0, 0, 0, 0, 0, 0, 0, 0, 0, 0, 0, 0, 0, 0, 0, 0, 0, 0, 0, 0, 0, 0, 0, 0, 0, 0, 0, 0, 0, 0, 0, 0, 0, 0, 0, 0, 0, 0, 0, 0, 0, 0, 0, 0, 0, 0, 0, 0, 0, 0, 0, 0, 0, 0, 0, 0, 0, 0, 0, 0, 0, 0, 0, 0, 0, 0, 0, 0, 0, 0, 0, 0, 0, 0, 0, 0, 0, 0, 0, 0, 0, 0, 0),
(31, 5, '2017-02-27', 'test11', 'test11', 0, 'test11', 'test11', 2, 'test11', 0, 'test1', 'test11', 'test1', 'test11', 1, 1, 1, 1, '2017-02-20', '2017-02-21', '2017-02-26', '2017-02-27', '2017-02-26', 0, 10, '1,3,5,10,11,12', 0, -25.9529, 32.6058, 0, 0, 0, 0, 0, 0, 0, 0, 0, 0, 0, 0, 0, 0, 0, 0, 0, 0, 0, 0, 0, 0, 0, 0, 0, 0, 0, 0, 0, 0, 0, 0, 0, 0, 0, 0, 0, 0, 0, 0, 0, 0, 0, 0, 0, 0, 0, 0, 0, 0, 0, 0, 0, 0, 0, 0, 0, 0, 0, 0, 0, 0, 0, 0, 0, 0, 0, 0, 0, 0, 0, 0, 0, 0, 0, 0, 0, 0, 0, 0, 0, 0, 0, 0, 0, 0, 0, 0, 0, 0, 0, 0, 0, 0, 0, 0, 0, 0, 0, 0, 0, 0, 0, 0, 0, 0, 0, 0, 0, 0, 0, 0, 0, 0, 0, 0, 0, 0, 0, 0, 0, 0, 0, 0, 0, 0, 0, 0, 0, 0, 0, 0, 0, 0, 0, 0, 0, 0, 0, 0, 0, 0, 0, 0, 0, 0, 0, 0, 0, 0, 0, 0, 0, 0, 0, 0, 0, 0, 0, 0, 0, 0, 0, 0, 0, 0, 0, 0, 0, 0, 0, 0, 0, 0, 0, 0, 0, 0, 0, 0, 0, 0, 0, 0, 0, 0, 0, 0, 0, 0, 0, 0, 0, 0, 0, 0, 0, 0, 0, 0, 0, 0, 0, 0, 0, 0, 0, 0, 0, 0, 0, 0, 0, 0, 0, 0, 0, 0, 0, 0, 0, 0, 0, 0, 0, 0, 0, 0, 0, 0, 0, 0, 0, 0, 0, 0, 0, 0, 0, 0, 0, 0, 0, 0, 0, 0, 0, 0, 0, 0, 0, 0, 0, 0, 0, 0, 0, 0, 0, 0, 0, 0, 0, 0, 0, 0, 0, 0, 0, 0, 0, 0, 0, 0, 0, 0, 0, 0, 0, 0, 0, 0, 0, 0, 0, 0, 0, 0, 0, 0, 0, 0, 0, 0, 0, 0, 0, 0, 0, 0, 0, 0, 0, 0, 0, 0, 0, 0, 0, 0, 0, 0, 0, 0, 0, 0, 0, 0, 0, 0, 0, 0, 0, 0, 0, 0, 0, 0, 0, 0, 0, 0, 0, 0, 0, 0, 0, 0, 0, 0, 0, 0, 0, 0, 0, 0, 0, 0, 0, 0, 0, 0, 0, 0, 0, 0, 0, 0, 0, 0, 0, 0, 0, 0, 0, 0, 0, 0, 0, 0, 0, 0, 0, 0, 0, 0, 0, 0, 0, 0, 0, 0, 0, 0, 0, 0, 0, 0, 0, 0, 0, 0, 0, 0, 0, 0, 0, 0, 0, 0, 0, 0, 0, 0, 0, 0, 0, 0, 0, 0, 0, 0, 0, 0, 0, 0, 0, 0, 0, 0, 0, 0, 0, 0, 0, 0, 0, 0, 0, 0, 0, 0, 0, 0, 0, 0, 0, 0, 0, 0, 0, 0, 0, 0, 0, 0, 0, 0, 0, 0, 0, 0, 0, 0, 0, 0, 0, 0, 0, 0, 0, 0, 0, 0, 0, 0, 0, 0, 0, 0, 0, 0, 0, 0, 0, 0, 0, 0, 0, 0, 0, 0, 0, 0, 0, 0, 0, 0),
(32, 1, '2017-02-28', 'Kgxkgxkxkg', 'Prova', 0, 'Nxfirx', 'Kgxkgxkyx', 9, 'Oycog', 0, 'Kgxkgxk', 'Kgxktxo', 'Lgclgckg ', 'Lgclycoy', 7, 4, 1, 1, '2017-02-28', '2017-02-23', '2016-08-28', '1997-11-01', '2017-02-28', 0, 6, '1,3,5,10,11,12', 0, -25.9528, 32.606, 0, 0, 0, 0, 0, 0, 0, 0, 0, 0, 0, 0, 0, 0, 0, 0, 0, 0, 0, 0, 0, 0, 0, 0, 0, 0, 0, 0, 0, 0, 0, 0, 0, 0, 0, 0, 0, 0, 0, 0, 0, 0, 0, 0, 0, 0, 0, 0, 0, 0, 0, 0, 0, 0, 0, 0, 0, 0, 0, 0, 0, 0, 0, 0, 0, 0, 0, 0, 0, 0, 0, 0, 0, 0, 0, 0, 0, 0, 0, 0, 0, 0, 0, 0, 0, 0, 0, 0, 0, 0, 0, 0, 0, 0, 0, 0, 0, 0, 0, 0, 0, 0, 0, 0, 0, 0, 0, 0, 0, 0, 0, 0, 0, 0, 0, 0, 0, 0, 0, 0, 0, 0, 0, 0, 0, 0, 0, 0, 0, 0, 0, 0, 0, 0, 0, 0, 0, 0, 0, 0, 0, 0, 0, 0, 0, 0, 0, 0, 0, 0, 0, 0, 0, 0, 0, 0, 0, 0, 0, 0, 0, 0, 0, 0, 0, 0, 0, 0, 0, 0, 0, 0, 0, 0, 0, 0, 0, 0, 0, 0, 0, 0, 0, 0, 0, 0, 0, 0, 0, 0, 0, 0, 0, 0, 0, 0, 0, 0, 0, 0, 0, 0, 0, 0, 0, 0, 0, 0, 0, 0, 0, 0, 0, 0, 0, 0, 0, 0, 0, 0, 0, 0, 0, 0, 0, 0, 0, 0, 0, 0, 0, 0, 0, 0, 0, 0, 0, 0, 0, 0, 0, 0, 0, 0, 0, 0, 0, 0, 0, 0, 0, 0, 0, 0, 0, 0, 0, 0, 0, 0, 0, 0, 0, 0, 0, 0, 0, 0, 0, 0, 0, 0, 0, 0, 0, 0, 0, 0, 0, 0, 0, 0, 0, 0, 0, 0, 0, 0, 0, 0, 0, 0, 0, 0, 0, 0, 0, 0, 0, 0, 0, 0, 0, 0, 0, 0, 0, 0, 0, 0, 0, 0, 0, 0, 0, 0, 0, 0, 0, 0, 0, 0, 0, 0, 0, 0, 0, 0, 0, 0, 0, 0, 0, 0, 0, 0, 0, 0, 0, 0, 0, 0, 0, 0, 0, 0, 0, 0, 0, 0, 0, 0, 0, 0, 0, 0, 0, 0, 0, 0, 0, 0, 0, 0, 0, 0, 0, 0, 0, 0, 0, 0, 0, 0, 0, 0, 0, 0, 0, 0, 0, 0, 0, 0, 0, 0, 0, 0, 0, 0, 0, 0, 0, 0, 0, 0, 0, 0, 0, 0, 0, 0, 0, 0, 0, 0, 0, 0, 0, 0, 0, 0, 0, 0, 0, 0, 0, 0, 0, 0, 0, 0, 0, 0, 0, 0, 0, 0, 0, 0, 0, 0, 0, 0, 0, 0, 0, 0, 0, 0, 0, 0, 0, 0, 0, 0, 0, 0, 0, 0, 0, 0, 0, 0, 0, 0, 0, 0, 0, 0, 0, 0, 0, 0, 0, 0, 0, 0, 0, 0, 0, 0, 0, 0, 0, 0, 0, 0, 0, 0, 0, 0, 0, 0, 0, 0, 0, 0),
(33, 1, '2017-02-28', 'Kgxkgxkxkg', 'Prova', 0, 'Nxfirx', 'Kgxkgxkyx', 9, 'Oycog', 0, 'Kgxkgxk', 'Kgxktxo', 'Lgclgckg', 'Lgclycoy', 7, 4, 1, 1, '2017-02-28', '2017-02-23', '2016-08-28', '1997-11-01', '2017-02-28', 0, 6, '1,3,5,10,11,12', 0, -25.9528, 32.606, 0, 0, 0, 0, 0, 0, 0, 0, 0, 0, 0, 0, 0, 0, 0, 0, 0, 0, 0, 0, 0, 0, 0, 0, 0, 0, 0, 0, 0, 0, 0, 0, 0, 0, 0, 0, 0, 0, 0, 0, 0, 0, 0, 0, 0, 0, 0, 0, 0, 0, 0, 0, 0, 0, 0, 0, 0, 0, 0, 0, 0, 0, 0, 0, 0, 0, 0, 0, 0, 0, 0, 0, 0, 0, 0, 0, 0, 0, 0, 0, 0, 0, 0, 0, 0, 0, 0, 0, 0, 0, 0, 0, 0, 0, 0, 0, 0, 0, 0, 0, 0, 0, 0, 0, 0, 0, 0, 0, 0, 0, 0, 0, 0, 0, 0, 0, 0, 0, 0, 0, 0, 0, 0, 0, 0, 0, 0, 0, 0, 0, 0, 0, 0, 0, 0, 0, 0, 0, 0, 0, 0, 0, 0, 0, 0, 0, 0, 0, 0, 0, 0, 0, 0, 0, 0, 0, 0, 0, 0, 0, 0, 0, 0, 0, 0, 0, 0, 0, 0, 0, 0, 0, 0, 0, 0, 0, 0, 0, 0, 0, 0, 0, 0, 0, 0, 0, 0, 0, 0, 0, 0, 0, 0, 0, 0, 0, 0, 0, 0, 0, 0, 0, 0, 0, 0, 0, 0, 0, 0, 0, 0, 0, 0, 0, 0, 0, 0, 0, 0, 0, 0, 0, 0, 0, 0, 0, 0, 0, 0, 0, 0, 0, 0, 0, 0, 0, 0, 0, 0, 0, 0, 0, 0, 0, 0, 0, 0, 0, 0, 0, 0, 0, 0, 0, 0, 0, 0, 0, 0, 0, 0, 0, 0, 0, 0, 0, 0, 0, 0, 0, 0, 0, 0, 0, 0, 0, 0, 0, 0, 0, 0, 0, 0, 0, 0, 0, 0, 0, 0, 0, 0, 0, 0, 0, 0, 0, 0, 0, 0, 0, 0, 0, 0, 0, 0, 0, 0, 0, 0, 0, 0, 0, 0, 0, 0, 0, 0, 0, 0, 0, 0, 0, 0, 0, 0, 0, 0, 0, 0, 0, 0, 0, 0, 0, 0, 0, 0, 0, 0, 0, 0, 0, 0, 0, 0, 0, 0, 0, 0, 0, 0, 0, 0, 0, 0, 0, 0, 0, 0, 0, 0, 0, 0, 0, 0, 0, 0, 0, 0, 0, 0, 0, 0, 0, 0, 0, 0, 0, 0, 0, 0, 0, 0, 0, 0, 0, 0, 0, 0, 0, 0, 0, 0, 0, 0, 0, 0, 0, 0, 0, 0, 0, 0, 0, 0, 0, 0, 0, 0, 0, 0, 0, 0, 0, 0, 0, 0, 0, 0, 0, 0, 0, 0, 0, 0, 0, 0, 0, 0, 0, 0, 0, 0, 0, 0, 0, 0, 0, 0, 0, 0, 0, 0, 0, 0, 0, 0, 0, 0, 0, 0, 0, 0, 0, 0, 0, 0, 0, 0, 0, 0, 0, 0, 0, 0, 0, 0, 0, 0, 0, 0, 0, 0, 0, 0, 0, 0, 0, 0, 0, 0, 0, 0, 0, 0, 0, 0, 0),
(34, 5, '2017-03-01', '123', 'Machava', 0, 'USM', 'Maputo', 12, 'Kambukwana', 0, 'Central', 'Maputo', '564577i7', '876543336', 1, 1, 1, 1, '2013-03-01', '2012-03-01', '2010-03-01', '2015-03-01', '2016-03-01', 1, 4, '1,3,5,10,11,12', 0, 0, 0, 0, 0, 0, 0, 0, 0, 0, 0, 0, 0, 0, 0, 0, 0, 0, 0, 0, 0, 0, 0, 0, 0, 0, 0, 0, 0, 0, 0, 0, 0, 0, 0, 0, 0, 0, 0, 0, 0, 0, 0, 0, 0, 0, 0, 0, 0, 0, 0, 0, 0, 0, 0, 0, 0, 0, 0, 0, 0, 0, 0, 0, 0, 0, 0, 0, 0, 0, 0, 0, 0, 0, 0, 0, 0, 0, 0, 0, 0, 0, 0, 0, 0, 0, 0, 0, 0, 0, 0, 0, 0, 0, 0, 0, 0, 0, 0, 0, 0, 0, 0, 0, 0, 0, 0, 0, 0, 0, 0, 0, 0, 0, 0, 0, 0, 0, 0, 0, 0, 0, 0, 0, 0, 0, 0, 0, 0, 0, 0, 0, 0, 0, 0, 0, 0, 0, 0, 0, 0, 0, 0, 0, 0, 0, 0, 0, 0, 0, 0, 0, 0, 0, 0, 0, 0, 0, 0, 0, 0, 0, 0, 0, 0, 0, 0, 0, 0, 0, 0, 0, 0, 0, 0, 0, 0, 0, 0, 0, 0, 0, 0, 0, 0, 0, 0, 0, 0, 0, 0, 0, 0, 0, 0, 0, 0, 0, 0, 0, 0, 0, 0, 0, 0, 0, 0, 0, 0, 0, 0, 0, 0, 0, 0, 0, 0, 0, 0, 0, 0, 0, 0, 0, 0, 0, 0, 0, 0, 0, 0, 0, 0, 0, 0, 0, 0, 0, 0, 0, 0, 0, 0, 0, 0, 0, 0, 0, 0, 0, 0, 0, 0, 0, 0, 0, 0, 0, 0, 0, 0, 0, 0, 0, 0, 0, 0, 0, 0, 0, 0, 0, 0, 0, 0, 0, 0, 0, 0, 0, 0, 0, 0, 0, 0, 0, 0, 0, 0, 0, 0, 0, 0, 0, 0, 0, 0, 0, 0, 0, 0, 0, 0, 0, 0, 0, 0, 0, 0, 0, 0, 0, 0, 0, 0, 0, 0, 0, 0, 0, 0, 0, 0, 0, 0, 0, 0, 0, 0, 0, 0, 0, 0, 0, 0, 0, 0, 0, 0, 0, 0, 0, 0, 0, 0, 0, 0, 0, 0, 0, 0, 0, 0, 0, 0, 0, 0, 0, 0, 0, 0, 0, 0, 0, 0, 0, 0, 0, 0, 0, 0, 0, 0, 0, 0, 0, 0, 0, 0, 0, 0, 0, 0, 0, 0, 0, 0, 0, 0, 0, 0, 0, 0, 0, 0, 0, 0, 0, 0, 0, 0, 0, 0, 0, 0, 0, 0, 0, 0, 0, 0, 0, 0, 0, 0, 0, 0, 0, 0, 0, 0, 0, 0, 0, 0, 0, 0, 0, 0, 0, 0, 0, 0, 0, 0, 0, 0, 0, 0, 0, 0, 0, 0, 0, 0, 0, 0, 0, 0, 0, 0, 0, 0, 0, 0, 0, 0, 0, 0, 0, 0, 0, 0, 0, 0, 0, 0, 0, 0, 0, 0, 0, 0, 0, 0, 0, 0, 0, 0, 0, 0, 0, 0, 0, 0, 0, 0, 0, 0, 0, 0),
(35, 5, '2017-03-01', '123', 'Machava', 0, 'USM', 'Maputo', 12, 'Kambukwana', 0, 'Central', 'Maputo', '564577i7', '876543336', 1, 1, 1, 1, '2013-03-01', '2012-03-01', '2010-03-01', '2015-03-01', '2016-03-01', 1, 1, '1,3,5,10,11,12', 0, 0, 0, 0, 0, 0, 0, 0, 0, 0, 0, 0, 0, 0, 0, 0, 0, 0, 0, 0, 0, 0, 0, 0, 0, 0, 0, 0, 0, 0, 0, 0, 0, 0, 0, 0, 0, 0, 0, 0, 0, 0, 0, 0, 0, 0, 0, 0, 0, 0, 0, 0, 0, 0, 0, 0, 0, 0, 0, 0, 0, 0, 0, 0, 0, 0, 0, 0, 0, 0, 0, 0, 0, 0, 0, 0, 0, 0, 0, 0, 0, 0, 0, 0, 0, 0, 0, 0, 0, 0, 0, 0, 0, 0, 0, 0, 0, 0, 0, 0, 0, 0, 0, 0, 0, 0, 0, 0, 0, 0, 0, 0, 0, 0, 0, 0, 0, 0, 0, 0, 0, 0, 0, 0, 0, 0, 0, 0, 0, 0, 0, 0, 0, 0, 0, 0, 0, 0, 0, 0, 0, 0, 0, 0, 0, 0, 0, 0, 0, 0, 0, 0, 0, 0, 0, 0, 0, 0, 0, 0, 0, 0, 0, 0, 0, 0, 0, 0, 0, 0, 0, 0, 0, 0, 0, 0, 0, 0, 0, 0, 0, 0, 0, 0, 0, 0, 0, 0, 0, 0, 0, 0, 0, 0, 0, 0, 0, 0, 0, 0, 0, 0, 0, 0, 0, 0, 0, 0, 0, 0, 0, 0, 0, 0, 0, 0, 0, 0, 0, 0, 0, 0, 0, 0, 0, 0, 0, 0, 0, 0, 0, 0, 0, 0, 0, 0, 0, 0, 0, 0, 0, 0, 0, 0, 0, 0, 0, 0, 0, 0, 0, 0, 0, 0, 0, 0, 0, 0, 0, 0, 0, 0, 0, 0, 0, 0, 0, 0, 0, 0, 0, 0, 0, 0, 0, 0, 0, 0, 0, 0, 0, 0, 0, 0, 0, 0, 0, 0, 0, 0, 0, 0, 0, 0, 0, 0, 0, 0, 0, 0, 0, 0, 0, 0, 0, 0, 0, 0, 0, 0, 0, 0, 0, 0, 0, 0, 0, 0, 0, 0, 0, 0, 0, 0, 0, 0, 0, 0, 0, 0, 0, 0, 0, 0, 0, 0, 0, 0, 0, 0, 0, 0, 0, 0, 0, 0, 0, 0, 0, 0, 0, 0, 0, 0, 0, 0, 0, 0, 0, 0, 0, 0, 0, 0, 0, 0, 0, 0, 0, 0, 0, 0, 0, 0, 0, 0, 0, 0, 0, 0, 0, 0, 0, 0, 0, 0, 0, 0, 0, 0, 0, 0, 0, 0, 0, 0, 0, 0, 0, 0, 0, 0, 0, 0, 0, 0, 0, 0, 0, 0, 0, 0, 0, 0, 0, 0, 0, 0, 0, 0, 0, 0, 0, 0, 0, 0, 0, 0, 0, 0, 0, 0, 0, 0, 0, 0, 0, 0, 0, 0, 0, 0, 0, 0, 0, 0, 0, 0, 0, 0, 0, 0, 0, 0, 0, 0, 0, 0, 0, 0, 0, 0, 0, 0, 0, 0, 0, 0, 0, 0, 0, 0, 0, 0, 0, 0, 0, 0, 0, 0, 0, 0, 0, 0, 0, 0, 0, 0, 0, 0, 0),
(36, 5, '2017-03-01', '123', 'Machava', 0, 'USM', 'Maputo', 12, 'Kambukwana', 0, 'Central', 'Maputo', '564577i7', '876543336', 1, 1, 1, 1, '2013-03-01', '2012-03-01', '2010-03-01', '2015-03-01', '2016-03-01', 1, 1, '1,3,5,10,11,12', 0, 0, 0, 0, 0, 0, 0, 0, 0, 0, 0, 0, 0, 0, 0, 0, 0, 0, 0, 0, 0, 0, 0, 0, 0, 0, 0, 0, 0, 0, 0, 0, 0, 0, 0, 0, 0, 0, 0, 0, 0, 0, 0, 0, 0, 0, 0, 0, 0, 0, 0, 0, 0, 0, 0, 0, 0, 0, 0, 0, 0, 0, 0, 0, 0, 0, 0, 0, 0, 0, 0, 0, 0, 0, 0, 0, 0, 0, 0, 0, 0, 0, 0, 0, 0, 0, 0, 0, 0, 0, 0, 0, 0, 0, 0, 0, 0, 0, 0, 0, 0, 0, 0, 0, 0, 0, 0, 0, 0, 0, 0, 0, 0, 0, 0, 0, 0, 0, 0, 0, 0, 0, 0, 0, 0, 0, 0, 0, 0, 0, 0, 0, 0, 0, 0, 0, 0, 0, 0, 0, 0, 0, 0, 0, 0, 0, 0, 0, 0, 0, 0, 0, 0, 0, 0, 0, 0, 0, 0, 0, 0, 0, 0, 0, 0, 0, 0, 0, 0, 0, 0, 0, 0, 0, 0, 0, 0, 0, 0, 0, 0, 0, 0, 0, 0, 0, 0, 0, 0, 0, 0, 0, 0, 0, 0, 0, 0, 0, 0, 0, 0, 0, 0, 0, 0, 0, 0, 0, 0, 0, 0, 0, 0, 0, 0, 0, 0, 0, 0, 0, 0, 0, 0, 0, 0, 0, 0, 0, 0, 0, 0, 0, 0, 0, 0, 0, 0, 0, 0, 0, 0, 0, 0, 0, 0, 0, 0, 0, 0, 0, 0, 0, 0, 0, 0, 0, 0, 0, 0, 0, 0, 0, 0, 0, 0, 0, 0, 0, 0, 0, 0, 0, 0, 0, 0, 0, 0, 0, 0, 0, 0, 0, 0, 0, 0, 0, 0, 0, 0, 0, 0, 0, 0, 0, 0, 0, 0, 0, 0, 0, 0, 0, 0, 0, 0, 0, 0, 0, 0, 0, 0, 0, 0, 0, 0, 0, 0, 0, 0, 0, 0, 0, 0, 0, 0, 0, 0, 0, 0, 0, 0, 0, 0, 0, 0, 0, 0, 0, 0, 0, 0, 0, 0, 0, 0, 0, 0, 0, 0, 0, 0, 0, 0, 0, 0, 0, 0, 0, 0, 0, 0, 0, 0, 0, 0, 0, 0, 0, 0, 0, 0, 0, 0, 0, 0, 0, 0, 0, 0, 0, 0, 0, 0, 0, 0, 0, 0, 0, 0, 0, 0, 0, 0, 0, 0, 0, 0, 0, 0, 0, 0, 0, 0, 0, 0, 0, 0, 0, 0, 0, 0, 0, 0, 0, 0, 0, 0, 0, 0, 0, 0, 0, 0, 0, 0, 0, 0, 0, 0, 0, 0, 0, 0, 0, 0, 0, 0, 0, 0, 0, 0, 0, 0, 0, 0, 0, 0, 0, 0, 0, 0, 0, 0, 0, 0, 0, 0, 0, 0, 0, 0, 0, 0, 0, 0, 0, 0, 0, 0, 0, 0, 0, 0, 0, 0, 0, 0, 0, 0, 0, 0, 0, 0, 0, 0, 0, 0, 0, 0, 0, 0),
(37, 5, '2017-03-01', '123', 'Machava', 0, 'USM', 'Maputo', 12, 'Kambukwana', 0, 'Central', 'Maputo', '564577i7', '876543336', 1, 1, 1, 1, '2013-03-01', '2012-03-01', '2010-03-01', '2015-03-01', '2016-02-01', 1, 6, '1,3,5,10,11,12', 0, -34.0626, 18.4592, 0, 0, 0, 0, 0, 0, 0, 0, 0, 0, 0, 0, 0, 0, 0, 0, 0, 0, 0, 0, 0, 0, 0, 0, 0, 0, 0, 0, 0, 0, 0, 0, 0, 0, 0, 0, 0, 0, 0, 0, 0, 0, 0, 0, 0, 0, 0, 0, 0, 0, 0, 0, 0, 0, 0, 0, 0, 0, 0, 0, 0, 0, 0, 0, 0, 0, 0, 0, 0, 0, 0, 0, 0, 0, 0, 0, 0, 0, 0, 0, 0, 0, 0, 0, 0, 0, 0, 0, 0, 0, 0, 0, 0, 0, 0, 0, 0, 0, 0, 0, 0, 0, 0, 0, 0, 0, 0, 0, 0, 0, 0, 0, 0, 0, 0, 0, 0, 0, 0, 0, 0, 0, 0, 0, 0, 0, 0, 0, 0, 0, 0, 0, 0, 0, 0, 0, 0, 0, 0, 0, 0, 0, 0, 0, 0, 0, 0, 0, 0, 0, 0, 0, 0, 0, 0, 0, 0, 0, 0, 0, 0, 0, 0, 0, 0, 0, 0, 0, 0, 0, 0, 0, 0, 0, 0, 0, 0, 0, 0, 0, 0, 0, 0, 0, 0, 0, 0, 0, 0, 0, 0, 0, 0, 0, 0, 0, 0, 0, 0, 0, 0, 0, 0, 0, 0, 0, 0, 0, 0, 0, 0, 0, 0, 0, 0, 0, 0, 0, 0, 0, 0, 0, 0, 0, 0, 0, 0, 0, 0, 0, 0, 0, 0, 0, 0, 0, 0, 0, 0, 0, 0, 0, 0, 0, 0, 0, 0, 0, 0, 0, 0, 0, 0, 0, 0, 0, 0, 0, 0, 0, 0, 0, 0, 0, 0, 0, 0, 0, 0, 0, 0, 0, 0, 0, 0, 0, 0, 0, 0, 0, 0, 0, 0, 0, 0, 0, 0, 0, 0, 0, 0, 0, 0, 0, 0, 0, 0, 0, 0, 0, 0, 0, 0, 0, 0, 0, 0, 0, 0, 0, 0, 0, 0, 0, 0, 0, 0, 0, 0, 0, 0, 0, 0, 0, 0, 0, 0, 0, 0, 0, 0, 0, 0, 0, 0, 0, 0, 0, 0, 0, 0, 0, 0, 0, 0, 0, 0, 0, 0, 0, 0, 0, 0, 0, 0, 0, 0, 0, 0, 0, 0, 0, 0, 0, 0, 0, 0, 0, 0, 0, 0, 0, 0, 0, 0, 0, 0, 0, 0, 0, 0, 0, 0, 0, 0, 0, 0, 0, 0, 0, 0, 0, 0, 0, 0, 0, 0, 0, 0, 0, 0, 0, 0, 0, 0, 0, 0, 0, 0, 0, 0, 0, 0, 0, 0, 0, 0, 0, 0, 0, 0, 0, 0, 0, 0, 0, 0, 0, 0, 0, 0, 0, 0, 0, 0, 0, 0, 0, 0, 0, 0, 0, 0, 0, 0, 0, 0, 0, 0, 0, 0, 0, 0, 0, 0, 0, 0, 0, 0, 0, 0, 0, 0, 0, 0, 0, 0, 0, 0, 0, 0, 0, 0, 0, 0, 0, 0, 0, 0, 0, 0, 0, 0, 0, 0, 0, 0, 0),
(38, 13, '2017-03-02', 'Test1', 'Test1', 0, 'Test1', 'Test1', 2, 'Test1', 0, 'Test2', 'Test1', 'Test1', 'Test1', 3, 1, 1, 2, '2007-11-27', '2011-10-23', '2008-06-22', '2016-05-25', '2017-02-27', 0, 14, '1,3,5,10,11,12', 0, -25.9576, 32.5875, 0, 0, 0, 0, 0, 0, 0, 0, 0, 0, 0, 0, 0, 0, 0, 0, 0, 0, 0, 0, 0, 0, 0, 0, 0, 0, 0, 0, 0, 0, 0, 0, 0, 0, 0, 0, 0, 0, 0, 0, 0, 0, 0, 0, 0, 0, 0, 0, 0, 0, 0, 0, 0, 0, 0, 0, 0, 0, 0, 0, 0, 0, 0, 0, 0, 0, 0, 0, 0, 0, 0, 0, 0, 0, 0, 0, 0, 0, 0, 0, 0, 0, 0, 0, 0, 0, 0, 0, 0, 0, 0, 0, 0, 0, 0, 0, 0, 0, 0, 0, 0, 0, 0, 0, 0, 0, 0, 0, 0, 0, 0, 0, 0, 0, 0, 0, 0, 0, 0, 0, 0, 0, 0, 0, 0, 0, 0, 0, 0, 0, 0, 0, 0, 0, 0, 0, 0, 0, 0, 0, 0, 0, 0, 0, 0, 0, 0, 0, 0, 0, 0, 0, 0, 0, 0, 0, 0, 0, 0, 0, 0, 0, 0, 0, 0, 0, 0, 0, 0, 0, 0, 0, 0, 0, 0, 0, 0, 0, 0, 0, 0, 0, 0, 0, 0, 0, 0, 0, 0, 0, 0, 0, 0, 0, 0, 0, 0, 0, 0, 0, 0, 0, 0, 0, 0, 0, 0, 0, 0, 0, 0, 0, 0, 0, 0, 0, 0, 0, 0, 0, 0, 0, 0, 0, 0, 0, 0, 0, 0, 0, 0, 0, 0, 0, 0, 0, 0, 0, 0, 0, 0, 0, 0, 0, 0, 0, 0, 0, 0, 0, 0, 0, 0, 0, 0, 0, 0, 0, 0, 0, 0, 0, 0, 0, 0, 0, 0, 0, 0, 0, 0, 0, 0, 0, 0, 0, 0, 0, 0, 0, 0, 0, 0, 0, 0, 0, 0, 0, 0, 0, 0, 0, 0, 0, 0, 0, 0, 0, 0, 0, 0, 0, 0, 0, 0, 0, 0, 0, 0, 0, 0, 0, 0, 0, 0, 0, 0, 0, 0, 0, 0, 0, 0, 0, 0, 0, 0, 0, 0, 0, 0, 0, 0, 0, 0, 0, 0, 0, 0, 0, 0, 0, 0, 0, 0, 0, 0, 0, 0, 0, 0, 0, 0, 0, 0, 0, 0, 0, 0, 0, 0, 0, 0, 0, 0, 0, 0, 0, 0, 0, 0, 0, 0, 0, 0, 0, 0, 0, 0, 0, 0, 0, 0, 0, 0, 0, 0, 0, 0, 0, 0, 0, 0, 0, 0, 0, 0, 0, 0, 0, 0, 0, 0, 0, 0, 0, 0, 0, 0, 0, 0, 0, 0, 0, 0, 0, 0, 0, 0, 0, 0, 0, 0, 0, 0, 0, 0, 0, 0, 0, 0, 0, 0, 0, 0, 0, 0, 0, 0, 0, 0, 0, 0, 0, 0, 0, 0, 0, 0, 0, 0, 0, 0, 0, 0, 0, 0, 0, 0, 0, 0, 0, 0, 0, 0, 0, 0, 0, 0, 0, 0, 0, 0, 0, 0, 0, 0, 0, 0, 0, 0, 0, 0, 0, 0, 0, 0, 0),
(39, 1, '2017-03-07', 'hgvyuv', 'hffvghvh', 0, 'h ggh', 'htvutvu', 12, 'htvhtv', 0, 'hcf fhc', 'hgvgh', 'gfcfhc', 'hgcvhghv', 1, 1, 1, 1, '2017-03-06', '2017-03-06', '2017-03-06', '2017-03-06', '2017-03-06', 0, NULL, '1,19,20,21,22,23,24,25,26,27,28,29,33', 0, -25.9528, 32.606, 0, 0, 0, 0, 0, 0, 0, 0, 0, 0, 0, 0, 0, 0, 0, 0, 0, 0, 0, 0, 0, 0, 0, 0, 0, 0, 0, 0, 0, 0, 0, 0, 0, 0, 0, 0, 0, 0, 0, 0, 0, 0, 0, 0, 0, 0, 0, 0, 0, 0, 0, 0, 0, 0, 0, 0, 0, 0, 0, 0, 0, 0, 0, 0, 0, 0, 0, 0, 0, 0, 0, 0, 0, 0, 0, 0, 0, 0, 0, 0, 0, 0, 0, 0, 0, 0, 0, 0, 0, 0, 0, 0, 0, 0, 0, 0, 0, 0, 0, 0, 0, 0, 0, 0, 0, 0, 0, 0, 0, 0, 0, 0, 0, 0, 0, 0, 0, 0, 0, 0, 0, 0, 0, 0, 0, 0, 0, 0, 0, 0, 0, 0, 0, 0, 0, 0, 0, 0, 0, 0, 0, 0, 0, 0, 0, 0, 0, 0, 0, 0, 0, 0, 0, 0, 0, 0, 0, 0, 0, 0, 0, 0, 0, 0, 0, 0, 0, 0, 0, 0, 0, 0, 0, 0, 0, 0, 0, 0, 0, 0, 0, 0, 0, 0, 0, 0, 0, 0, 0, 0, 0, 0, 0, 0, 0, 0, 0, 0, 0, 0, 0, 0, 0, 0, 0, 0, 0, 0, 0, 0, 0, 0, 0, 0, 0, 0, 0, 0, 0, 0, 0, 0, 0, 0, 0, 0, 0, 0, 0, 0, 0, 0, 0, 0, 0, 0, 0, 0, 0, 0, 0, 0, 0, 0, 0, 0, 0, 0, 0, 0, 0, 0, 0, 0, 0, 0, 0, 0, 0, 0, 0, 0, 0, 0, 0, 0, 0, 0, 0, 0, 0, 0, 0, 0, 0, 0, 0, 0, 0, 0, 0, 0, 0, 0, 0, 0, 0, 0, 0, 0, 0, 0, 0, 0, 0, 0, 0, 0, 0, 0, 0, 0, 0, 0, 0, 0, 0, 0, 0, 0, 0, 0, 0, 0, 0, 0, 0, 0, 0, 0, 0, 0, 0, 0, 0, 0, 0, 0, 0, 0, 0, 0, 0, 0, 0, 0, 0, 0, 0, 0, 0, 0, 0, 0, 0, 0, 0, 0, 0, 0, 0, 0, 0, 0, 0, 0, 0, 0, 0, 0, 0, 0, 0, 0, 0, 0, 0, 0, 0, 0, 0, 0, 0, 0, 0, 0, 0, 0, 0, 0, 0, 0, 0, 0, 0, 0, 0, 0, 0, 0, 0, 0, 0, 0, 0, 0, 0, 0, 0, 0, 0, 0, 0, 0, 0, 0, 0, 0, 0, 0, 0, 0, 0, 0, 0, 0, 0, 0, 0, 0, 0, 0, 0, 0, 0, 0, 0, 0, 0, 0, 0, 0, 0, 0, 0, 0, 0, 0, 0, 0, 0, 0, 0, 0, 0, 0, 0, 0, 0, 0, 0, 0, 0, 0, 0, 0, 0, 0, 0, 0, 0, 0, 0, 0, 0, 0, 0, 0, 0, 0, 0, 0, 0, 0, 0, 0, 0, 0, 0, 0, 0, 0, 0, 0, 0, 0, 0, 0),
(40, 1, '2017-03-07', 'Kgxkc', 'Kgxk', 0, 'Jtxtk', 'Ktxti', 11, 'Ktxkt', 0, 'Ktxtix', 'Ktxitx', 'Itxitx', 'Itxitx', 7, 3, 8, 7, '2017-03-07', '2017-03-07', '2017-03-07', '2017-03-07', '2017-03-07', 0, NULL, '1,4,5,6,7,13,14,15,22,23,33', 0, -25.9528, 32.606, 0, 0, 0, 0, 0, 0, 0, 0, 0, 0, 0, 0, 0, 0, 0, 0, 0, 0, 0, 0, 0, 0, 0, 0, 0, 0, 0, 0, 0, 0, 0, 0, 0, 0, 0, 0, 0, 0, 0, 0, 0, 0, 0, 0, 0, 0, 0, 0, 0, 0, 0, 0, 0, 0, 0, 0, 0, 0, 0, 0, 0, 0, 0, 0, 0, 0, 0, 0, 0, 0, 0, 0, 0, 0, 0, 0, 0, 0, 0, 0, 0, 0, 0, 0, 0, 0, 0, 0, 0, 0, 0, 0, 0, 0, 0, 0, 0, 0, 0, 0, 0, 0, 0, 0, 0, 0, 0, 0, 0, 0, 0, 0, 0, 0, 0, 0, 0, 0, 0, 0, 0, 0, 0, 0, 0, 0, 0, 0, 0, 0, 0, 0, 0, 0, 0, 0, 0, 0, 0, 0, 0, 0, 0, 0, 0, 0, 0, 0, 0, 0, 0, 0, 0, 0, 0, 0, 0, 0, 0, 0, 0, 0, 0, 0, 0, 0, 0, 0, 0, 0, 0, 0, 0, 0, 0, 0, 0, 0, 0, 0, 0, 0, 0, 0, 0, 0, 0, 0, 0, 0, 0, 0, 0, 0, 0, 0, 0, 0, 0, 0, 0, 0, 0, 0, 0, 0, 0, 0, 0, 0, 0, 0, 0, 0, 0, 0, 0, 0, 0, 0, 0, 0, 0, 0, 0, 0, 0, 0, 0, 0, 0, 0, 0, 0, 0, 0, 0, 0, 0, 0, 0, 0, 0, 0, 0, 0, 0, 0, 0, 0, 0, 0, 0, 0, 0, 0, 0, 0, 0, 0, 0, 0, 0, 0, 0, 0, 0, 0, 0, 0, 0, 0, 0, 0, 0, 0, 0, 0, 0, 0, 0, 0, 0, 0, 0, 0, 0, 0, 0, 0, 0, 0, 0, 0, 0, 0, 0, 0, 0, 0, 0, 0, 0, 0, 0, 0, 0, 0, 0, 0, 0, 0, 0, 0, 0, 0, 0, 0, 0, 0, 0, 0, 0, 0, 0, 0, 0, 0, 0, 0, 0, 0, 0, 0, 0, 0, 0, 0, 0, 0, 0, 0, 0, 0, 0, 0, 0, 0, 0, 0, 0, 0, 0, 0, 0, 0, 0, 0, 0, 0, 0, 0, 0, 0, 0, 0, 0, 0, 0, 0, 0, 0, 0, 0, 0, 0, 0, 0, 0, 0, 0, 0, 0, 0, 0, 0, 0, 0, 0, 0, 0, 0, 0, 0, 0, 0, 0, 0, 0, 0, 0, 0, 0, 0, 0, 0, 0, 0, 0, 0, 0, 0, 0, 0, 0, 0, 0, 0, 0, 0, 0, 0, 0, 0, 0, 0, 0, 0, 0, 0, 0, 0, 0, 0, 0, 0, 0, 0, 0, 0, 0, 0, 0, 0, 0, 0, 0, 0, 0, 0, 0, 0, 0, 0, 0, 0, 0, 0, 0, 0, 0, 0, 0, 0, 0, 0, 0, 0, 0, 0, 0, 0, 0, 0, 0, 0, 0, 0, 0, 0, 0, 0, 0, 0, 0, 0, 0, 0),
(41, 5, '2017-03-07', '3536127', 'mugai', 0, 'mugai', '01mugai', 4, 'magai', 0, 'mugai', 'mugai', 'mugai', '84843928485', 7, 1, 3, 2, '2017-03-13', '2017-03-31', '2017-03-29', '2017-03-30', '2017-03-29', 1, NULL, '1,2,3,4,5,6,7,8,10,11,12,13,14,15,16,17,18,19,20,21,22,23,24,25,26,27,28,29,30,31,32,33', 0, -25.9529, 32.6057, 0, 0, 0, 0, 0, 0, 0, 0, 0, 0, 0, 0, 0, 0, 0, 0, 0, 0, 0, 0, 0, 0, 0, 0, 0, 0, 0, 0, 0, 0, 0, 0, 0, 0, 0, 0, 0, 0, 0, 0, 0, 0, 0, 0, 0, 0, 0, 0, 0, 0, 0, 0, 0, 0, 0, 0, 0, 0, 0, 0, 0, 0, 0, 0, 0, 0, 0, 0, 0, 0, 0, 0, 0, 0, 0, 0, 0, 0, 0, 0, 0, 0, 0, 0, 0, 0, 0, 0, 0, 0, 0, 0, 0, 0, 0, 0, 0, 0, 0, 0, 0, 0, 0, 0, 0, 0, 0, 0, 0, 0, 0, 0, 0, 0, 0, 0, 0, 0, 0, 0, 0, 0, 0, 0, 0, 0, 0, 0, 0, 0, 0, 0, 0, 0, 0, 0, 0, 0, 0, 0, 0, 0, 0, 0, 0, 0, 0, 0, 0, 0, 0, 0, 0, 0, 0, 0, 0, 0, 0, 0, 0, 0, 0, 0, 0, 0, 0, 0, 0, 0, 0, 0, 0, 0, 0, 0, 0, 0, 0, 0, 0, 0, 0, 0, 0, 0, 0, 0, 0, 0, 0, 0, 0, 0, 0, 0, 0, 0, 0, 0, 0, 0, 0, 0, 0, 0, 0, 0, 0, 0, 0, 0, 0, 0, 0, 0, 0, 0, 0, 0, 0, 0, 0, 0, 0, 0, 0, 0, 0, 0, 0, 0, 0, 0, 0, 0, 0, 0, 0, 0, 0, 0, 0, 0, 0, 0, 0, 0, 0, 0, 0, 0, 0, 0, 0, 0, 0, 0, 0, 0, 0, 0, 0, 0, 0, 0, 0, 0, 0, 0, 0, 0, 0, 0, 0, 0, 0, 0, 0, 0, 0, 0, 0, 0, 0, 0, 0, 0, 0, 0, 0, 0, 0, 0, 0, 0, 0, 0, 0, 0, 0, 0, 0, 0, 0, 0, 0, 0, 0, 0, 0, 0, 0, 0, 0, 0, 0, 0, 0, 0, 0, 0, 0, 0, 0, 0, 0, 0, 0, 0, 0, 0, 0, 0, 0, 0, 0, 0, 0, 0, 0, 0, 0, 0, 0, 0, 0, 0, 0, 0, 0, 0, 0, 0, 0, 0, 0, 0, 0, 0, 0, 0, 0, 0, 0, 0, 0, 0, 0, 0, 0, 0, 0, 0, 0, 0, 0, 0, 0, 0, 0, 0, 0, 0, 0, 0, 0, 0, 0, 0, 0, 0, 0, 0, 0, 0, 0, 0, 0, 0, 0, 0, 0, 0, 0, 0, 0, 0, 0, 0, 0, 0, 0, 0, 0, 0, 0, 0, 0, 0, 0, 0, 0, 0, 0, 0, 0, 0, 0, 0, 0, 0, 0, 0, 0, 0, 0, 0, 0, 0, 0, 0, 0, 0, 0, 0, 0, 0, 0, 0, 0, 0, 0, 0, 0, 0, 0, 0, 0, 0, 0, 0, 0, 0, 0, 0, 0, 0, 0, 0, 0, 0, 0, 0, 0, 0, 0, 0, 0, 0, 0, 0, 0, 0, 0, 0, 0, 0),
(42, 13, '2017-03-08', 'Teste7', 'Teste1.1.7', 0, 'T7', 'Maputo', 11, 'Kampfumo', 0, '223', 'Maputo', 'Rua 123', '82000000', 18, 1, 1, 7, '1998-07-13', '1999-10-03', '2013-10-03', '2017-03-08', '2017-03-08', 1, NULL, '25,28,30', 0, -25.9527, 32.6057, 0, 0, 0, 0, 0, 0, 0, 0, 0, 0, 0, 0, 0, 0, 0, 0, 0, 0, 0, 0, 0, 0, 0, 0, 0, 0, 0, 0, 0, 0, 0, 0, 0, 0, 0, 0, 0, 0, 0, 0, 0, 0, 0, 0, 0, 0, 0, 0, 0, 0, 0, 0, 0, 0, 0, 0, 0, 0, 0, 0, 0, 0, 0, 0, 0, 0, 0, 0, 0, 0, 0, 0, 0, 0, 0, 0, 0, 0, 0, 0, 0, 0, 0, 0, 0, 0, 0, 0, 0, 0, 0, 0, 0, 0, 0, 0, 0, 0, 0, 0, 0, 0, 0, 0, 0, 0, 0, 0, 0, 0, 0, 0, 0, 0, 0, 0, 0, 0, 0, 0, 0, 0, 0, 0, 0, 0, 0, 0, 0, 0, 0, 0, 0, 0, 0, 0, 0, 0, 0, 0, 0, 0, 0, 0, 0, 0, 0, 0, 0, 0, 0, 0, 0, 0, 0, 0, 0, 0, 0, 0, 0, 0, 0, 0, 0, 0, 0, 0, 0, 0, 0, 0, 0, 0, 0, 0, 0, 0, 0, 0, 0, 0, 0, 0, 0, 0, 0, 0, 0, 0, 0, 0, 0, 0, 0, 0, 0, 0, 0, 0, 0, 0, 0, 0, 0, 0, 0, 0, 0, 0, 0, 0, 0, 0, 0, 0, 0, 0, 0, 0, 0, 0, 0, 0, 0, 0, 0, 0, 0, 0, 0, 0, 0, 0, 0, 0, 0, 0, 0, 0, 0, 0, 0, 0, 0, 0, 0, 0, 0, 0, 0, 0, 0, 0, 0, 0, 0, 0, 0, 0, 0, 0, 0, 0, 0, 0, 0, 0, 0, 0, 0, 0, 0, 0, 0, 0, 0, 0, 0, 0, 0, 0, 0, 0, 0, 0, 0, 0, 0, 0, 0, 0, 0, 0, 0, 0, 0, 0, 0, 0, 0, 0, 0, 0, 0, 0, 0, 0, 0, 0, 0, 0, 0, 0, 0, 0, 0, 0, 0, 0, 0, 0, 0, 0, 0, 0, 0, 0, 0, 0, 0, 0, 0, 0, 0, 0, 0, 0, 0, 0, 0, 0, 0, 0, 0, 0, 0, 0, 0, 0, 0, 0, 0, 0, 0, 0, 0, 0, 0, 0, 0, 0, 0, 0, 0, 0, 0, 0, 0, 0, 0, 0, 0, 0, 0, 0, 0, 0, 0, 0, 0, 0, 0, 0, 0, 0, 0, 0, 0, 0, 0, 0, 0, 0, 0, 0, 0, 0, 0, 0, 0, 0, 0, 0, 0, 0, 0, 0, 0, 0, 0, 0, 0, 0, 0, 0, 0, 0, 0, 0, 0, 0, 0, 0, 0, 0, 0, 0, 0, 0, 0, 0, 0, 0, 0, 0, 0, 0, 0, 0, 0, 0, 0, 0, 0, 0, 0, 0, 0, 0, 0, 0, 0, 0, 0, 0, 0, 0, 0, 0, 0, 0, 0, 0, 0, 0, 0, 0, 0, 0, 0, 0, 0, 0, 0, 0, 0, 0, 0, 0, 0, 0, 0, 0, 0, 0, 0, 0),
(43, 9, '2017-03-08', '7545', 'Centro d Saude Xipamanine', 0, 'CSXip', 'Rua da Beira', 11, 'Kamaxakeni', 0, 'Nao tem', 'Nao tem', 'Rua da Beira', '856325426', 4, 1, 1, 1, '1971-03-08', '1973-03-08', '1983-03-08', '2017-03-08', '2013-03-08', 1, NULL, '1,2,3,4,5,6,7,8,9,10,11,13,24,25,32,33', 0, -25.9528, 32.6061, 0, 0, 0, 0, 0, 0, 0, 0, 0, 0, 0, 0, 0, 0, 0, 0, 0, 0, 0, 0, 0, 0, 0, 0, 0, 0, 0, 0, 0, 0, 0, 0, 0, 0, 0, 0, 0, 0, 0, 0, 0, 0, 0, 0, 0, 0, 0, 0, 0, 0, 0, 0, 0, 0, 0, 0, 0, 0, 0, 0, 0, 0, 0, 0, 0, 0, 0, 0, 0, 0, 0, 0, 0, 0, 0, 0, 0, 0, 0, 0, 0, 0, 0, 0, 0, 0, 0, 0, 0, 0, 0, 0, 0, 0, 0, 0, 0, 0, 0, 0, 0, 0, 0, 0, 0, 0, 0, 0, 0, 0, 0, 0, 0, 0, 0, 0, 0, 0, 0, 0, 0, 0, 0, 0, 0, 0, 0, 0, 0, 0, 0, 0, 0, 0, 0, 0, 0, 0, 0, 0, 0, 0, 0, 0, 0, 0, 0, 0, 0, 0, 0, 0, 0, 0, 0, 0, 0, 0, 0, 0, 0, 0, 0, 0, 0, 0, 0, 0, 0, 0, 0, 0, 0, 0, 0, 0, 0, 0, 0, 0, 0, 0, 0, 0, 0, 0, 0, 0, 0, 0, 0, 0, 0, 0, 0, 0, 0, 0, 0, 0, 0, 0, 0, 0, 0, 0, 0, 0, 0, 0, 0, 0, 0, 0, 0, 0, 0, 0, 0, 0, 0, 0, 0, 0, 0, 0, 0, 0, 0, 0, 0, 0, 0, 0, 0, 0, 0, 0, 0, 0, 0, 0, 0, 0, 0, 0, 0, 0, 0, 0, 0, 0, 0, 0, 0, 0, 0, 0, 0, 0, 0, 0, 0, 0, 0, 0, 0, 0, 0, 0, 0, 0, 0, 0, 0, 0, 0, 0, 0, 0, 0, 0, 0, 0, 0, 0, 0, 0, 0, 0, 0, 0, 0, 0, 0, 0, 0, 0, 0, 0, 0, 0, 0, 0, 0, 0, 0, 0, 0, 0, 0, 0, 0, 0, 0, 0, 0, 0, 0, 0, 0, 0, 0, 0, 0, 0, 0, 0, 0, 0, 0, 0, 0, 0, 0, 0, 0, 0, 0, 0, 0, 0, 0, 0, 0, 0, 0, 0, 0, 0, 0, 0, 0, 0, 0, 0, 0, 0, 0, 0, 0, 0, 0, 0, 0, 0, 0, 0, 0, 0, 0, 0, 0, 0, 0, 0, 0, 0, 0, 0, 0, 0, 0, 0, 0, 0, 0, 0, 0, 0, 0, 0, 0, 0, 0, 0, 0, 0, 0, 0, 0, 0, 0, 0, 0, 0, 0, 0, 0, 0, 0, 0, 0, 0, 0, 0, 0, 0, 0, 0, 0, 0, 0, 0, 0, 0, 0, 0, 0, 0, 0, 0, 0, 0, 0, 0, 0, 0, 0, 0, 0, 0, 0, 0, 0, 0, 0, 0, 0, 0, 0, 0, 0, 0, 0, 0, 0, 0, 0, 0, 0, 0, 0, 0, 0, 0, 0, 0, 0, 0, 0, 0, 0, 0, 0, 0, 0, 0, 0, 0, 0, 0, 0, 0, 0, 0, 0, 0),
(44, 7, '2017-03-10', '123', 'PS de Metoro', 0, 'Metoro', 'Metoro', 3, 'Montepuez', 0, 'Metoro Sede', 'Metoro', 'Rua do PS', '82848687', 1, 1, 1, 1, '2017-03-01', '2017-03-02', '2017-03-05', '2017-03-06', '2017-03-07', 1, NULL, '1,2,3,5,7,8,13,25', 10, -25.9529, 32.6059, 0, 0, 0, 0, 0, 0, 0, 0, 0, 0, 0, 0, 0, 0, 0, 0, 0, 0, 0, 0, 0, 0, 0, 0, 0, 0, 0, 0, 0, 0, 0, 0, 0, 0, 0, 0, 0, 0, 0, 0, 0, 0, 0, 0, 0, 0, 0, 0, 0, 0, 0, 0, 0, 0, 0, 0, 0, 0, 0, 0, 0, 0, 0, 0, 0, 0, 0, 0, 0, 0, 0, 0, 0, 0, 0, 0, 0, 0, 0, 0, 0, 0, 0, 0, 0, 0, 0, 0, 0, 0, 0, 0, 0, 0, 0, 0, 0, 0, 0, 0, 0, 0, 0, 0, 0, 0, 0, 0, 0, 0, 0, 0, 0, 0, 0, 0, 0, 0, 0, 0, 0, 0, 0, 0, 0, 0, 0, 0, 0, 0, 0, 0, 0, 0, 0, 0, 0, 0, 0, 0, 0, 0, 0, 0, 0, 0, 0, 0, 0, 0, 0, 0, 0, 0, 0, 0, 0, 0, 0, 0, 0, 0, 0, 0, 0, 0, 0, 0, 0, 0, 0, 0, 0, 0, 0, 0, 0, 0, 0, 0, 0, 0, 0, 0, 0, 0, 0, 0, 0, 0, 0, 0, 0, 0, 0, 0, 0, 0, 0, 0, 0, 0, 0, 0, 0, 0, 0, 0, 0, 0, 0, 0, 0, 0, 0, 0, 0, 0, 0, 0, 0, 0, 0, 0, 0, 0, 0, 0, 0, 0, 0, 0, 0, 0, 0, 0, 0, 0, 0, 0, 0, 0, 0, 0, 0, 0, 0, 0, 0, 0, 0, 0, 0, 0, 0, 0, 0, 0, 0, 0, 0, 0, 0, 0, 0, 0, 0, 0, 0, 0, 0, 0, 0, 0, 0, 0, 0, 0, 0, 0, 0, 0, 0, 0, 0, 0, 0, 0, 0, 0, 0, 0, 0, 0, 0, 0, 0, 0, 0, 0, 0, 0, 0, 0, 0, 0, 0, 0, 0, 0, 0, 0, 0, 0, 0, 0, 0, 0, 0, 0, 0, 0, 0, 0, 0, 0, 0, 0, 0, 0, 0, 0, 0, 0, 0, 0, 0, 0, 0, 0, 0, 0, 0, 0, 0, 0, 0, 0, 0, 0, 0, 0, 0, 0, 0, 0, 0, 0, 0, 0, 0, 0, 0, 0, 0, 0, 0, 0, 0, 0, 0, 0, 0, 0, 0, 0, 0, 0, 0, 0, 0, 0, 0, 0, 0, 0, 0, 0, 0, 0, 0, 0, 0, 0, 0, 0, 0, 0, 0, 0, 0, 0, 0, 0, 0, 0, 0, 0, 0, 0, 0, 0, 0, 0, 0, 0, 0, 0, 0, 0, 0, 0, 0, 0, 0, 0, 0, 0, 0, 0, 0, 0, 0, 0, 0, 0, 0, 0, 0, 0, 0, 0, 0, 0, 0, 0, 0, 0, 0, 0, 0, 0, 0, 0, 0, 0, 0, 0, 0, 0, 0, 0, 0, 0, 0, 0, 0, 0, 0, 0, 0, 0, 0, 0, 0, 0, 0, 0, 0, 0, 0, 0, 0, 0, 0, 0, 0, 0);
INSERT INTO `from_field_1` (`id`, `op_id`, `in_date`, `mz001`, `mz003`, `mz003_n`, `mz004`, `mz005`, `mz006`, `mz007`, `mz007_n`, `mz008`, `mz009`, `mz010`, `mz011`, `mz012`, `mz013`, `mz014`, `mz015`, `mz016`, `mz017`, `mz018`, `mz019`, `mz020`, `mz022`, `mz023`, `mz023_c`, `mz025`, `mz026`, `mz027`, `mz200_01_00_TI_NM`, `mz200_01_00_TI_NF`, `mz200_01_00_TI_EM`, `mz200_01_00_TI_EF`, `mz200_01_00_TP_NM`, `mz200_01_00_TP_NP`, `mz200_01_00_TP_EM`, `mz200_01_00_TP_EF`, `mz200_02_01_TI_NM`, `mz200_02_01_TI_NF`, `mz200_02_01_TI_EM`, `mz200_02_01_TI_EF`, `mz200_02_01_TP_NM`, `mz200_02_01_TP_NP`, `mz200_02_01_TP_EM`, `mz200_02_01_TP_EF`, `mz200_02_02_TI_NM`, `mz200_02_02_TI_NF`, `mz200_02_02_TI_EM`, `mz200_02_02_TI_EF`, `mz200_02_02_TP_NM`, `mz200_02_02_TP_NP`, `mz200_02_02_TP_EM`, `mz200_02_02_TP_EF`, `mz200_02_03_TI_NM`, `mz200_02_03_TI_NF`, `mz200_02_03_TI_EM`, `mz200_02_03_TI_EF`, `mz200_02_03_TP_NM`, `mz200_02_03_TP_NP`, `mz200_02_03_TP_EM`, `mz200_02_03_TP_EF`, `mz200_02_04_TI_NM`, `mz200_02_04_TI_NF`, `mz200_02_04_TI_EM`, `mz200_02_04_TI_EF`, `mz200_02_04_TP_NM`, `mz200_02_04_TP_NP`, `mz200_02_04_TP_EM`, `mz200_02_04_TP_EF`, `mz200_02_05_TI_NM`, `mz200_02_05_TI_NF`, `mz200_02_05_TI_EM`, `mz200_02_05_TI_EF`, `mz200_02_05_TP_NM`, `mz200_02_05_TP_NP`, `mz200_02_05_TP_EM`, `mz200_02_05_TP_EF`, `mz200_02_06_TI_NM`, `mz200_02_06_TI_NF`, `mz200_02_06_TI_EM`, `mz200_02_06_TI_EF`, `mz200_02_06_TP_NM`, `mz200_02_06_TP_NP`, `mz200_02_06_TP_EM`, `mz200_02_06_TP_EF`, `mz200_02_07_TI_NM`, `mz200_02_07_TI_NF`, `mz200_02_07_TI_EM`, `mz200_02_07_TI_EF`, `mz200_02_07_TP_NM`, `mz200_02_07_TP_NP`, `mz200_02_07_TP_EM`, `mz200_02_07_TP_EF`, `mz200_02_08_TI_NM`, `mz200_02_08_TI_NF`, `mz200_02_08_TI_EM`, `mz200_02_08_TI_EF`, `mz200_02_08_TP_NM`, `mz200_02_08_TP_NP`, `mz200_02_08_TP_EM`, `mz200_02_08_TP_EF`, `mz200_02_09_TI_NM`, `mz200_02_09_TI_NF`, `mz200_02_09_TI_EM`, `mz200_02_09_TI_EF`, `mz200_02_09_TP_NM`, `mz200_02_09_TP_NP`, `mz200_02_09_TP_EM`, `mz200_02_09_TP_EF`, `mz200_02_10_TI_NM`, `mz200_02_10_TI_NF`, `mz200_02_10_TI_EM`, `mz200_02_10_TI_EF`, `mz200_02_10_TP_NM`, `mz200_02_10_TP_NP`, `mz200_02_10_TP_EM`, `mz200_02_10_TP_EF`, `mz200_02_11_TI_NM`, `mz200_02_11_TI_NF`, `mz200_02_11_TI_EM`, `mz200_02_11_TI_EF`, `mz200_02_11_TP_NM`, `mz200_02_11_TP_NP`, `mz200_02_11_TP_EM`, `mz200_02_11_TP_EF`, `mz200_03_00_TI_NM`, `mz200_03_00_TI_NF`, `mz200_03_00_TI_EM`, `mz200_03_00_TI_EF`, `mz200_03_00_TP_NM`, `mz200_03_00_TP_NP`, `mz200_03_00_TP_EM`, `mz200_03_00_TP_EF`, `mz200_04_00_TI_NM`, `mz200_04_00_TI_NF`, `mz200_04_00_TI_EM`, `mz200_04_00_TI_EF`, `mz200_04_00_TP_NM`, `mz200_04_00_TP_NP`, `mz200_04_00_TP_EM`, `mz200_04_00_TP_EF`, `mz200_05_00_TI_NM`, `mz200_05_00_TI_NF`, `mz200_05_00_TI_EM`, `mz200_05_00_TI_EF`, `mz200_05_00_TP_NM`, `mz200_05_00_TP_NP`, `mz200_05_00_TP_EM`, `mz200_05_00_TP_EF`, `mz200_06_00_TI_NM`, `mz200_06_00_TI_NF`, `mz200_06_00_TI_EM`, `mz200_06_00_TI_EF`, `mz200_06_00_TP_NM`, `mz200_06_00_TP_NP`, `mz200_06_00_TP_EM`, `mz200_06_00_TP_EF`, `mz200_07_00_TI_NM`, `mz200_07_00_TI_NF`, `mz200_07_00_TI_EM`, `mz200_07_00_TI_EF`, `mz200_07_00_TP_NM`, `mz200_07_00_TP_NP`, `mz200_07_00_TP_EM`, `mz200_07_00_TP_EF`, `mz200_08_00_TI_NM`, `mz200_08_00_TI_NF`, `mz200_08_00_TI_EM`, `mz200_08_00_TI_EF`, `mz200_08_00_TP_NM`, `mz200_08_00_TP_NP`, `mz200_08_00_TP_EM`, `mz200_08_00_TP_EF`, `mz200_09_00_TI_NM`, `mz200_09_00_TI_NF`, `mz200_09_00_TI_EM`, `mz200_09_00_TI_EF`, `mz200_09_00_TP_NM`, `mz200_09_00_TP_NP`, `mz200_09_00_TP_EM`, `mz200_09_00_TP_EF`, `mz200_10_00_TI_NM`, `mz200_10_00_TI_NF`, `mz200_10_00_TI_EM`, `mz200_10_00_TI_EF`, `mz200_10_00_TP_NM`, `mz200_10_00_TP_NP`, `mz200_10_00_TP_EM`, `mz200_10_00_TP_EF`, `mz200_11_00_TI_NM`, `mz200_11_00_TI_NF`, `mz200_11_00_TI_EM`, `mz200_11_00_TI_EF`, `mz200_11_00_TP_NM`, `mz200_11_00_TP_NP`, `mz200_11_00_TP_EM`, `mz200_11_00_TP_EF`, `mz200_12_00_TI_NM`, `mz200_12_00_TI_NF`, `mz200_12_00_TI_EM`, `mz200_12_00_TI_EF`, `mz200_12_00_TP_NM`, `mz200_12_00_TP_NP`, `mz200_12_00_TP_EM`, `mz200_12_00_TP_EF`, `mz200_13_00_TI_NM`, `mz200_13_00_TI_NF`, `mz200_13_00_TI_EM`, `mz200_13_00_TI_EF`, `mz200_13_00_TP_NM`, `mz200_13_00_TP_NP`, `mz200_13_00_TP_EM`, `mz200_13_00_TP_EF`, `mz200_14_00_TI_NM`, `mz200_14_00_TI_NF`, `mz200_14_00_TI_EM`, `mz200_14_00_TI_EF`, `mz200_14_00_TP_NM`, `mz200_14_00_TP_NP`, `mz200_14_00_TP_EM`, `mz200_14_00_TP_EF`, `mz200_15_00_TI_NM`, `mz200_15_00_TI_NF`, `mz200_15_00_TI_EM`, `mz200_15_00_TI_EF`, `mz200_15_00_TP_NM`, `mz200_15_00_TP_NP`, `mz200_15_00_TP_EM`, `mz200_15_00_TP_EF`, `mz200_16_00_TI_NM`, `mz200_16_00_TI_NF`, `mz200_16_00_TI_EM`, `mz200_16_00_TI_EF`, `mz200_16_00_TP_NM`, `mz200_16_00_TP_NP`, `mz200_16_00_TP_EM`, `mz200_16_00_TP_EF`, `mz200_17_00_TI_NM`, `mz200_17_00_TI_NF`, `mz200_17_00_TI_EM`, `mz200_17_00_TI_EF`, `mz200_17_00_TP_NM`, `mz200_17_00_TP_NP`, `mz200_17_00_TP_EM`, `mz200_17_00_TP_EF`, `mz200_18_00_TI_NM`, `mz200_18_00_TI_NF`, `mz200_18_00_TI_EM`, `mz200_18_00_TI_EF`, `mz200_18_00_TP_NM`, `mz200_18_00_TP_NP`, `mz200_18_00_TP_EM`, `mz200_18_00_TP_EF`, `mz200_19_00_TI_NM`, `mz200_19_00_TI_NF`, `mz200_19_00_TI_EM`, `mz200_19_00_TI_EF`, `mz200_19_00_TP_NM`, `mz200_19_00_TP_NP`, `mz200_19_00_TP_EM`, `mz200_19_00_TP_EF`, `mz200_20_00_TI_NM`, `mz200_20_00_TI_NF`, `mz200_20_00_TI_EM`, `mz200_20_00_TI_EF`, `mz200_20_00_TP_NM`, `mz200_20_00_TP_NP`, `mz200_20_00_TP_EM`, `mz200_20_00_TP_EF`, `mz200_21_00_TI_NM`, `mz200_21_00_TI_NF`, `mz200_21_00_TI_EM`, `mz200_21_00_TI_EF`, `mz200_21_00_TP_NM`, `mz200_21_00_TP_NP`, `mz200_21_00_TP_EM`, `mz200_21_00_TP_EF`, `mz200_22_00_TI_NM`, `mz200_22_00_TI_NF`, `mz200_22_00_TI_EM`, `mz200_22_00_TI_EF`, `mz200_22_00_TP_NM`, `mz200_22_00_TP_NP`, `mz200_22_00_TP_EM`, `mz200_22_00_TP_EF`, `mz200_23_00_TI_NM`, `mz200_23_00_TI_NF`, `mz200_23_00_TI_EM`, `mz200_23_00_TI_EF`, `mz200_23_00_TP_NM`, `mz200_23_00_TP_NP`, `mz200_23_00_TP_EM`, `mz200_23_00_TP_EF`, `mz200_24_00_TI_NM`, `mz200_24_00_TI_NF`, `mz200_24_00_TI_EM`, `mz200_24_00_TI_EF`, `mz200_24_00_TP_NM`, `mz200_24_00_TP_NP`, `mz200_24_00_TP_EM`, `mz200_24_00_TP_EF`, `mz200_25_00_TI_NM`, `mz200_25_00_TI_NF`, `mz200_25_00_TI_EM`, `mz200_25_00_TI_EF`, `mz200_25_00_TP_NM`, `mz200_25_00_TP_NP`, `mz200_25_00_TP_EM`, `mz200_25_00_TP_EF`, `mz200_26_00_TI_NM`, `mz200_26_00_TI_NF`, `mz200_26_00_TI_EM`, `mz200_26_00_TI_EF`, `mz200_26_00_TP_NM`, `mz200_26_00_TP_NP`, `mz200_26_00_TP_EM`, `mz200_26_00_TP_EF`, `mz200_27_00_TI_NM`, `mz200_27_00_TI_NF`, `mz200_27_00_TI_EM`, `mz200_27_00_TI_EF`, `mz200_27_00_TP_NM`, `mz200_27_00_TP_NP`, `mz200_27_00_TP_EM`, `mz200_27_00_TP_EF`, `mz200_28_00_TI_NM`, `mz200_28_00_TI_NF`, `mz200_28_00_TI_EM`, `mz200_28_00_TI_EF`, `mz200_28_00_TP_NM`, `mz200_28_00_TP_NP`, `mz200_28_00_TP_EM`, `mz200_28_00_TP_EF`, `mz200_29_00_TI_NM`, `mz200_29_00_TI_NF`, `mz200_29_00_TI_EM`, `mz200_29_00_TI_EF`, `mz200_29_00_TP_NM`, `mz200_29_00_TP_NP`, `mz200_29_00_TP_EM`, `mz200_29_00_TP_EF`, `mz200_30_00_TI_NM`, `mz200_30_00_TI_NF`, `mz200_30_00_TI_EM`, `mz200_30_00_TI_EF`, `mz200_30_00_TP_NM`, `mz200_30_00_TP_NP`, `mz200_30_00_TP_EM`, `mz200_30_00_TP_EF`, `mz200_31_00_TI_NM`, `mz200_31_00_TI_NF`, `mz200_31_00_TI_EM`, `mz200_31_00_TI_EF`, `mz200_31_00_TP_NM`, `mz200_31_00_TP_NP`, `mz200_31_00_TP_EM`, `mz200_31_00_TP_EF`, `mz200_32_00_TI_NM`, `mz200_32_00_TI_NF`, `mz200_32_00_TI_EM`, `mz200_32_00_TI_EF`, `mz200_32_00_TP_NM`, `mz200_32_00_TP_NP`, `mz200_32_00_TP_EM`, `mz200_32_00_TP_EF`, `mz200_33_00_TI_NM`, `mz200_33_00_TI_NF`, `mz200_33_00_TI_EM`, `mz200_33_00_TI_EF`, `mz200_33_00_TP_NM`, `mz200_33_00_TP_NP`, `mz200_33_00_TP_EM`, `mz200_33_00_TP_EF`, `mz200_34_00_TI_NM`, `mz200_34_00_TI_NF`, `mz200_34_00_TI_EM`, `mz200_34_00_TI_EF`, `mz200_34_00_TP_NM`, `mz200_34_00_TP_NP`, `mz200_34_00_TP_EM`, `mz200_34_00_TP_EF`, `mz200_35_00_TI_NM`, `mz200_35_00_TI_NF`, `mz200_35_00_TI_EM`, `mz200_35_00_TI_EF`, `mz200_35_00_TP_NM`, `mz200_35_00_TP_NP`, `mz200_35_00_TP_EM`, `mz200_35_00_TP_EF`, `mz200_36_00_TI_NM`, `mz200_36_00_TI_NF`, `mz200_36_00_TI_EM`, `mz200_36_00_TI_EF`, `mz200_36_00_TP_NM`, `mz200_36_00_TP_NP`, `mz200_36_00_TP_EM`, `mz200_36_00_TP_EF`, `mz200_37_00_TI_NM`, `mz200_37_00_TI_NF`, `mz200_37_00_TI_EM`, `mz200_37_00_TI_EF`, `mz200_37_00_TP_NM`, `mz200_37_00_TP_NP`, `mz200_37_00_TP_EM`, `mz200_37_00_TP_EF`, `mz200_38_00_TI_NM`, `mz200_38_00_TI_NF`, `mz200_38_00_TI_EM`, `mz200_38_00_TI_EF`, `mz200_38_00_TP_NM`, `mz200_38_00_TP_NP`, `mz200_38_00_TP_EM`, `mz200_38_00_TP_EF`, `mz200_39_00_TI_NM`, `mz200_39_00_TI_NF`, `mz200_39_00_TI_EM`, `mz200_39_00_TI_EF`, `mz200_39_00_TP_NM`, `mz200_39_00_TP_NP`, `mz200_39_00_TP_EM`, `mz200_39_00_TP_EF`, `mz200_40_00_TI_NM`, `mz200_40_00_TI_NF`, `mz200_40_00_TI_EM`, `mz200_40_00_TI_EF`, `mz200_40_00_TP_NM`, `mz200_40_00_TP_NP`, `mz200_40_00_TP_EM`, `mz200_40_00_TP_EF`, `mz200_41_00_TI_NM`, `mz200_41_00_TI_NF`, `mz200_41_00_TI_EM`, `mz200_41_00_TI_EF`, `mz200_41_00_TP_NM`, `mz200_41_00_TP_NP`, `mz200_41_00_TP_EM`, `mz200_41_00_TP_EF`, `mz200_42_00_TI_NM`, `mz200_42_00_TI_NF`, `mz200_42_00_TI_EM`, `mz200_42_00_TI_EF`, `mz200_42_00_TP_NM`, `mz200_42_00_TP_NP`, `mz200_42_00_TP_EM`, `mz200_42_00_TP_EF`, `mz200_43_00_TI_NM`, `mz200_43_00_TI_NF`, `mz200_43_00_TI_EM`, `mz200_43_00_TI_EF`, `mz200_43_00_TP_NM`, `mz200_43_00_TP_NP`, `mz200_43_00_TP_EM`, `mz200_43_00_TP_EF`, `mz200_44_00_TI_NM`, `mz200_44_00_TI_NF`, `mz200_44_00_TI_EM`, `mz200_44_00_TI_EF`, `mz200_44_00_TP_NM`, `mz200_44_00_TP_NP`, `mz200_44_00_TP_EM`, `mz200_44_00_TP_EF`, `mz200_45_00_TI_NM`, `mz200_45_00_TI_NF`, `mz200_45_00_TI_EM`, `mz200_45_00_TI_EF`, `mz200_45_00_TP_NM`, `mz200_45_00_TP_NP`, `mz200_45_00_TP_EM`, `mz200_45_00_TP_EF`, `mz200_46_00_TI_NM`, `mz200_46_00_TI_NF`, `mz200_46_00_TI_EM`, `mz200_46_00_TI_EF`, `mz200_46_00_TP_NM`, `mz200_46_00_TP_NP`, `mz200_46_00_TP_EM`, `mz200_46_00_TP_EF`, `mz200_47_00_TI_NM`, `mz200_47_00_TI_NF`, `mz200_47_00_TI_EM`, `mz200_47_00_TI_EF`, `mz200_47_00_TP_NM`, `mz200_47_00_TP_NP`, `mz200_47_00_TP_EM`, `mz200_47_00_TP_EF`, `mz200_48_00_TI_NM`, `mz200_48_00_TI_NF`, `mz200_48_00_TI_EM`, `mz200_48_00_TI_EF`, `mz200_48_00_TP_NM`, `mz200_48_00_TP_NP`, `mz200_48_00_TP_EM`, `mz200_48_00_TP_EF`, `mz200_49_00_TI_NM`, `mz200_49_00_TI_NF`, `mz200_49_00_TI_EM`, `mz200_49_00_TI_EF`, `mz200_49_00_TP_NM`, `mz200_49_00_TP_NP`, `mz200_49_00_TP_EM`, `mz200_49_00_TP_EF`, `mz200_50_00_TI_NM`, `mz200_50_00_TI_NF`, `mz200_50_00_TI_EM`, `mz200_50_00_TI_EF`, `mz200_50_00_TP_NM`, `mz200_50_00_TP_NP`, `mz200_50_00_TP_EM`, `mz200_50_00_TP_EF`, `mz200_51_00_TI_NM`, `mz200_51_00_TI_NF`, `mz200_51_00_TI_EM`, `mz200_51_00_TI_EF`, `mz200_51_00_TP_NM`, `mz200_51_00_TP_NP`, `mz200_51_00_TP_EM`, `mz200_51_00_TP_EF`) VALUES
(45, 7, '2017-03-10', '123', 'PS de Metoro', 0, 'Metoro', 'Metoro', 3, 'Montepuez', 0, 'Metoro Sede', 'Metoro', 'Rua do PS', '82848687', 1, 1, 1, 1, '2017-03-01', '2017-03-02', '2017-03-05', '2017-03-06', '2017-03-07', 1, NULL, '1,2,7', 10, -25.9529, 32.6059, 0, 0, 0, 0, 0, 0, 0, 0, 0, 0, 0, 0, 0, 0, 0, 0, 0, 0, 0, 0, 0, 0, 0, 0, 0, 0, 0, 0, 0, 0, 0, 0, 0, 0, 0, 0, 0, 0, 0, 0, 0, 0, 0, 0, 0, 0, 0, 0, 0, 0, 0, 0, 0, 0, 0, 0, 0, 0, 0, 0, 0, 0, 0, 0, 0, 0, 0, 0, 0, 0, 0, 0, 0, 0, 0, 0, 0, 0, 0, 0, 0, 0, 0, 0, 0, 0, 0, 0, 0, 0, 0, 0, 0, 0, 0, 0, 0, 0, 0, 0, 0, 0, 0, 0, 0, 0, 0, 0, 0, 0, 0, 0, 0, 0, 0, 0, 0, 0, 0, 0, 0, 0, 0, 0, 0, 0, 0, 0, 0, 0, 0, 0, 0, 0, 0, 0, 0, 0, 0, 0, 0, 0, 0, 0, 0, 0, 0, 0, 0, 0, 0, 0, 0, 0, 0, 0, 0, 0, 0, 0, 0, 0, 0, 0, 0, 0, 0, 0, 0, 0, 0, 0, 0, 0, 0, 0, 0, 0, 0, 0, 0, 0, 0, 0, 0, 0, 0, 0, 0, 0, 0, 0, 0, 0, 0, 0, 0, 0, 0, 0, 0, 0, 0, 0, 0, 0, 0, 0, 0, 0, 0, 0, 0, 0, 0, 0, 0, 0, 0, 0, 0, 0, 0, 0, 0, 0, 0, 0, 0, 0, 0, 0, 0, 0, 0, 0, 0, 0, 0, 0, 0, 0, 0, 0, 0, 0, 0, 0, 0, 0, 0, 0, 0, 0, 0, 0, 0, 0, 0, 0, 0, 0, 0, 0, 0, 0, 0, 0, 0, 0, 0, 0, 0, 0, 0, 0, 0, 0, 0, 0, 0, 0, 0, 0, 0, 0, 0, 0, 0, 0, 0, 0, 0, 0, 0, 0, 0, 0, 0, 0, 0, 0, 0, 0, 0, 0, 0, 0, 0, 0, 0, 0, 0, 0, 0, 0, 0, 0, 0, 0, 0, 0, 0, 0, 0, 0, 0, 0, 0, 0, 0, 0, 0, 0, 0, 0, 0, 0, 0, 0, 0, 0, 0, 0, 0, 0, 0, 0, 0, 0, 0, 0, 0, 0, 0, 0, 0, 0, 0, 0, 0, 0, 0, 0, 0, 0, 0, 0, 0, 0, 0, 0, 0, 0, 0, 0, 0, 0, 0, 0, 0, 0, 0, 0, 0, 0, 0, 0, 0, 0, 0, 0, 0, 0, 0, 0, 0, 0, 0, 0, 0, 0, 0, 0, 0, 0, 0, 0, 0, 0, 0, 0, 0, 0, 0, 0, 0, 0, 0, 0, 0, 0, 0, 0, 0, 0, 0, 0, 0, 0, 0, 0, 0, 0, 0, 0, 0, 0, 0, 0, 0, 0, 0, 0, 0, 0, 0, 0, 0, 0, 0, 0, 0, 0, 0, 0, 0, 0, 0, 0, 0, 0, 0, 0, 0, 0, 0, 0, 0, 0, 0, 0, 0, 0, 0, 0, 0, 0, 0, 0, 0, 0, 0, 0, 0, 0, 0, 0),
(46, 7, '2017-03-10', '123', 'PS de Metoro', 0, 'Metoro', 'Metoro', 3, 'Montepuez', 0, 'Metoro Sede', 'Metoro', 'Rua do PS', '82848687', 1, 1, 1, 1, '2017-03-01', '2017-03-02', '2017-03-05', '2017-03-06', '2017-03-07', 1, NULL, '1,2,7,12,13,24,25', 10, -25.9528, 32.606, 0, 0, 0, 0, 0, 0, 0, 0, 0, 0, 0, 0, 0, 0, 0, 0, 0, 0, 0, 0, 0, 0, 0, 0, 0, 0, 0, 0, 0, 0, 0, 0, 0, 0, 0, 0, 0, 0, 0, 0, 0, 0, 0, 0, 0, 0, 0, 0, 0, 0, 0, 0, 0, 0, 0, 0, 0, 0, 0, 0, 0, 0, 0, 0, 0, 0, 0, 0, 0, 0, 0, 0, 0, 0, 0, 0, 0, 0, 0, 0, 0, 0, 0, 0, 0, 0, 0, 0, 0, 0, 0, 0, 0, 0, 0, 0, 0, 0, 0, 0, 0, 0, 0, 0, 0, 0, 0, 0, 0, 0, 0, 0, 0, 0, 0, 0, 0, 0, 0, 0, 0, 0, 0, 0, 0, 0, 0, 0, 0, 0, 0, 0, 0, 0, 0, 0, 0, 0, 0, 0, 0, 0, 0, 0, 0, 0, 0, 0, 0, 0, 0, 0, 0, 0, 0, 0, 0, 0, 0, 0, 0, 0, 0, 0, 0, 0, 0, 0, 0, 0, 0, 0, 0, 0, 0, 0, 0, 0, 0, 0, 0, 0, 0, 0, 0, 0, 0, 0, 0, 0, 0, 0, 0, 0, 0, 0, 0, 0, 0, 0, 0, 0, 0, 0, 0, 0, 0, 0, 0, 0, 0, 0, 0, 0, 0, 0, 0, 0, 0, 0, 0, 0, 0, 0, 0, 0, 0, 0, 0, 0, 0, 0, 0, 0, 0, 0, 0, 0, 0, 0, 0, 0, 0, 0, 0, 0, 0, 0, 0, 0, 0, 0, 0, 0, 0, 0, 0, 0, 0, 0, 0, 0, 0, 0, 0, 0, 0, 0, 0, 0, 0, 0, 0, 0, 0, 0, 0, 0, 0, 0, 0, 0, 0, 0, 0, 0, 0, 0, 0, 0, 0, 0, 0, 0, 0, 0, 0, 0, 0, 0, 0, 0, 0, 0, 0, 0, 0, 0, 0, 0, 0, 0, 0, 0, 0, 0, 0, 0, 0, 0, 0, 0, 0, 0, 0, 0, 0, 0, 0, 0, 0, 0, 0, 0, 0, 0, 0, 0, 0, 0, 0, 0, 0, 0, 0, 0, 0, 0, 0, 0, 0, 0, 0, 0, 0, 0, 0, 0, 0, 0, 0, 0, 0, 0, 0, 0, 0, 0, 0, 0, 0, 0, 0, 0, 0, 0, 0, 0, 0, 0, 0, 0, 0, 0, 0, 0, 0, 0, 0, 0, 0, 0, 0, 0, 0, 0, 0, 0, 0, 0, 0, 0, 0, 0, 0, 0, 0, 0, 0, 0, 0, 0, 0, 0, 0, 0, 0, 0, 0, 0, 0, 0, 0, 0, 0, 0, 0, 0, 0, 0, 0, 0, 0, 0, 0, 0, 0, 0, 0, 0, 0, 0, 0, 0, 0, 0, 0, 0, 0, 0, 0, 0, 0, 0, 0, 0, 0, 0, 0, 0, 0, 0, 0, 0, 0, 0, 0, 0, 0, 0, 0, 0, 0, 0, 0, 0, 0, 0, 0, 0, 0, 0, 0, 0, 0, 0, 0, 0),
(47, 7, '2017-03-10', '123', 'PS de Metoro', 0, 'Metoro', 'Metoro', 3, 'Montepuez', 0, 'Metoro Sede', 'Metoro', 'Rua do PS', '82848687', 1, 1, 1, 1, '2017-03-01', '2017-03-02', '2017-03-05', '2017-03-06', '2017-03-07', 1, NULL, '1,2,3,4,5,6,7', 10, -25.9529, 32.6058, 0, 0, 0, 0, 0, 0, 0, 0, 0, 0, 0, 0, 0, 0, 0, 0, 0, 0, 0, 0, 0, 0, 0, 0, 0, 0, 0, 0, 0, 0, 0, 0, 0, 0, 0, 0, 0, 0, 0, 0, 0, 0, 0, 0, 0, 0, 0, 0, 0, 0, 0, 0, 0, 0, 0, 0, 0, 0, 0, 0, 0, 0, 0, 0, 0, 0, 0, 0, 0, 0, 0, 0, 0, 0, 0, 0, 0, 0, 0, 0, 0, 0, 0, 0, 0, 0, 0, 0, 0, 0, 0, 0, 0, 0, 0, 0, 0, 0, 0, 0, 0, 0, 0, 0, 0, 0, 0, 0, 0, 0, 0, 0, 0, 0, 0, 0, 0, 0, 0, 0, 0, 0, 0, 0, 0, 0, 0, 0, 0, 0, 0, 0, 0, 0, 0, 0, 0, 0, 0, 0, 0, 0, 0, 0, 0, 0, 0, 0, 0, 0, 0, 0, 0, 0, 0, 0, 0, 0, 0, 0, 0, 0, 0, 0, 0, 0, 0, 0, 0, 0, 0, 0, 0, 0, 0, 0, 0, 0, 0, 0, 0, 0, 0, 0, 0, 0, 0, 0, 0, 0, 0, 0, 0, 0, 0, 0, 0, 0, 0, 0, 0, 0, 0, 0, 0, 0, 0, 0, 0, 0, 0, 0, 0, 0, 0, 0, 0, 0, 0, 0, 0, 0, 0, 0, 0, 0, 0, 0, 0, 0, 0, 0, 0, 0, 0, 0, 0, 0, 0, 0, 0, 0, 0, 0, 0, 0, 0, 0, 0, 0, 0, 0, 0, 0, 0, 0, 0, 0, 0, 0, 0, 0, 0, 0, 0, 0, 0, 0, 0, 0, 0, 0, 0, 0, 0, 0, 0, 0, 0, 0, 0, 0, 0, 0, 0, 0, 0, 0, 0, 0, 0, 0, 0, 0, 0, 0, 0, 0, 0, 0, 0, 0, 0, 0, 0, 0, 0, 0, 0, 0, 0, 0, 0, 0, 0, 0, 0, 0, 0, 0, 0, 0, 0, 0, 0, 0, 0, 0, 0, 0, 0, 0, 0, 0, 0, 0, 0, 0, 0, 0, 0, 0, 0, 0, 0, 0, 0, 0, 0, 0, 0, 0, 0, 0, 0, 0, 0, 0, 0, 0, 0, 0, 0, 0, 0, 0, 0, 0, 0, 0, 0, 0, 0, 0, 0, 0, 0, 0, 0, 0, 0, 0, 0, 0, 0, 0, 0, 0, 0, 0, 0, 0, 0, 0, 0, 0, 0, 0, 0, 0, 0, 0, 0, 0, 0, 0, 0, 0, 0, 0, 0, 0, 0, 0, 0, 0, 0, 0, 0, 0, 0, 0, 0, 0, 0, 0, 0, 0, 0, 0, 0, 0, 0, 0, 0, 0, 0, 0, 0, 0, 0, 0, 0, 0, 0, 0, 0, 0, 0, 0, 0, 0, 0, 0, 0, 0, 0, 0, 0, 0, 0, 0, 0, 0, 0, 0, 0, 0, 0, 0, 0, 0, 0, 0, 0, 0, 0, 0, 0, 0, 0, 0, 0, 0, 0, 0, 0, 0),
(48, 7, '2017-03-13', 'Dff', '114', 0, '11', '44', 2, '55', 0, '63', '63', '32', '53', 1, 1, 1, 1, '2017-03-12', '2017-03-13', '2017-03-13', '2017-03-13', '2017-03-13', 0, NULL, '1,2,3', 6, -5, 2, 0, 0, 0, 0, 0, 0, 0, 0, 0, 0, 0, 0, 0, 0, 0, 0, 0, 0, 0, 0, 0, 0, 0, 0, 0, 0, 0, 0, 0, 0, 0, 0, 0, 0, 0, 0, 0, 0, 0, 0, 0, 0, 0, 0, 0, 0, 0, 0, 0, 0, 0, 0, 0, 0, 0, 0, 0, 0, 0, 0, 0, 0, 0, 0, 0, 0, 0, 0, 0, 0, 0, 0, 0, 0, 0, 0, 0, 0, 0, 0, 0, 0, 0, 0, 0, 0, 0, 0, 0, 0, 0, 0, 0, 0, 0, 0, 0, 0, 0, 0, 0, 0, 0, 0, 0, 0, 0, 0, 0, 0, 0, 0, 0, 0, 0, 0, 0, 0, 0, 0, 0, 0, 0, 0, 0, 0, 0, 0, 0, 0, 0, 0, 0, 0, 0, 0, 0, 0, 0, 0, 0, 0, 0, 0, 0, 0, 0, 0, 0, 0, 0, 0, 0, 0, 0, 0, 0, 0, 0, 0, 0, 0, 0, 0, 0, 0, 0, 0, 0, 0, 0, 0, 0, 0, 0, 0, 0, 0, 0, 0, 0, 0, 0, 0, 0, 0, 0, 0, 0, 0, 0, 0, 0, 0, 0, 0, 0, 0, 0, 0, 0, 0, 0, 0, 0, 0, 0, 0, 0, 0, 0, 0, 0, 0, 0, 0, 0, 0, 0, 0, 0, 0, 0, 0, 0, 0, 0, 0, 0, 0, 0, 0, 0, 0, 0, 0, 0, 0, 0, 0, 0, 0, 0, 0, 0, 0, 0, 0, 0, 0, 0, 0, 0, 0, 0, 0, 0, 0, 0, 0, 0, 0, 0, 0, 0, 0, 0, 0, 0, 0, 0, 0, 0, 0, 0, 0, 0, 0, 0, 0, 0, 0, 0, 0, 0, 0, 0, 0, 0, 0, 0, 0, 0, 0, 0, 0, 0, 0, 0, 0, 0, 0, 0, 0, 0, 0, 0, 0, 0, 0, 0, 0, 0, 0, 0, 0, 0, 0, 0, 0, 0, 0, 0, 0, 0, 0, 0, 0, 0, 0, 0, 0, 0, 0, 0, 0, 0, 0, 0, 0, 0, 0, 0, 0, 0, 0, 0, 0, 0, 0, 0, 0, 0, 0, 0, 0, 0, 0, 0, 0, 0, 0, 0, 0, 0, 0, 0, 0, 0, 0, 0, 0, 0, 0, 0, 0, 0, 0, 0, 0, 0, 0, 0, 0, 0, 0, 0, 0, 0, 0, 0, 0, 0, 0, 0, 0, 0, 0, 0, 0, 0, 0, 0, 0, 0, 0, 0, 0, 0, 0, 0, 0, 0, 0, 0, 0, 0, 0, 0, 0, 0, 0, 0, 0, 0, 0, 0, 0, 0, 0, 0, 0, 0, 0, 0, 0, 0, 0, 0, 0, 0, 0, 0, 0, 0, 0, 0, 0, 0, 0, 0, 0, 0, 0, 0, 0, 0, 0, 0, 0, 0, 0, 0, 0, 0, 0, 0, 0, 0, 0, 0, 0, 0, 0, 0, 0, 0, 0, 0, 0, 0, 0, 0, 0, 0, 0, 0, 0),
(49, 21, '2017-03-14', '11019909', 'teste', 0, 'teste', 'Maputo', 11, 'kamphumo', 0, 'kamphumo', 'khqmphumo', '95', '826884371', 4, 1, 1, 1, '2015-03-11', '2016-03-10', '2017-01-02', '2017-03-02', '2017-03-10', 1, NULL, '1,2,3,5,6,7,24,25,33', 0, -25.9528, 32.6061, 0, 0, 0, 0, 0, 0, 0, 0, 0, 0, 0, 0, 0, 0, 0, 0, 0, 0, 0, 0, 0, 0, 0, 0, 0, 0, 0, 0, 0, 0, 0, 0, 0, 0, 0, 0, 0, 0, 0, 0, 0, 0, 0, 0, 0, 0, 0, 0, 0, 0, 0, 0, 0, 0, 0, 0, 0, 0, 0, 0, 0, 0, 0, 0, 0, 0, 0, 0, 0, 0, 0, 0, 0, 0, 0, 0, 0, 0, 0, 0, 0, 0, 0, 0, 0, 0, 0, 0, 0, 0, 0, 0, 0, 0, 0, 0, 0, 0, 0, 0, 0, 0, 0, 0, 0, 0, 0, 0, 0, 0, 0, 0, 0, 0, 0, 0, 0, 0, 0, 0, 0, 0, 0, 0, 0, 0, 0, 0, 0, 0, 0, 0, 0, 0, 0, 0, 0, 0, 0, 0, 0, 0, 0, 0, 0, 0, 0, 0, 0, 0, 0, 0, 0, 0, 0, 0, 0, 0, 0, 0, 0, 0, 0, 0, 0, 0, 0, 0, 0, 0, 0, 0, 0, 0, 0, 0, 0, 0, 0, 0, 0, 0, 0, 0, 0, 0, 0, 0, 0, 0, 0, 0, 0, 0, 0, 0, 0, 0, 0, 0, 0, 0, 0, 0, 0, 0, 0, 0, 0, 0, 0, 0, 0, 0, 0, 0, 0, 0, 0, 0, 0, 0, 0, 0, 0, 0, 0, 0, 0, 0, 0, 0, 0, 0, 0, 0, 0, 0, 0, 0, 0, 0, 0, 0, 0, 0, 0, 0, 0, 0, 0, 0, 0, 0, 0, 0, 0, 0, 0, 0, 0, 0, 0, 0, 0, 0, 0, 0, 0, 0, 0, 0, 0, 0, 0, 0, 0, 0, 0, 0, 0, 0, 0, 0, 0, 0, 0, 0, 0, 0, 0, 0, 0, 0, 0, 0, 0, 0, 0, 0, 0, 0, 0, 0, 0, 0, 0, 0, 0, 0, 0, 0, 0, 0, 0, 0, 0, 0, 0, 0, 0, 0, 0, 0, 0, 0, 0, 0, 0, 0, 0, 0, 0, 0, 0, 0, 0, 0, 0, 0, 0, 0, 0, 0, 0, 0, 0, 0, 0, 0, 0, 0, 0, 0, 0, 0, 0, 0, 0, 0, 0, 0, 0, 0, 0, 0, 0, 0, 0, 0, 0, 0, 0, 0, 0, 0, 0, 0, 0, 0, 0, 0, 0, 0, 0, 0, 0, 0, 0, 0, 0, 0, 0, 0, 0, 0, 0, 0, 0, 0, 0, 0, 0, 0, 0, 0, 0, 0, 0, 0, 0, 0, 0, 0, 0, 0, 0, 0, 0, 0, 0, 0, 0, 0, 0, 0, 0, 0, 0, 0, 0, 0, 0, 0, 0, 0, 0, 0, 0, 0, 0, 0, 0, 0, 0, 0, 0, 0, 0, 0, 0, 0, 0, 0, 0, 0, 0, 0, 0, 0, 0, 0, 0, 0, 0, 0, 0, 0, 0, 0, 0, 0, 0, 0, 0, 0, 0, 0, 0, 0, 0, 0, 0, 0, 0, 0, 0, 0),
(50, 21, '2017-03-15', '01333456', 'jchauque', 0, 'chauque', 'Maputo cidade', 11, 'Kamphumo', 0, 'na', 'na', 'na', 'na', 9, 1, 1, 1, '2012-02-15', '2015-03-02', '2016-03-08', '2017-01-16', '2017-02-07', 0, NULL, '1,3,5,10,12,13,16,17,30', 0, -25.9528, 32.606, 0, 0, 0, 0, 0, 0, 0, 0, 0, 0, 0, 0, 0, 0, 0, 0, 0, 0, 0, 0, 0, 0, 0, 0, 0, 0, 0, 0, 0, 0, 0, 0, 0, 0, 0, 0, 0, 0, 0, 0, 0, 0, 0, 0, 0, 0, 0, 0, 0, 0, 0, 0, 0, 0, 0, 0, 0, 0, 0, 0, 0, 0, 0, 0, 0, 0, 0, 0, 0, 0, 0, 0, 0, 0, 0, 0, 0, 0, 0, 0, 0, 0, 0, 0, 0, 0, 0, 0, 0, 0, 0, 0, 0, 0, 0, 0, 0, 0, 0, 0, 0, 0, 0, 0, 0, 0, 0, 0, 0, 0, 0, 0, 0, 0, 0, 0, 0, 0, 0, 0, 0, 0, 0, 0, 0, 0, 0, 0, 0, 0, 0, 0, 0, 0, 0, 0, 0, 0, 0, 0, 0, 0, 0, 0, 0, 0, 0, 0, 0, 0, 0, 0, 0, 0, 0, 0, 0, 0, 0, 0, 0, 0, 0, 0, 0, 0, 0, 0, 0, 0, 0, 0, 0, 0, 0, 0, 0, 0, 0, 0, 0, 0, 0, 0, 0, 0, 0, 0, 0, 0, 0, 0, 0, 0, 0, 0, 0, 0, 0, 0, 0, 0, 0, 0, 0, 0, 0, 0, 0, 0, 0, 0, 0, 0, 0, 0, 0, 0, 0, 0, 0, 0, 0, 0, 0, 0, 0, 0, 0, 0, 0, 0, 0, 0, 0, 0, 0, 0, 0, 0, 0, 0, 0, 0, 0, 0, 0, 0, 0, 0, 0, 0, 0, 0, 0, 0, 0, 0, 0, 0, 0, 0, 0, 0, 0, 0, 0, 0, 0, 0, 0, 0, 0, 0, 0, 0, 0, 0, 0, 0, 0, 0, 0, 0, 0, 0, 0, 0, 0, 0, 0, 0, 0, 0, 0, 0, 0, 0, 0, 0, 0, 0, 0, 0, 0, 0, 0, 0, 0, 0, 0, 0, 0, 0, 0, 0, 0, 0, 0, 0, 0, 0, 0, 0, 0, 0, 0, 0, 0, 0, 0, 0, 0, 0, 0, 0, 0, 0, 0, 0, 0, 0, 0, 0, 0, 0, 0, 0, 0, 0, 0, 0, 0, 0, 0, 0, 0, 0, 0, 0, 0, 0, 0, 0, 0, 0, 0, 0, 0, 0, 0, 0, 0, 0, 0, 0, 0, 0, 0, 0, 0, 0, 0, 0, 0, 0, 0, 0, 0, 0, 0, 0, 0, 0, 0, 0, 0, 0, 0, 0, 0, 0, 0, 0, 0, 0, 0, 0, 0, 0, 0, 0, 0, 0, 0, 0, 0, 0, 0, 0, 0, 0, 0, 0, 0, 0, 0, 0, 0, 0, 0, 0, 0, 0, 0, 0, 0, 0, 0, 0, 0, 0, 0, 0, 0, 0, 0, 0, 0, 0, 0, 0, 0, 0, 0, 0, 0, 0, 0, 0, 0, 0, 0, 0, 0, 0, 0, 0, 0, 0, 0, 0, 0, 0, 0, 0, 0, 0, 0, 0, 0, 0, 0, 0, 0, 0, 0, 0),
(51, 21, '2017-03-15', '01333478', 'jchauque', 0, 'chauque', 'Maputo cidade', 11, 'Kamphumo', 0, 'na', 'na', 'na', 'na', 1, 1, 1, 1, '2012-02-15', '2015-03-02', '2016-03-08', '2017-01-16', '2017-02-07', 0, NULL, '6,8,11,13,16,18', 0, -25.9528, 32.606, 0, 0, 0, 0, 0, 0, 0, 0, 0, 0, 0, 0, 0, 0, 0, 0, 0, 0, 0, 0, 0, 0, 0, 0, 0, 0, 0, 0, 0, 0, 0, 0, 0, 0, 0, 0, 0, 0, 0, 0, 0, 0, 0, 0, 0, 0, 0, 0, 0, 0, 0, 0, 0, 0, 0, 0, 0, 0, 0, 0, 0, 0, 0, 0, 0, 0, 0, 0, 0, 0, 0, 0, 0, 0, 0, 0, 0, 0, 0, 0, 0, 0, 0, 0, 0, 0, 0, 0, 0, 0, 0, 0, 0, 0, 0, 0, 0, 0, 0, 0, 0, 0, 0, 0, 0, 0, 0, 0, 0, 0, 0, 0, 0, 0, 0, 0, 0, 0, 0, 0, 0, 0, 0, 0, 0, 0, 0, 0, 0, 0, 0, 0, 0, 0, 0, 0, 0, 0, 0, 0, 0, 0, 0, 0, 0, 0, 0, 0, 0, 0, 0, 0, 0, 0, 0, 0, 0, 0, 0, 0, 0, 0, 0, 0, 0, 0, 0, 0, 0, 0, 0, 0, 0, 0, 0, 0, 0, 0, 0, 0, 0, 0, 0, 0, 0, 0, 0, 0, 0, 0, 0, 0, 0, 0, 0, 0, 0, 0, 0, 0, 0, 0, 0, 0, 0, 0, 0, 0, 0, 0, 0, 0, 0, 0, 0, 0, 0, 0, 0, 0, 0, 0, 0, 0, 0, 0, 0, 0, 0, 0, 0, 0, 0, 0, 0, 0, 0, 0, 0, 0, 0, 0, 0, 0, 0, 0, 0, 0, 0, 0, 0, 0, 0, 0, 0, 0, 0, 0, 0, 0, 0, 0, 0, 0, 0, 0, 0, 0, 0, 0, 0, 0, 0, 0, 0, 0, 0, 0, 0, 0, 0, 0, 0, 0, 0, 0, 0, 0, 0, 0, 0, 0, 0, 0, 0, 0, 0, 0, 0, 0, 0, 0, 0, 0, 0, 0, 0, 0, 0, 0, 0, 0, 0, 0, 0, 0, 0, 0, 0, 0, 0, 0, 0, 0, 0, 0, 0, 0, 0, 0, 0, 0, 0, 0, 0, 0, 0, 0, 0, 0, 0, 0, 0, 0, 0, 0, 0, 0, 0, 0, 0, 0, 0, 0, 0, 0, 0, 0, 0, 0, 0, 0, 0, 0, 0, 0, 0, 0, 0, 0, 0, 0, 0, 0, 0, 0, 0, 0, 0, 0, 0, 0, 0, 0, 0, 0, 0, 0, 0, 0, 0, 0, 0, 0, 0, 0, 0, 0, 0, 0, 0, 0, 0, 0, 0, 0, 0, 0, 0, 0, 0, 0, 0, 0, 0, 0, 0, 0, 0, 0, 0, 0, 0, 0, 0, 0, 0, 0, 0, 0, 0, 0, 0, 0, 0, 0, 0, 0, 0, 0, 0, 0, 0, 0, 0, 0, 0, 0, 0, 0, 0, 0, 0, 0, 0, 0, 0, 0, 0, 0, 0, 0, 0, 0, 0, 0, 0, 0, 0, 0, 0, 0, 0, 0, 0, 0, 0, 0, 0, 0, 0, 0, 0, 0, 0, 0, 0, 0),
(52, 21, '2017-03-15', '02234567', 'HG Matacuane', 0, 'Matac', 'Maputo ', 12, 'Namaacha', 0, 'na', 'na', 'na', 'na', 9, 1, 1, 1, '2010-02-15', '2013-03-14', '2015-03-04', '2017-01-16', '2016-02-23', 0, NULL, '1,5,6,7,9,12,14,24,25', 0, -25.9528, 32.606, 0, 0, 0, 0, 0, 0, 0, 0, 0, 0, 0, 0, 0, 0, 0, 0, 0, 0, 0, 0, 0, 0, 0, 0, 0, 0, 0, 0, 0, 0, 0, 0, 0, 0, 0, 0, 0, 0, 0, 0, 0, 0, 0, 0, 0, 0, 0, 0, 0, 0, 0, 0, 0, 0, 0, 0, 0, 0, 0, 0, 0, 0, 0, 0, 0, 0, 0, 0, 0, 0, 0, 0, 0, 0, 0, 0, 0, 0, 0, 0, 0, 0, 0, 0, 0, 0, 0, 0, 0, 0, 0, 0, 0, 0, 0, 0, 0, 0, 0, 0, 0, 0, 0, 0, 0, 0, 0, 0, 0, 0, 0, 0, 0, 0, 0, 0, 0, 0, 0, 0, 0, 0, 0, 0, 0, 0, 0, 0, 0, 0, 0, 0, 0, 0, 0, 0, 0, 0, 0, 0, 0, 0, 0, 0, 0, 0, 0, 0, 0, 0, 0, 0, 0, 0, 0, 0, 0, 0, 0, 0, 0, 0, 0, 0, 0, 0, 0, 0, 0, 0, 0, 0, 0, 0, 0, 0, 0, 0, 0, 0, 0, 0, 0, 0, 0, 0, 0, 0, 0, 0, 0, 0, 0, 0, 0, 0, 0, 0, 0, 0, 0, 0, 0, 0, 0, 0, 0, 0, 0, 0, 0, 0, 0, 0, 0, 0, 0, 0, 0, 0, 0, 0, 0, 0, 0, 0, 0, 0, 0, 0, 0, 0, 0, 0, 0, 0, 0, 0, 0, 0, 0, 0, 0, 0, 0, 0, 0, 0, 0, 0, 0, 0, 0, 0, 0, 0, 0, 0, 0, 0, 0, 0, 0, 0, 0, 0, 0, 0, 0, 0, 0, 0, 0, 0, 0, 0, 0, 0, 0, 0, 0, 0, 0, 0, 0, 0, 0, 0, 0, 0, 0, 0, 0, 0, 0, 0, 0, 0, 0, 0, 0, 0, 0, 0, 0, 0, 0, 0, 0, 0, 0, 0, 0, 0, 0, 0, 0, 0, 0, 0, 0, 0, 0, 0, 0, 0, 0, 0, 0, 0, 0, 0, 0, 0, 0, 0, 0, 0, 0, 0, 0, 0, 0, 0, 0, 0, 0, 0, 0, 0, 0, 0, 0, 0, 0, 0, 0, 0, 0, 0, 0, 0, 0, 0, 0, 0, 0, 0, 0, 0, 0, 0, 0, 0, 0, 0, 0, 0, 0, 0, 0, 0, 0, 0, 0, 0, 0, 0, 0, 0, 0, 0, 0, 0, 0, 0, 0, 0, 0, 0, 0, 0, 0, 0, 0, 0, 0, 0, 0, 0, 0, 0, 0, 0, 0, 0, 0, 0, 0, 0, 0, 0, 0, 0, 0, 0, 0, 0, 0, 0, 0, 0, 0, 0, 0, 0, 0, 0, 0, 0, 0, 0, 0, 0, 0, 0, 0, 0, 0, 0, 0, 0, 0, 0, 0, 0, 0, 0, 0, 0, 0, 0, 0, 0, 0, 0, 0, 0, 0, 0, 0, 0, 0, 0, 0, 0, 0, 0, 0, 0, 0, 0, 0, 0, 0, 0, 0, 0),
(53, 21, '2017-03-16', '09012345', 'HP Xai Xai', 0, 'xai', 'xai xai', 9, 'xai xai', 0, 'na', 'na', 'na', '846576760', 10, 1, 1, 1, '1978-03-15', '1978-11-16', '2006-03-16', '2012-03-15', '2010-03-17', 0, NULL, '11,12,13,14,15,16,17,18,19,20,23,24,25,26,27,28,29,31,32,33', 0, -25.9528, 32.606, 0, 0, 0, 0, 0, 0, 0, 0, 0, 0, 0, 0, 0, 0, 0, 0, 0, 0, 0, 0, 0, 0, 0, 0, 0, 0, 0, 0, 0, 0, 0, 0, 0, 0, 0, 0, 0, 0, 0, 0, 0, 0, 0, 0, 0, 0, 0, 0, 0, 0, 0, 0, 0, 0, 0, 0, 0, 0, 0, 0, 0, 0, 0, 0, 0, 0, 0, 0, 0, 0, 0, 0, 0, 0, 0, 0, 0, 0, 0, 0, 0, 0, 0, 0, 0, 0, 0, 0, 0, 0, 0, 0, 0, 0, 0, 0, 0, 0, 0, 0, 0, 0, 0, 0, 0, 0, 0, 0, 0, 0, 0, 0, 0, 0, 0, 0, 0, 0, 0, 0, 0, 0, 0, 0, 0, 0, 0, 0, 0, 0, 0, 0, 0, 0, 0, 0, 0, 0, 0, 0, 0, 0, 0, 0, 0, 0, 0, 0, 0, 0, 0, 0, 0, 0, 0, 0, 0, 0, 0, 0, 0, 0, 0, 0, 0, 0, 0, 0, 0, 0, 0, 0, 0, 0, 0, 0, 0, 0, 0, 0, 0, 0, 0, 0, 0, 0, 0, 0, 0, 0, 0, 0, 0, 0, 0, 0, 0, 0, 0, 0, 0, 0, 0, 0, 0, 0, 0, 0, 0, 0, 0, 0, 0, 0, 0, 0, 0, 0, 0, 0, 0, 0, 0, 0, 0, 0, 0, 0, 0, 0, 0, 0, 0, 0, 0, 0, 0, 0, 0, 0, 0, 0, 0, 0, 0, 0, 0, 0, 0, 0, 0, 0, 0, 0, 0, 0, 0, 0, 0, 0, 0, 0, 0, 0, 0, 0, 0, 0, 0, 0, 0, 0, 0, 0, 0, 0, 0, 0, 0, 0, 0, 0, 0, 0, 0, 0, 0, 0, 0, 0, 0, 0, 0, 0, 0, 0, 0, 0, 0, 0, 0, 0, 0, 0, 0, 0, 0, 0, 0, 0, 0, 0, 0, 0, 0, 0, 0, 0, 0, 0, 0, 0, 0, 0, 0, 0, 0, 0, 0, 0, 0, 0, 0, 0, 0, 0, 0, 0, 0, 0, 0, 0, 0, 0, 0, 0, 0, 0, 0, 0, 0, 0, 0, 0, 0, 0, 0, 0, 0, 0, 0, 0, 0, 0, 0, 0, 0, 0, 0, 0, 0, 0, 0, 0, 0, 0, 0, 0, 0, 0, 0, 0, 0, 0, 0, 0, 0, 0, 0, 0, 0, 0, 0, 0, 0, 0, 0, 0, 0, 0, 0, 0, 0, 0, 0, 0, 0, 0, 0, 0, 0, 0, 0, 0, 0, 0, 0, 0, 0, 0, 0, 0, 0, 0, 0, 0, 0, 0, 0, 0, 0, 0, 0, 0, 0, 0, 0, 0, 0, 0, 0, 0, 0, 0, 0, 0, 0, 0, 0, 0, 0, 0, 0, 0, 0, 0, 0, 0, 0, 0, 0, 0, 0, 0, 0, 0, 0, 0, 0, 0, 0, 0, 0, 0, 0, 0, 0, 0, 0, 0, 0, 0, 0, 0, 0, 0, 0, 0),
(54, 13, '2017-03-16', '22w', '777', 0, 'Hg', 'Vbhg', 2, 'Hgfd', 0, 'Tttt', 'Ygf', 'Fghjiuuyr', '9774433245', 3, 1, 1, 1, '2007-11-05', '2008-11-05', '2010-10-03', '2017-03-08', '2016-02-08', 0, NULL, '3,5,7,9,10,25', 0, -25.953, 32.6057, 0, 0, 0, 0, 0, 0, 0, 0, 0, 0, 0, 0, 0, 0, 0, 0, 0, 0, 0, 0, 0, 0, 0, 0, 0, 0, 0, 0, 0, 0, 0, 0, 0, 0, 0, 0, 0, 0, 0, 0, 0, 0, 0, 0, 0, 0, 0, 0, 0, 0, 0, 0, 0, 0, 0, 0, 0, 0, 0, 0, 0, 0, 0, 0, 0, 0, 0, 0, 0, 0, 0, 0, 0, 0, 0, 0, 0, 0, 0, 0, 0, 0, 0, 0, 0, 0, 0, 0, 0, 0, 0, 0, 0, 0, 0, 0, 0, 0, 0, 0, 0, 0, 0, 0, 0, 0, 0, 0, 0, 0, 0, 0, 0, 0, 0, 0, 0, 0, 0, 0, 0, 0, 0, 0, 0, 0, 0, 0, 0, 0, 0, 0, 0, 0, 0, 0, 0, 0, 0, 0, 0, 0, 0, 0, 0, 0, 0, 0, 0, 0, 0, 0, 0, 0, 0, 0, 0, 0, 0, 0, 0, 0, 0, 0, 0, 0, 0, 0, 0, 0, 0, 0, 0, 0, 0, 0, 0, 0, 0, 0, 0, 0, 0, 0, 0, 0, 0, 0, 0, 0, 0, 0, 0, 0, 0, 0, 0, 0, 0, 0, 0, 0, 0, 0, 0, 0, 0, 0, 0, 0, 0, 0, 0, 0, 0, 0, 0, 0, 0, 0, 0, 0, 0, 0, 0, 0, 0, 0, 0, 0, 0, 0, 0, 0, 0, 0, 0, 0, 0, 0, 0, 0, 0, 0, 0, 0, 0, 0, 0, 0, 0, 0, 0, 0, 0, 0, 0, 0, 0, 0, 0, 0, 0, 0, 0, 0, 0, 0, 0, 0, 0, 0, 0, 0, 0, 0, 0, 0, 0, 0, 0, 0, 0, 0, 0, 0, 0, 0, 0, 0, 0, 0, 0, 0, 0, 0, 0, 0, 0, 0, 0, 0, 0, 0, 0, 0, 0, 0, 0, 0, 0, 0, 0, 0, 0, 0, 0, 0, 0, 0, 0, 0, 0, 0, 0, 0, 0, 0, 0, 0, 0, 0, 0, 0, 0, 0, 0, 0, 0, 0, 0, 0, 0, 0, 0, 0, 0, 0, 0, 0, 0, 0, 0, 0, 0, 0, 0, 0, 0, 0, 0, 0, 0, 0, 0, 0, 0, 0, 0, 0, 0, 0, 0, 0, 0, 0, 0, 0, 0, 0, 0, 0, 0, 0, 0, 0, 0, 0, 0, 0, 0, 0, 0, 0, 0, 0, 0, 0, 0, 0, 0, 0, 0, 0, 0, 0, 0, 0, 0, 0, 0, 0, 0, 0, 0, 0, 0, 0, 0, 0, 0, 0, 0, 0, 0, 0, 0, 0, 0, 0, 0, 0, 0, 0, 0, 0, 0, 0, 0, 0, 0, 0, 0, 0, 0, 0, 0, 0, 0, 0, 0, 0, 0, 0, 0, 0, 0, 0, 0, 0, 0, 0, 0, 0, 0, 0, 0, 0, 0, 0, 0, 0, 0, 0, 0, 0, 0, 0, 0, 0, 0, 0, 0, 0, 0, 0, 0, 0),
(55, 9, '2017-03-17', '010101001', 'Centro de saude Xipamanine', 0, 'CSX', 'Avenida Angola', 12, 'Kamuub', 0, 'hhh', 'yhh', 'khyt', 'bcghb', 1, 1, 1, 1, '2008-03-10', '2004-03-10', '2002-03-10', '2021-03-10', '2015-03-10', 1, NULL, '3,4,5,6', 0, -25.9528, 32.606, 0, 0, 0, 0, 0, 0, 0, 0, 0, 0, 0, 0, 0, 0, 0, 0, 0, 0, 0, 0, 0, 0, 0, 0, 0, 0, 0, 0, 0, 0, 0, 0, 0, 0, 0, 0, 0, 0, 0, 0, 0, 0, 0, 0, 0, 0, 0, 0, 0, 0, 0, 0, 0, 0, 0, 0, 0, 0, 0, 0, 0, 0, 0, 0, 0, 0, 0, 0, 0, 0, 0, 0, 0, 0, 0, 0, 0, 0, 0, 0, 0, 0, 0, 0, 0, 0, 0, 0, 0, 0, 0, 0, 0, 0, 0, 0, 0, 0, 0, 0, 0, 0, 0, 0, 0, 0, 0, 0, 0, 0, 0, 0, 0, 0, 0, 0, 0, 0, 0, 0, 0, 0, 0, 0, 0, 0, 0, 0, 0, 0, 0, 0, 0, 0, 0, 0, 0, 0, 0, 0, 0, 0, 0, 0, 0, 0, 0, 0, 0, 0, 0, 0, 0, 0, 0, 0, 0, 0, 0, 0, 0, 0, 0, 0, 0, 0, 0, 0, 0, 0, 0, 0, 0, 0, 0, 0, 0, 0, 0, 0, 0, 0, 0, 0, 0, 0, 0, 0, 0, 0, 0, 0, 0, 0, 0, 0, 0, 0, 0, 0, 0, 0, 0, 0, 0, 0, 0, 0, 0, 0, 0, 0, 0, 0, 0, 0, 0, 0, 0, 0, 0, 0, 0, 0, 0, 0, 0, 0, 0, 0, 0, 0, 0, 0, 0, 0, 0, 0, 0, 0, 0, 0, 0, 0, 0, 0, 0, 0, 0, 0, 0, 0, 0, 0, 0, 0, 0, 0, 0, 0, 0, 0, 0, 0, 0, 0, 0, 0, 0, 0, 0, 0, 0, 0, 0, 0, 0, 0, 0, 0, 0, 0, 0, 0, 0, 0, 0, 0, 0, 0, 0, 0, 0, 0, 0, 0, 0, 0, 0, 0, 0, 0, 0, 0, 0, 0, 0, 0, 0, 0, 0, 0, 0, 0, 0, 0, 0, 0, 0, 0, 0, 0, 0, 0, 0, 0, 0, 0, 0, 0, 0, 0, 0, 0, 0, 0, 0, 0, 0, 0, 0, 0, 0, 0, 0, 0, 0, 0, 0, 0, 0, 0, 0, 0, 0, 0, 0, 0, 0, 0, 0, 0, 0, 0, 0, 0, 0, 0, 0, 0, 0, 0, 0, 0, 0, 0, 0, 0, 0, 0, 0, 0, 0, 0, 0, 0, 0, 0, 0, 0, 0, 0, 0, 0, 0, 0, 0, 0, 0, 0, 0, 0, 0, 0, 0, 0, 0, 0, 0, 0, 0, 0, 0, 0, 0, 0, 0, 0, 0, 0, 0, 0, 0, 0, 0, 0, 0, 0, 0, 0, 0, 0, 0, 0, 0, 0, 0, 0, 0, 0, 0, 0, 0, 0, 0, 0, 0, 0, 0, 0, 0, 0, 0, 0, 0, 0, 0, 0, 0, 0, 0, 0, 0, 0, 0, 0, 0, 0, 0, 0, 0, 0, 0, 0, 0, 0, 0, 0, 0, 0, 0, 0, 0, 0, 0, 0, 0, 0),
(56, 19, '2017-03-17', '1', 'Tt', 0, 'Tt', 'Tt', 2, 'Tt', 0, 'Tt', 'Yy', 'Tt', 'Fr', 1, 1, 1, 1, '2017-03-17', '2017-03-17', '2017-03-17', '2017-03-17', '2017-03-17', 0, NULL, '8,10,12', 20, -25.9528, 32.6062, 0, 0, 0, 0, 0, 0, 0, 0, 0, 0, 0, 0, 0, 0, 0, 0, 0, 0, 0, 0, 0, 0, 0, 0, 0, 0, 0, 0, 0, 0, 0, 0, 0, 0, 0, 0, 0, 0, 0, 0, 0, 0, 0, 0, 0, 0, 0, 0, 0, 0, 0, 0, 0, 0, 0, 0, 0, 0, 0, 0, 0, 0, 0, 0, 0, 0, 0, 0, 0, 0, 0, 0, 0, 0, 0, 0, 0, 0, 0, 0, 0, 0, 0, 0, 0, 0, 0, 0, 0, 0, 0, 0, 0, 0, 0, 0, 0, 0, 0, 0, 0, 0, 0, 0, 0, 0, 0, 0, 0, 0, 0, 0, 0, 0, 0, 0, 0, 0, 0, 0, 0, 0, 0, 0, 0, 0, 0, 0, 0, 0, 0, 0, 0, 0, 0, 0, 0, 0, 0, 0, 0, 0, 0, 0, 0, 0, 0, 0, 0, 0, 0, 0, 0, 0, 0, 0, 0, 0, 0, 0, 0, 0, 0, 0, 0, 0, 0, 0, 0, 0, 0, 0, 0, 0, 0, 0, 0, 0, 0, 0, 0, 0, 0, 0, 0, 0, 0, 0, 0, 0, 0, 0, 0, 0, 0, 0, 0, 0, 0, 0, 0, 0, 0, 0, 0, 0, 0, 0, 0, 0, 0, 0, 0, 0, 0, 0, 0, 0, 0, 0, 0, 0, 0, 0, 0, 0, 0, 0, 0, 0, 0, 0, 0, 0, 0, 0, 0, 0, 0, 0, 0, 0, 0, 0, 0, 0, 0, 0, 0, 0, 0, 0, 0, 0, 0, 0, 0, 0, 0, 0, 0, 0, 0, 0, 0, 0, 0, 0, 0, 0, 0, 0, 0, 0, 0, 0, 0, 0, 0, 0, 0, 0, 0, 0, 0, 0, 0, 0, 0, 0, 0, 0, 0, 0, 0, 0, 0, 0, 0, 0, 0, 0, 0, 0, 0, 0, 0, 0, 0, 0, 0, 0, 0, 0, 0, 0, 0, 0, 0, 0, 0, 0, 0, 0, 0, 0, 0, 0, 0, 0, 0, 0, 0, 0, 0, 0, 0, 0, 0, 0, 0, 0, 0, 0, 0, 0, 0, 0, 0, 0, 0, 0, 0, 0, 0, 0, 0, 0, 0, 0, 0, 0, 0, 0, 0, 0, 0, 0, 0, 0, 0, 0, 0, 0, 0, 0, 0, 0, 0, 0, 0, 0, 0, 0, 0, 0, 0, 0, 0, 0, 0, 0, 0, 0, 0, 0, 0, 0, 0, 0, 0, 0, 0, 0, 0, 0, 0, 0, 0, 0, 0, 0, 0, 0, 0, 0, 0, 0, 0, 0, 0, 0, 0, 0, 0, 0, 0, 0, 0, 0, 0, 0, 0, 0, 0, 0, 0, 0, 0, 0, 0, 0, 0, 0, 0, 0, 0, 0, 0, 0, 0, 0, 0, 0, 0, 0, 0, 0, 0, 0, 0, 0, 0, 0, 0, 0, 0, 0, 0, 0, 0, 0, 0, 0, 0, 0, 0, 0, 0, 0, 0, 0, 0, 0, 0, 0, 0, 0),
(57, 1, '2017-03-24', 'utv', 'prova mz200 01', 0, 'jhbhj', 'hgvhgv', 2, 'hgvhg', 0, 'gfcyr', 'hvgvygvy', 'yfcyfc', 'hgvhgvugv', 1, 1, 1, 1, '2017-03-24', '2017-03-24', '2017-03-24', '2017-03-24', '2017-03-24', 0, NULL, '2,21,29', 0, -25.9529, 32.6059, 0, 0, 0, 0, 0, 0, 0, 0, 0, 0, 0, 0, 0, 0, 0, 9, 5, 0, 0, 0, 0, 0, 0, 0, 0, 0, 0, 0, 0, 0, 0, 0, 0, 0, 0, 0, 0, 0, 0, 0, 0, 0, 0, 0, 0, 0, 0, 0, 0, 0, 0, 0, 0, 0, 0, 0, 0, 0, 0, 8, 0, 0, 0, 0, 0, 0, 0, 0, 0, 0, 0, 0, 0, 0, 0, 0, 0, 0, 0, 0, 0, 0, 0, 0, 0, 0, 0, 0, 0, 0, 0, 0, 0, 0, 0, 0, 0, 0, 0, 0, 0, 0, 0, 0, 0, 0, 0, 0, 0, 0, 0, 0, 0, 0, 0, 0, 0, 0, 0, 0, 1, 0, 0, 0, 0, 0, 0, 0, 0, 0, 0, 0, 0, 0, 0, 0, 0, 0, 0, 0, 0, 0, 0, 0, 0, 0, 0, 0, 0, 0, 0, 0, 0, 0, 0, 0, 0, 0, 0, 0, 0, 0, 0, 0, 0, 0, 0, 0, 0, 0, 0, 0, 0, 0, 0, 0, 0, 0, 0, 0, 0, 0, 0, 0, 0, 0, 0, 0, 0, 0, 5, 0, 0, 0, 0, 0, 0, 0, 0, 0, 0, 0, 0, 0, 0, 0, 0, 0, 0, 0, 0, 0, 0, 0, 0, 0, 0, 0, 0, 0, 0, 0, 0, 0, 0, 0, 0, 0, 0, 0, 0, 0, 0, 0, 0, 0, 4, 0, 0, 0, 0, 0, 0, 0, 0, 0, 0, 0, 0, 0, 0, 0, 0, 0, 0, 0, 0, 0, 0, 0, 0, 0, 0, 0, 0, 0, 0, 0, 0, 0, 0, 0, 0, 0, 0, 0, 0, 0, 0, 0, 0, 0, 0, 0, 0, 0, 0, 0, 0, 0, 0, 0, 0, 0, 0, 0, 0, 22, 0, 0, 0, 0, 0, 0, 0, 0, 0, 0, 0, 0, 0, 0, 0, 0, 0, 0, 0, 0, 0, 0, 0, 0, 0, 0, 0, 0, 0, 0, 0, 0, 0, 0, 0, 0, 0, 0, 0, 0, 0, 0, 0, 0, 0, 0, 0, 0, 0, 0, 0, 0, 0, 0, 0, 0, 0, 0, 0, 0, 0, 0, 0, 0, 0, 0, 0, 0, 0, 0, 0, 0, 0, 0, 0, 0, 0, 0, 0, 0, 0, 0, 7, 0, 0, 0, 0, 0, 0, 0, 0, 0, 0, 0, 0, 0, 0, 0, 0, 0, 0, 0, 0, 0, 0, 0, 0, 0, 0, 0, 0, 0, 0, 0, 0, 0, 0, 0, 0, 0, 0, 0, 0, 0, 0, 0, 0, 0, 0, 0, 0, 0, 0, 0, 0, 0, 0, 0, 0, 0, 0, 0, 1, 0, 0, 0, 0, 0, 0, 0, 0, 0, 0, 0, 0, 0, 0, 0, 0, 0, 0, 0, 0, 0, 0, 0, 0, 0, 0, 0, 0, 0, 0, 0, 0, 0, 0, 0, 0, 0, 0, 0, 0, 0, 0, 0, 0, 0, 9, 0),
(58, 13, '2017-03-28', '0102376', 'Jdgyt', 0, 'Hg', 'Hgfddsrt', 2, 'Cuamba', 0, 'Hgffd', 'Jfdsghjj', 'Kjhhgfddssa', '876554332', 3, 1, 1, 3, '2017-03-28', '2017-03-28', '2017-03-28', '2017-03-28', '2017-03-28', 1, NULL, '1,2,3,4,5,8,9,11', 0, -25.9529, 32.6059, 5, 3, 1, 0, 2, 1, 0, 0, 0, 1, 0, 0, 0, 0, 0, 0, 2, 1, 0, 0, 0, 0, 1, 0, 0, 0, 0, 0, 0, 0, 0, 0, 1, 6, 2, 1, 3, 1, 1, 1, 0, 0, 0, 0, 0, 0, 0, 0, 0, 0, 0, 0, 0, 0, 0, 0, 0, 0, 0, 0, 0, 0, 0, 0, 0, 0, 0, 0, 1, 0, 1, 1, 0, 0, 0, 0, 0, 1, 0, 0, 0, 0, 0, 0, 0, 0, 0, 0, 0, 0, 0, 0, 0, 0, 0, 0, 1, 12, 0, 0, 5, 3, 0, 0, 3, 2, 0, 0, 0, 0, 0, 0, 0, 6, 0, 1, 0, 0, 0, 0, 0, 0, 0, 0, 0, 0, 0, 0, 0, 0, 0, 0, 0, 0, 0, 0, 1, 0, 0, 0, 0, 0, 0, 0, 0, 0, 0, 0, 0, 0, 0, 0, 0, 0, 0, 0, 0, 0, 0, 0, 0, 0, 0, 0, 0, 0, 0, 0, 0, 0, 0, 0, 0, 0, 0, 0, 0, 0, 0, 0, 0, 0, 0, 0, 0, 0, 0, 0, 0, 0, 0, 0, 1, 2, 0, 1, 2, 2, 0, 2, 1, 0, 0, 0, 0, 0, 0, 0, 1, 0, 0, 0, 1, 0, 0, 0, 1, 1, 0, 0, 0, 0, 0, 0, 0, 0, 0, 0, 0, 0, 0, 0, 0, 5, 0, 0, 0, 0, 0, 0, 2, 0, 0, 0, 0, 0, 0, 0, 0, 0, 0, 0, 0, 0, 0, 0, 0, 0, 0, 0, 0, 0, 0, 0, 0, 0, 0, 0, 0, 0, 0, 0, 0, 0, 0, 0, 0, 0, 0, 0, 0, 0, 0, 0, 0, 0, 0, 0, 0, 0, 0, 0, 0, 0, 0, 0, 0, 0, 0, 0, 0, 0, 0, 0, 1, 0, 0, 0, 0, 0, 0, 0, 0, 0, 0, 0, 0, 0, 0, 0, 1, 2, 1, 1, 1, 1, 1, 1, 1, 1, 0, 0, 0, 0, 0, 0, 0, 0, 0, 0, 0, 0, 0, 0, 3, 5, 0, 0, 0, 0, 2, 0, 2, 4, 0, 0, 0, 0, 0, 0, 1, 1, 1, 0, 0, 0, 0, 0, 0, 0, 0, 0, 0, 0, 0, 0, 0, 0, 0, 0, 0, 0, 0, 0, 0, 0, 0, 0, 0, 0, 0, 0, 0, 0, 0, 0, 0, 0, 0, 0, 0, 0, 0, 0, 0, 0, 0, 0, 0, 0, 0, 0, 0, 0, 0, 0, 0, 0, 0, 0, 0, 0, 0, 0, 0, 0, 0, 0, 0, 0, 0, 0, 0, 0, 0, 0, 0, 0, 0, 0, 0, 0, 0, 0, 0, 0, 0, 0, 0, 0, 0, 0, 0, 0, 0, 0, 0, 0, 0, 0, 0, 0, 0, 0, 0, 0, 0, 0, 0, 0, 0, 0, 0, 0, 0, 0, 0, 0, 0, 0, 0, 0, 0, 0, 0, 0, 0, 0),
(59, 7, '2017-03-28', '1111', 'Metoro', 0, 'CS Metoro', 'Metoro', 3, 'Metoro', 0, 'Metoro', 'Metoro', 'Av. Einsten', '878899770', 2, 1, 1, 1, '2016-08-24', '2016-07-01', '2016-12-17', '2017-01-28', '2017-04-30', 1, NULL, '1,2,3,5,7,8,9,11,13', 0, -25.9528, 32.606, 5, 1, 2, 1, 1, 1, 2, 1, 0, 0, 0, 0, 0, 0, 0, 0, 0, 0, 0, 0, 0, 0, 0, 0, 0, 0, 0, 0, 0, 0, 0, 0, 0, 0, 0, 0, 0, 0, 0, 0, 0, 0, 0, 0, 0, 0, 0, 0, 0, 0, 0, 0, 0, 0, 0, 0, 0, 0, 0, 0, 0, 0, 0, 0, 0, 0, 0, 0, 0, 0, 0, 0, 0, 0, 0, 0, 0, 0, 0, 0, 0, 0, 0, 0, 0, 0, 0, 0, 0, 0, 0, 0, 0, 0, 0, 0, 0, 0, 0, 0, 0, 0, 0, 0, 0, 0, 0, 0, 0, 0, 0, 0, 0, 0, 0, 0, 0, 0, 0, 0, 0, 0, 0, 0, 0, 0, 0, 0, 0, 0, 0, 0, 0, 0, 0, 0, 0, 0, 0, 0, 0, 0, 0, 0, 0, 0, 0, 0, 0, 0, 0, 0, 0, 0, 0, 0, 0, 0, 0, 0, 0, 0, 0, 0, 0, 0, 0, 0, 0, 0, 0, 0, 0, 0, 0, 0, 0, 0, 0, 0, 0, 0, 0, 0, 0, 0, 0, 0, 0, 0, 0, 0, 0, 0, 0, 0, 0, 0, 0, 0, 0, 0, 0, 0, 0, 0, 0, 0, 0, 0, 0, 0, 0, 0, 0, 0, 0, 0, 0, 0, 0, 0, 0, 0, 0, 0, 0, 0, 0, 0, 0, 0, 0, 0, 0, 0, 0, 0, 0, 0, 0, 0, 0, 0, 0, 0, 0, 0, 0, 0, 0, 0, 0, 0, 0, 0, 0, 0, 0, 0, 0, 0, 0, 0, 0, 0, 0, 0, 0, 0, 0, 0, 0, 0, 0, 0, 0, 0, 0, 0, 0, 0, 0, 0, 0, 0, 0, 0, 5, 6, 5, 1, 5, 0, 0, 0, 0, 0, 0, 0, 0, 0, 0, 0, 0, 0, 0, 0, 0, 0, 0, 0, 0, 0, 0, 0, 0, 0, 0, 0, 0, 0, 0, 0, 0, 0, 0, 0, 0, 0, 0, 0, 0, 0, 0, 0, 0, 0, 0, 0, 0, 0, 0, 0, 0, 0, 0, 0, 0, 0, 0, 0, 0, 0, 0, 0, 0, 0, 0, 0, 0, 0, 0, 0, 0, 0, 0, 0, 0, 0, 0, 0, 0, 0, 0, 0, 0, 0, 0, 0, 0, 0, 0, 0, 0, 0, 0, 0, 0, 0, 0, 0, 0, 0, 0, 0, 0, 0, 0, 0, 0, 0, 0, 0, 0, 0, 0, 0, 0, 0, 0, 0, 0, 0, 0, 0, 0, 0, 0, 0, 0, 0, 0, 0, 0, 0, 0, 0, 0, 0, 0, 0, 0, 0, 0, 0, 0, 0, 0, 0, 0, 0, 0, 0, 0, 0, 0, 0, 0, 0, 0, 0, 0, 0, 0, 0, 0, 0, 0, 0, 0, 0, 0, 0, 0, 0, 0, 2, 0, 0, 0, 0, 5, 7, 5, 2, 0, 0, 0, 0, 0, 0, 0, 0, 1, 0, 0, 0),
(60, 7, '2017-04-10', 'A', '1', 0, '2', '2', 9, 'F', 0, 'T', 'R', 'R', 'R', 2, 1, 1, 1, '2017-04-09', '2017-04-10', '2017-04-10', '2017-04-10', '2017-04-10', 1, NULL, '1,2,3', 0, -25.9529, 32.606, 1, 1, 1, 0, 0, 1, 0, 1, 4, 1, 0, 1, 0, 0, 0, 0, 0, 0, 0, 0, 0, 0, 0, 0, 0, 0, 0, 0, 0, 0, 0, 0, 0, 0, 0, 0, 0, 0, 0, 0, 0, 0, 0, 0, 0, 0, 0, 0, 0, 0, 0, 0, 0, 0, 0, 0, 0, 0, 0, 0, 0, 0, 0, 0, 0, 0, 0, 0, 0, 0, 0, 0, 0, 0, 0, 0, 0, 0, 0, 0, 0, 0, 0, 0, 0, 0, 0, 0, 0, 0, 0, 0, 0, 0, 0, 0, 0, 0, 0, 0, 0, 0, 0, 0, 0, 0, 0, 0, 0, 0, 0, 0, 0, 0, 0, 0, 0, 0, 0, 0, 0, 0, 0, 0, 0, 0, 0, 0, 0, 0, 0, 0, 0, 0, 0, 0, 0, 0, 0, 0, 0, 0, 0, 0, 0, 0, 0, 0, 0, 0, 0, 0, 0, 0, 0, 0, 0, 0, 0, 0, 0, 0, 0, 0, 0, 0, 0, 0, 0, 0, 0, 0, 0, 0, 0, 0, 0, 0, 0, 0, 0, 0, 0, 0, 0, 0, 0, 0, 0, 0, 0, 0, 0, 0, 0, 0, 0, 0, 0, 0, 0, 0, 0, 0, 0, 0, 0, 0, 1, 0, 1, 1, 1, 1, 1, 1, 0, 1, 0, 0, 0, 0, 0, 0, 1, 1, 0, 0, 0, 0, 0, 0, 0, 0, 0, 0, 0, 0, 0, 0, 0, 0, 0, 0, 0, 0, 0, 0, 0, 0, 0, 0, 0, 0, 0, 0, 0, 0, 0, 0, 0, 0, 0, 0, 0, 0, 0, 0, 0, 0, 0, 0, 0, 0, 0, 0, 0, 0, 0, 0, 0, 0, 0, 0, 0, 0, 0, 0, 0, 0, 0, 0, 0, 0, 0, 0, 0, 0, 0, 0, 0, 0, 0, 0, 0, 0, 0, 0, 0, 0, 0, 0, 0, 0, 0, 0, 0, 0, 0, 0, 0, 0, 0, 0, 0, 0, 0, 0, 0, 0, 0, 0, 0, 0, 0, 0, 0, 0, 0, 0, 0, 0, 0, 0, 0, 0, 0, 0, 0, 0, 0, 0, 0, 0, 0, 0, 0, 0, 0, 0, 0, 0, 0, 0, 0, 0, 0, 0, 0, 0, 0, 0, 0, 0, 0, 0, 0, 0, 0, 0, 0, 0, 0, 0, 0, 0, 0, 0, 0, 0, 0, 0, 0, 0, 0, 0, 0, 0, 0, 0, 0, 0, 0, 0, 0, 0, 0, 0, 0, 0, 0, 0, 0, 0, 0, 0, 0, 0, 0, 0, 0, 0, 0, 0, 0, 0, 0, 0, 0, 0, 0, 0, 0, 0, 0, 0, 0, 0, 0, 0, 0, 0, 0, 0, 0, 0, 0, 0, 0, 0, 0, 0, 0, 0, 0, 0, 1, 1, 0, 0, 0, 0, 0, 0, 1, 1, 0, 0, 0, 0, 0, 0, 1, 1, 0, 0, 0, 0, 0, 0, 1, 1, 0, 0, 0, 0, 0, 0),
(61, 7, '2017-04-10', 'A', '1', 0, '2', '2', 9, 'F', 0, 'T', 'R', 'R', 'R', 1, 1, 1, 1, '2017-04-09', '2017-04-10', '2017-04-10', '2017-04-10', '2017-04-10', 1, NULL, '1,2,3,4', 0, -25.953, 32.6059, 1, 1, 1, 0, 0, 1, 0, 1, 4, 1, 0, 1, 0, 0, 0, 0, 0, 0, 0, 0, 0, 0, 0, 0, 0, 0, 0, 0, 0, 0, 0, 0, 0, 0, 0, 0, 0, 0, 0, 0, 0, 0, 0, 0, 0, 0, 0, 0, 0, 0, 0, 0, 0, 0, 0, 0, 0, 0, 0, 0, 0, 0, 0, 0, 0, 0, 0, 0, 0, 0, 0, 0, 0, 0, 0, 0, 0, 0, 0, 0, 0, 0, 0, 0, 0, 0, 0, 0, 0, 0, 0, 0, 0, 0, 0, 0, 0, 0, 0, 0, 0, 0, 0, 0, 0, 0, 0, 0, 0, 0, 0, 0, 0, 0, 0, 0, 0, 0, 0, 0, 0, 0, 0, 0, 0, 0, 0, 0, 0, 0, 0, 0, 0, 0, 0, 0, 0, 0, 0, 0, 0, 0, 0, 0, 0, 0, 0, 0, 0, 0, 0, 0, 0, 0, 0, 0, 0, 0, 0, 0, 0, 0, 0, 0, 0, 0, 0, 0, 0, 0, 0, 0, 0, 0, 0, 0, 0, 0, 0, 0, 0, 0, 0, 0, 0, 0, 0, 0, 0, 0, 0, 0, 0, 0, 0, 0, 0, 0, 0, 0, 0, 0, 0, 0, 0, 0, 0, 0, 1, 0, 1, 1, 1, 1, 1, 1, 0, 1, 0, 0, 0, 0, 0, 0, 1, 1, 0, 0, 0, 0, 0, 0, 0, 0, 0, 0, 0, 0, 0, 0, 0, 0, 0, 0, 0, 0, 0, 0, 0, 0, 0, 0, 0, 0, 0, 0, 0, 0, 0, 0, 0, 0, 0, 0, 0, 0, 0, 0, 0, 0, 0, 0, 0, 0, 0, 0, 0, 0, 0, 0, 0, 0, 0, 0, 0, 0, 0, 0, 0, 0, 0, 0, 0, 0, 0, 0, 0, 0, 0, 0, 0, 0, 0, 0, 0, 0, 0, 0, 0, 0, 0, 0, 0, 0, 0, 0, 0, 0, 0, 0, 0, 0, 0, 0, 0, 0, 0, 0, 0, 0, 0, 0, 0, 0, 0, 0, 0, 0, 0, 0, 0, 0, 0, 0, 0, 0, 0, 0, 0, 0, 0, 0, 0, 0, 0, 0, 0, 0, 0, 0, 0, 0, 0, 0, 0, 0, 0, 0, 0, 0, 0, 0, 0, 0, 0, 0, 0, 0, 0, 0, 0, 0, 0, 0, 0, 0, 0, 0, 0, 0, 0, 0, 0, 0, 0, 0, 0, 0, 0, 0, 0, 0, 0, 0, 0, 0, 0, 0, 0, 0, 0, 0, 0, 0, 0, 0, 0, 0, 0, 0, 0, 0, 0, 0, 0, 0, 0, 0, 0, 0, 0, 0, 0, 0, 0, 0, 0, 0, 0, 0, 0, 0, 0, 0, 0, 0, 0, 0, 0, 0, 0, 0, 0, 0, 0, 0, 1, 1, 0, 0, 0, 0, 0, 0, 1, 1, 0, 0, 0, 0, 0, 0, 1, 1, 0, 0, 0, 0, 0, 0, 1, 1, 0, 0, 0, 0, 0, 0),
(62, 9, '2017-04-10', '542442875686655', 'frtegh785', 0, 'frt', 'Machava', 2, 'cgdt', 0, 'bfhg', 'Opgffh', '5 de junho', '856325417', 1, 1, 1, 1, '2015-04-10', '2013-04-10', '2017-04-10', '2010-04-10', '2009-04-10', 1, NULL, '1,2,3,4,5,6,7,8,9,10,11,12,13,14,17,18,24,25,26,28,30,32,33', 0, -25.9555, 32.6026, 0, 0, 0, 0, 0, 0, 0, 0, 0, 0, 0, 0, 0, 0, 0, 0, 0, 0, 0, 0, 0, 0, 0, 0, 0, 0, 0, 0, 0, 0, 0, 0, 0, 0, 0, 0, 0, 0, 0, 0, 0, 0, 0, 0, 0, 0, 0, 0, 0, 0, 0, 0, 0, 0, 0, 0, 0, 0, 0, 0, 0, 0, 0, 0, 0, 0, 0, 0, 0, 0, 0, 0, 0, 0, 0, 0, 0, 0, 0, 0, 0, 0, 0, 0, 0, 0, 0, 0, 0, 0, 0, 0, 0, 0, 0, 0, 0, 0, 0, 0, 0, 0, 0, 0, 0, 0, 0, 0, 0, 0, 0, 0, 0, 0, 0, 0, 0, 0, 0, 0, 0, 0, 0, 0, 0, 0, 0, 0, 0, 0, 0, 0, 0, 0, 0, 0, 0, 0, 0, 0, 0, 0, 0, 0, 0, 0, 0, 0, 0, 0, 0, 0, 0, 0, 0, 0, 0, 0, 0, 0, 0, 0, 0, 0, 0, 0, 0, 0, 0, 0, 0, 0, 0, 0, 0, 0, 0, 0, 0, 0, 0, 0, 0, 0, 0, 0, 0, 0, 0, 0, 0, 0, 0, 0, 0, 0, 0, 0, 0, 0, 0, 0, 0, 0, 0, 0, 0, 0, 0, 52, 23, 0, 0, 0, 0, 0, 0, 0, 0, 0, 0, 0, 0, 0, 0, 0, 0, 0, 0, 0, 0, 0, 0, 0, 0, 0, 0, 0, 0, 0, 0, 0, 0, 0, 0, 0, 0, 0, 0, 0, 0, 0, 0, 0, 0, 0, 0, 0, 0, 0, 0, 0, 0, 0, 0, 0, 0, 0, 0, 0, 0, 0, 0, 0, 0, 0, 0, 0, 0, 0, 0, 0, 0, 0, 0, 0, 0, 0, 0, 0, 0, 0, 0, 0, 0, 0, 0, 0, 0, 0, 0, 0, 0, 0, 0, 0, 0, 0, 0, 0, 0, 0, 0, 0, 0, 0, 0, 0, 0, 0, 0, 0, 0, 0, 0, 0, 0, 0, 0, 0, 0, 0, 0, 0, 0, 0, 0, 0, 0, 0, 0, 0, 0, 0, 0, 0, 0, 0, 0, 0, 0, 0, 0, 0, 0, 0, 0, 0, 0, 0, 0, 0, 0, 0, 0, 0, 0, 0, 0, 0, 0, 0, 0, 0, 0, 0, 0, 0, 0, 0, 0, 0, 0, 0, 0, 0, 0, 0, 0, 0, 0, 0, 0, 0, 0, 0, 0, 0, 0, 0, 0, 0, 0, 0, 0, 0, 0, 0, 0, 0, 0, 0, 0, 0, 0, 0, 0, 0, 0, 0, 0, 0, 0, 0, 0, 0, 0, 0, 0, 0, 0, 0, 0, 0, 0, 0, 0, 0, 0, 0, 0, 0, 0, 0, 0, 0, 0, 0, 0, 0, 0, 0, 0, 0, 0, 0, 0, 0, 0, 0, 0, 0, 0, 0, 0, 0, 0, 0, 0, 0, 0, 0, 0, 0, 0, 0, 0, 0, 0, 0, 0, 0, 0, 0, 0, 0, 0, 0),
(63, 13, '2017-04-19', '7654289', NULL, 723, 'Csxxx', 'Xxxxxxxxx', 5, NULL, 85, 'Vvvvvvv', 'Lllllllll', 'Rua 6666666y66', '888888', 5, 1, 1, 1, '2012-11-14', '2012-12-17', '2013-08-16', '2015-12-16', '2017-03-19', 1, NULL, '1,2,3,8,11,12,13,33', 0, -25.9548, 32.6039, 2, 0, 0, 0, 2, 0, 0, 0, 0, 1, 0, 0, 0, 0, 0, 0, 0, 0, 0, 0, 0, 0, 0, 0, 0, 0, 0, 0, 0, 0, 0, 0, 0, 0, 0, 0, 0, 0, 0, 0, 0, 0, 0, 0, 0, 0, 0, 0, 0, 0, 0, 0, 0, 0, 0, 0, 0, 0, 0, 0, 0, 0, 0, 0, 0, 0, 0, 0, 0, 0, 0, 0, 0, 0, 0, 0, 0, 0, 0, 0, 0, 0, 0, 0, 0, 0, 0, 0, 0, 0, 0, 0, 0, 0, 0, 0, 1, 0, 0, 0, 0, 0, 0, 0, 0, 0, 0, 0, 0, 0, 0, 0, 0, 2, 0, 0, 0, 0, 0, 0, 0, 0, 0, 0, 0, 0, 0, 0, 0, 0, 0, 0, 0, 0, 0, 0, 0, 0, 0, 0, 0, 0, 0, 0, 0, 0, 0, 0, 0, 0, 0, 0, 0, 0, 0, 0, 0, 0, 0, 0, 0, 0, 0, 0, 0, 0, 0, 0, 0, 0, 0, 0, 0, 0, 0, 0, 0, 0, 0, 0, 0, 0, 0, 0, 0, 0, 0, 0, 0, 0, 0, 0, 0, 0, 0, 0, 0, 0, 0, 0, 0, 0, 0, 0, 0, 0, 0, 0, 0, 0, 0, 0, 0, 0, 0, 0, 0, 0, 0, 0, 0, 0, 0, 0, 0, 0, 0, 0, 0, 0, 0, 0, 0, 0, 0, 0, 0, 0, 0, 0, 0, 0, 0, 0, 0, 0, 0, 0, 0, 0, 0, 0, 0, 0, 0, 0, 0, 0, 0, 0, 0, 0, 0, 0, 0, 0, 0, 0, 0, 0, 0, 0, 0, 0, 0, 0, 0, 0, 0, 0, 0, 0, 0, 0, 0, 0, 0, 0, 0, 0, 0, 0, 0, 0, 0, 0, 0, 0, 0, 0, 0, 0, 0, 0, 0, 0, 0, 0, 0, 0, 0, 0, 0, 0, 0, 0, 0, 0, 0, 0, 0, 0, 0, 0, 0, 0, 0, 0, 0, 1, 0, 0, 0, 0, 0, 0, 0, 0, 0, 0, 0, 0, 0, 0, 0, 4, 0, 0, 0, 0, 0, 0, 2, 0, 0, 0, 0, 0, 0, 0, 0, 1, 0, 0, 0, 0, 0, 0, 0, 1, 0, 0, 0, 0, 0, 0, 0, 0, 0, 0, 0, 0, 0, 0, 0, 0, 0, 0, 0, 0, 0, 0, 0, 0, 0, 0, 0, 0, 0, 0, 0, 0, 0, 0, 0, 0, 0, 0, 0, 0, 0, 0, 0, 0, 0, 0, 0, 0, 0, 0, 0, 0, 0, 0, 0, 0, 0, 0, 0, 0, 0, 0, 0, 0, 0, 0, 0, 0, 0, 0, 0, 0, 0, 0, 0, 0, 0, 0, 0, 0, 0, 0, 0, 0, 0, 0, 0, 0, 0, 0, 0, 0, 0, 0, 0, 1, 0, 0, 0, 0, 0, 0, 2, 2, 0, 0, 0, 0, 0, 0, 0, 0, 0, 0, 0, 0, 0, 0),
(64, 13, '2017-04-20', '1001010', NULL, 776, 'CSNsadzo', 'Xxxxxxxxx', 5, NULL, 80, 'Vvvvvvv', 'Lllllllll', 'Rua 6666666y66', '888888', 2, 1, 1, 1, '2012-11-14', '2012-12-17', '2013-08-16', '2015-12-16', '2017-03-19', 1, NULL, '1,2,3,5,6,7,8,9,12,13,17,18', 0, 0, 0, 1, 2, 2, 0, 2, 0, 3, 1, 2, 1, 0, 1, 0, 0, 0, 0, 0, 0, 0, 0, 0, 0, 0, 0, 0, 0, 0, 0, 0, 0, 0, 0, 0, 0, 0, 0, 0, 0, 0, 0, 0, 0, 0, 0, 0, 0, 0, 0, 0, 0, 0, 0, 0, 0, 0, 0, 0, 0, 0, 0, 0, 0, 0, 0, 0, 0, 0, 0, 0, 0, 0, 0, 0, 1, 0, 0, 0, 0, 0, 0, 0, 0, 0, 0, 0, 0, 0, 0, 0, 0, 0, 0, 0, 0, 0, 0, 1, 5, 0, 0, 0, 0, 0, 0, 0, 4, 0, 0, 0, 0, 0, 0, 0, 2, 0, 0, 0, 0, 0, 0, 0, 0, 0, 0, 0, 0, 0, 0, 0, 0, 0, 0, 0, 0, 0, 0, 0, 0, 0, 0, 0, 0, 0, 0, 0, 0, 0, 0, 0, 0, 0, 0, 0, 0, 0, 0, 0, 0, 0, 0, 0, 0, 0, 0, 0, 0, 0, 0, 0, 0, 0, 0, 0, 0, 0, 0, 0, 0, 0, 0, 0, 0, 0, 0, 0, 0, 0, 0, 0, 0, 0, 0, 2, 0, 0, 0, 0, 0, 0, 0, 2, 1, 0, 0, 0, 0, 0, 0, 2, 0, 0, 0, 0, 0, 0, 0, 0, 1, 0, 0, 0, 0, 0, 0, 0, 0, 0, 0, 0, 0, 0, 0, 0, 4, 0, 0, 0, 0, 0, 0, 2, 0, 0, 0, 0, 0, 0, 0, 0, 0, 0, 0, 0, 0, 0, 0, 0, 0, 0, 0, 0, 0, 0, 0, 0, 0, 0, 0, 0, 0, 0, 0, 0, 0, 0, 0, 0, 0, 0, 0, 0, 0, 0, 0, 0, 0, 0, 0, 0, 0, 0, 0, 0, 0, 0, 0, 0, 0, 0, 0, 0, 0, 0, 0, 0, 0, 0, 0, 0, 0, 0, 0, 0, 0, 0, 0, 0, 0, 0, 0, 0, 0, 0, 0, 0, 0, 0, 0, 0, 1, 0, 0, 0, 0, 0, 0, 0, 0, 0, 0, 0, 0, 0, 0, 0, 4, 0, 0, 0, 0, 0, 0, 2, 0, 0, 0, 0, 0, 0, 0, 0, 1, 0, 0, 0, 0, 0, 0, 0, 1, 0, 0, 0, 0, 0, 0, 0, 0, 0, 0, 0, 0, 0, 0, 0, 0, 0, 0, 0, 0, 0, 0, 0, 0, 0, 0, 0, 0, 0, 0, 0, 0, 0, 0, 0, 0, 0, 0, 0, 0, 0, 0, 0, 0, 0, 0, 0, 0, 0, 0, 0, 0, 0, 0, 0, 0, 0, 0, 0, 0, 0, 0, 0, 0, 0, 0, 0, 0, 0, 0, 0, 0, 0, 0, 0, 0, 0, 0, 0, 0, 0, 0, 0, 0, 0, 0, 0, 0, 0, 0, 0, 0, 0, 0, 0, 1, 0, 0, 0, 0, 0, 0, 2, 2, 0, 0, 0, 0, 0, 0, 0, 0, 0, 0, 0, 0, 0, 0),
(65, 1, '2017-04-23', 'ygvygv', 'nova_230417', 0, 'hg h', 'gfcgfc', 6, NULL, 100, 'hf hf ', 'yfvyfv', 'yfcyfc', 'yfvyfv', 9, 3, 11, 10, '2017-04-18', '2011-04-18', '2017-04-18', '2017-04-18', '2017-04-18', 0, NULL, '1,5,8,9,16,20,27,31,33', 0, 0, 0, 0, 0, 0, 0, 0, 0, 0, 0, 0, 0, 0, 0, 0, 0, 0, 0, 5, 0, 0, 0, 0, 0, 0, 0, 0, 0, 0, 0, 0, 0, 0, 0, 0, 0, 0, 0, 0, 0, 0, 0, 0, 0, 0, 0, 0, 0, 0, 0, 0, 0, 0, 0, 0, 0, 0, 0, 0, 0, 0, 0, 3, 0, 0, 0, 0, 0, 0, 0, 0, 0, 0, 0, 0, 0, 0, 0, 0, 0, 0, 0, 0, 0, 0, 0, 0, 0, 0, 0, 0, 0, 0, 0, 0, 0, 0, 0, 0, 0, 0, 0, 0, 0, 0, 0, 0, 0, 0, 0, 0, 0, 0, 9, 0, 0, 0, 0, 0, 0, 0, 0, 0, 0, 0, 0, 0, 0, 0, 0, 0, 0, 0, 0, 0, 0, 0, 0, 0, 0, 0, 0, 0, 0, 0, 0, 0, 0, 0, 0, 0, 0, 3, 0, 0, 0, 0, 0, 0, 0, 0, 0, 0, 0, 0, 0, 0, 0, 0, 0, 0, 0, 0, 0, 0, 0, 0, 0, 0, 0, 0, 0, 5, 0, 0, 0, 0, 0, 0, 0, 0, 0, 0, 0, 0, 0, 0, 0, 0, 0, 0, 0, 0, 1, 0, 0, 0, 0, 0, 0, 0, 0, 0, 5, 0, 0, 0, 0, 0, 0, 0, 0, 0, 0, 0, 0, 0, 2, 0, 0, 0, 0, 0, 0, 0, 0, 0, 0, 0, 0, 0, 0, 0, 0, 0, 0, 3, 0, 0, 0, 0, 0, 0, 0, 0, 0, 0, 0, 0, 0, 0, 0, 0, 0, 0, 0, 0, 0, 4, 0, 0, 0, 0, 0, 7, 0, 0, 0, 0, 0, 0, 0, 0, 0, 0, 0, 0, 0, 0, 0, 0, 0, 0, 0, 0, 0, 0, 0, 0, 0, 0, 0, 0, 0, 0, 0, 0, 0, 0, 0, 0, 0, 0, 0, 0, 0, 0, 0, 0, 0, 0, 0, 0, 0, 0, 0, 0, 0, 0, 0, 0, 0, 0, 0, 0, 0, 0, 0, 0, 0, 0, 0, 0, 6, 0, 0, 0, 0, 0, 0, 0, 0, 0, 0, 0, 0, 0, 0, 0, 0, 0, 0, 0, 0, 0, 0, 0, 0, 0, 0, 0, 0, 0, 0, 0, 0, 0, 0, 0, 0, 0, 0, 0, 0, 0, 0, 1, 0, 0, 0, 0, 0, 0, 0, 0, 0, 0, 0, 0, 0, 0, 0, 0, 0, 0, 0, 0, 0, 0, 0, 1, 0, 0, 0, 0, 0, 0, 0, 0, 0, 0, 0, 0, 0, 0, 0, 0, 0, 0, 0, 0, 0, 0, 0, 0, 0, 0, 0, 0, 0, 0, 0, 0, 0, 0, 0, 0, 0, 0, 0, 2, 0, 0, 0, 0, 0, 0, 0, 2, 0, 0, 0, 0, 0, 0, 0, 0, 0, 0, 2, 0, 0, 0, 0, 2, 0, 0, 0, 0, 0, 0, 0, 0, 0, 0, 0, 0, 0, 9, 0),
(66, 13, '2017-04-23', 'Jdhgfd', 'Jhsgffatyy', 0, 'Csb', 'Hgfdda', 10, NULL, 165, 'Khhnbgf', 'Fghhj', 'Sddffg', '87665554545', 4, 1, 1, 1, '2007-09-13', '2011-12-17', '2013-12-19', '2017-04-21', '2014-04-21', 0, NULL, '15,24,25,26', 0, -25.9527, 32.6059, 2, 0, 0, 0, 0, 0, 0, 0, 0, 0, 0, 0, 0, 0, 0, 0, 1, 0, 0, 0, 0, 0, 0, 0, 2, 0, 0, 0, 0, 0, 0, 0, 0, 0, 0, 0, 0, 0, 0, 0, 0, 0, 0, 0, 0, 0, 0, 0, 0, 0, 0, 0, 0, 0, 0, 0, 0, 0, 0, 0, 0, 0, 0, 0, 0, 0, 0, 0, 0, 0, 0, 0, 0, 0, 0, 0, 0, 0, 0, 0, 0, 0, 0, 0, 0, 0, 0, 0, 0, 0, 0, 0, 0, 0, 0, 0, 0, 0, 0, 0, 0, 0, 0, 0, 0, 0, 0, 0, 0, 0, 0, 0, 0, 0, 0, 0, 0, 0, 0, 0, 1, 0, 0, 0, 0, 0, 0, 0, 0, 0, 0, 0, 0, 0, 0, 0, 0, 0, 0, 0, 0, 0, 0, 0, 0, 0, 0, 0, 0, 0, 0, 0, 0, 0, 0, 0, 0, 0, 0, 0, 0, 0, 0, 0, 0, 0, 0, 0, 0, 0, 0, 0, 0, 0, 0, 0, 0, 0, 0, 0, 0, 0, 0, 0, 0, 0, 0, 0, 0, 0, 0, 0, 0, 0, 0, 0, 0, 0, 0, 0, 0, 0, 0, 0, 0, 0, 0, 0, 0, 0, 0, 0, 0, 0, 0, 0, 0, 0, 0, 0, 0, 0, 0, 0, 0, 0, 0, 0, 0, 0, 0, 0, 0, 0, 0, 0, 0, 0, 0, 0, 2, 0, 0, 0, 0, 0, 0, 0, 0, 0, 0, 0, 0, 0, 0, 0, 1, 0, 0, 0, 0, 0, 0, 0, 0, 0, 0, 0, 0, 0, 0, 0, 0, 0, 0, 0, 0, 0, 0, 0, 0, 0, 0, 0, 0, 0, 0, 0, 0, 0, 0, 0, 0, 0, 0, 0, 0, 0, 0, 0, 0, 0, 0, 0, 0, 0, 0, 0, 0, 0, 0, 0, 0, 0, 0, 0, 0, 0, 0, 0, 0, 0, 0, 0, 0, 0, 0, 0, 0, 0, 0, 0, 0, 0, 0, 0, 0, 0, 0, 0, 0, 0, 0, 0, 0, 0, 0, 0, 0, 0, 0, 0, 0, 0, 0, 0, 0, 0, 0, 0, 0, 0, 0, 0, 0, 0, 0, 0, 0, 0, 0, 0, 0, 0, 0, 0, 0, 0, 0, 0, 0, 0, 0, 0, 0, 0, 0, 0, 0, 0, 0, 0, 0, 0, 0, 0, 0, 0, 0, 0, 0, 0, 0, 0, 0, 0, 0, 0, 0, 0, 0, 0, 0, 0, 0, 0, 0, 0, 0, 0, 0, 0, 0, 0, 0, 0, 0, 0, 0, 0, 0, 0, 0, 0, 0, 0, 0, 0, 0, 0, 0, 0, 0, 0, 0, 0, 0, 0, 0, 0, 0, 0, 0, 0, 0, 0, 2, 0, 0, 0, 0, 0, 0, 0, 0, 0, 0, 0, 0, 0, 0, 0, 0, 1, 0, 0, 0, 0, 0, 0, 0, 3, 0, 0, 0, 0, 0, 0),
(67, 9, '2017-05-03', '0198765', '', 172, 'anc', 'hjgfg', 3, NULL, 31, 'gghjh', 'huiu', 'hjki', 'hju', 2, 1, 2, 1, '2017-05-20', '2017-05-02', '2017-05-25', '2017-05-06', '2017-05-31', 1, NULL, '5,9,11,14', 0, -25.9536, 32.6059, 0, 0, 0, 0, 0, 0, 0, 0, 0, 0, 0, 0, 0, 0, 0, 0, 0, 0, 0, 0, 0, 0, 0, 3, 0, 1, 0, 0, 0, 0, 0, 0, 0, 0, 0, 0, 0, 0, 0, 0, 0, 0, 0, 0, 0, 0, 2, 0, 0, 0, 0, 5, 0, 0, 0, 0, 0, 0, 0, 0, 0, 0, 0, 0, 0, 0, 0, 0, 0, 0, 0, 0, 0, 0, 0, 0, 0, 0, 0, 0, 0, 0, 0, 0, 0, 0, 8, 0, 0, 0, 0, 0, 0, 0, 0, 0, 0, 0, 0, 0, 0, 0, 0, 0, 0, 0, 0, 0, 5, 0, 0, 0, 0, 0, 0, 0, 0, 0, 0, 0, 0, 0, 0, 0, 0, 0, 6, 0, 0, 0, 0, 0, 0, 0, 0, 0, 0, 0, 0, 0, 0, 0, 0, 0, 0, 0, 5, 0, 0, 0, 0, 0, 0, 0, 0, 0, 0, 0, 0, 0, 0, 0, 0, 0, 0, 0, 5, 0, 0, 0, 0, 0, 0, 0, 0, 0, 0, 6, 0, 0, 0, 0, 0, 0, 0, 0, 0, 0, 0, 0, 0, 0, 0, 0, 0, 0, 0, 0, 0, 0, 0, 0, 0, 5, 0, 0, 0, 0, 0, 0, 0, 0, 0, 0, 3, 0, 2, 0, 0, 0, 0, 0, 0, 0, 0, 0, 0, 0, 0, 0, 0, 0, 0, 0, 0, 0, 0, 6, 0, 0, 0, 0, 0, 0, 0, 0, 0, 0, 0, 0, 0, 0, 0, 0, 0, 0, 0, 0, 2, 0, 0, 0, 0, 0, 0, 0, 0, 0, 0, 0, 0, 0, 0, 0, 0, 0, 0, 0, 0, 0, 0, 0, 0, 0, 0, 0, 0, 0, 0, 0, 0, 0, 0, 0, 0, 0, 0, 0, 0, 0, 0, 0, 6, 0, 0, 0, 0, 0, 0, 0, 0, 0, 0, 0, 0, 0, 0, 0, 0, 0, 0, 0, 0, 0, 0, 0, 0, 0, 0, 0, 0, 0, 5, 0, 0, 0, 0, 0, 0, 0, 0, 0, 0, 0, 0, 0, 0, 0, 0, 0, 0, 0, 0, 3, 0, 0, 0, 0, 0, 0, 0, 0, 0, 0, 0, 0, 0, 0, 0, 0, 0, 0, 0, 0, 0, 0, 0, 0, 0, 0, 0, 0, 0, 0, 0, 2, 0, 0, 0, 0, 0, 0, 0, 0, 0, 0, 0, 0, 8, 0, 0, 0, 0, 0, 0, 0, 0, 0, 0, 0, 0, 0, 0, 0, 0, 0, 0, 0, 0, 0, 0, 0, 0, 0, 0, 0, 0, 0, 0, 0, 0, 0, 0, 0, 0, 0, 0, 0, 0, 0, 0, 0, 0, 0, 0, 0, 0, 0, 0, 0, 0, 0, 0, 0, 0, 0, 0, 0, 0, 5, 0, 0, 0, 8, 0, 0, 0, 0, 6, 0, 0, 0, 0, 8, 0, 0, 0, 0, 0, 0, 0, 0, 0, 0, 0, 0, 0, 0);
INSERT INTO `from_field_1` (`id`, `op_id`, `in_date`, `mz001`, `mz003`, `mz003_n`, `mz004`, `mz005`, `mz006`, `mz007`, `mz007_n`, `mz008`, `mz009`, `mz010`, `mz011`, `mz012`, `mz013`, `mz014`, `mz015`, `mz016`, `mz017`, `mz018`, `mz019`, `mz020`, `mz022`, `mz023`, `mz023_c`, `mz025`, `mz026`, `mz027`, `mz200_01_00_TI_NM`, `mz200_01_00_TI_NF`, `mz200_01_00_TI_EM`, `mz200_01_00_TI_EF`, `mz200_01_00_TP_NM`, `mz200_01_00_TP_NP`, `mz200_01_00_TP_EM`, `mz200_01_00_TP_EF`, `mz200_02_01_TI_NM`, `mz200_02_01_TI_NF`, `mz200_02_01_TI_EM`, `mz200_02_01_TI_EF`, `mz200_02_01_TP_NM`, `mz200_02_01_TP_NP`, `mz200_02_01_TP_EM`, `mz200_02_01_TP_EF`, `mz200_02_02_TI_NM`, `mz200_02_02_TI_NF`, `mz200_02_02_TI_EM`, `mz200_02_02_TI_EF`, `mz200_02_02_TP_NM`, `mz200_02_02_TP_NP`, `mz200_02_02_TP_EM`, `mz200_02_02_TP_EF`, `mz200_02_03_TI_NM`, `mz200_02_03_TI_NF`, `mz200_02_03_TI_EM`, `mz200_02_03_TI_EF`, `mz200_02_03_TP_NM`, `mz200_02_03_TP_NP`, `mz200_02_03_TP_EM`, `mz200_02_03_TP_EF`, `mz200_02_04_TI_NM`, `mz200_02_04_TI_NF`, `mz200_02_04_TI_EM`, `mz200_02_04_TI_EF`, `mz200_02_04_TP_NM`, `mz200_02_04_TP_NP`, `mz200_02_04_TP_EM`, `mz200_02_04_TP_EF`, `mz200_02_05_TI_NM`, `mz200_02_05_TI_NF`, `mz200_02_05_TI_EM`, `mz200_02_05_TI_EF`, `mz200_02_05_TP_NM`, `mz200_02_05_TP_NP`, `mz200_02_05_TP_EM`, `mz200_02_05_TP_EF`, `mz200_02_06_TI_NM`, `mz200_02_06_TI_NF`, `mz200_02_06_TI_EM`, `mz200_02_06_TI_EF`, `mz200_02_06_TP_NM`, `mz200_02_06_TP_NP`, `mz200_02_06_TP_EM`, `mz200_02_06_TP_EF`, `mz200_02_07_TI_NM`, `mz200_02_07_TI_NF`, `mz200_02_07_TI_EM`, `mz200_02_07_TI_EF`, `mz200_02_07_TP_NM`, `mz200_02_07_TP_NP`, `mz200_02_07_TP_EM`, `mz200_02_07_TP_EF`, `mz200_02_08_TI_NM`, `mz200_02_08_TI_NF`, `mz200_02_08_TI_EM`, `mz200_02_08_TI_EF`, `mz200_02_08_TP_NM`, `mz200_02_08_TP_NP`, `mz200_02_08_TP_EM`, `mz200_02_08_TP_EF`, `mz200_02_09_TI_NM`, `mz200_02_09_TI_NF`, `mz200_02_09_TI_EM`, `mz200_02_09_TI_EF`, `mz200_02_09_TP_NM`, `mz200_02_09_TP_NP`, `mz200_02_09_TP_EM`, `mz200_02_09_TP_EF`, `mz200_02_10_TI_NM`, `mz200_02_10_TI_NF`, `mz200_02_10_TI_EM`, `mz200_02_10_TI_EF`, `mz200_02_10_TP_NM`, `mz200_02_10_TP_NP`, `mz200_02_10_TP_EM`, `mz200_02_10_TP_EF`, `mz200_02_11_TI_NM`, `mz200_02_11_TI_NF`, `mz200_02_11_TI_EM`, `mz200_02_11_TI_EF`, `mz200_02_11_TP_NM`, `mz200_02_11_TP_NP`, `mz200_02_11_TP_EM`, `mz200_02_11_TP_EF`, `mz200_03_00_TI_NM`, `mz200_03_00_TI_NF`, `mz200_03_00_TI_EM`, `mz200_03_00_TI_EF`, `mz200_03_00_TP_NM`, `mz200_03_00_TP_NP`, `mz200_03_00_TP_EM`, `mz200_03_00_TP_EF`, `mz200_04_00_TI_NM`, `mz200_04_00_TI_NF`, `mz200_04_00_TI_EM`, `mz200_04_00_TI_EF`, `mz200_04_00_TP_NM`, `mz200_04_00_TP_NP`, `mz200_04_00_TP_EM`, `mz200_04_00_TP_EF`, `mz200_05_00_TI_NM`, `mz200_05_00_TI_NF`, `mz200_05_00_TI_EM`, `mz200_05_00_TI_EF`, `mz200_05_00_TP_NM`, `mz200_05_00_TP_NP`, `mz200_05_00_TP_EM`, `mz200_05_00_TP_EF`, `mz200_06_00_TI_NM`, `mz200_06_00_TI_NF`, `mz200_06_00_TI_EM`, `mz200_06_00_TI_EF`, `mz200_06_00_TP_NM`, `mz200_06_00_TP_NP`, `mz200_06_00_TP_EM`, `mz200_06_00_TP_EF`, `mz200_07_00_TI_NM`, `mz200_07_00_TI_NF`, `mz200_07_00_TI_EM`, `mz200_07_00_TI_EF`, `mz200_07_00_TP_NM`, `mz200_07_00_TP_NP`, `mz200_07_00_TP_EM`, `mz200_07_00_TP_EF`, `mz200_08_00_TI_NM`, `mz200_08_00_TI_NF`, `mz200_08_00_TI_EM`, `mz200_08_00_TI_EF`, `mz200_08_00_TP_NM`, `mz200_08_00_TP_NP`, `mz200_08_00_TP_EM`, `mz200_08_00_TP_EF`, `mz200_09_00_TI_NM`, `mz200_09_00_TI_NF`, `mz200_09_00_TI_EM`, `mz200_09_00_TI_EF`, `mz200_09_00_TP_NM`, `mz200_09_00_TP_NP`, `mz200_09_00_TP_EM`, `mz200_09_00_TP_EF`, `mz200_10_00_TI_NM`, `mz200_10_00_TI_NF`, `mz200_10_00_TI_EM`, `mz200_10_00_TI_EF`, `mz200_10_00_TP_NM`, `mz200_10_00_TP_NP`, `mz200_10_00_TP_EM`, `mz200_10_00_TP_EF`, `mz200_11_00_TI_NM`, `mz200_11_00_TI_NF`, `mz200_11_00_TI_EM`, `mz200_11_00_TI_EF`, `mz200_11_00_TP_NM`, `mz200_11_00_TP_NP`, `mz200_11_00_TP_EM`, `mz200_11_00_TP_EF`, `mz200_12_00_TI_NM`, `mz200_12_00_TI_NF`, `mz200_12_00_TI_EM`, `mz200_12_00_TI_EF`, `mz200_12_00_TP_NM`, `mz200_12_00_TP_NP`, `mz200_12_00_TP_EM`, `mz200_12_00_TP_EF`, `mz200_13_00_TI_NM`, `mz200_13_00_TI_NF`, `mz200_13_00_TI_EM`, `mz200_13_00_TI_EF`, `mz200_13_00_TP_NM`, `mz200_13_00_TP_NP`, `mz200_13_00_TP_EM`, `mz200_13_00_TP_EF`, `mz200_14_00_TI_NM`, `mz200_14_00_TI_NF`, `mz200_14_00_TI_EM`, `mz200_14_00_TI_EF`, `mz200_14_00_TP_NM`, `mz200_14_00_TP_NP`, `mz200_14_00_TP_EM`, `mz200_14_00_TP_EF`, `mz200_15_00_TI_NM`, `mz200_15_00_TI_NF`, `mz200_15_00_TI_EM`, `mz200_15_00_TI_EF`, `mz200_15_00_TP_NM`, `mz200_15_00_TP_NP`, `mz200_15_00_TP_EM`, `mz200_15_00_TP_EF`, `mz200_16_00_TI_NM`, `mz200_16_00_TI_NF`, `mz200_16_00_TI_EM`, `mz200_16_00_TI_EF`, `mz200_16_00_TP_NM`, `mz200_16_00_TP_NP`, `mz200_16_00_TP_EM`, `mz200_16_00_TP_EF`, `mz200_17_00_TI_NM`, `mz200_17_00_TI_NF`, `mz200_17_00_TI_EM`, `mz200_17_00_TI_EF`, `mz200_17_00_TP_NM`, `mz200_17_00_TP_NP`, `mz200_17_00_TP_EM`, `mz200_17_00_TP_EF`, `mz200_18_00_TI_NM`, `mz200_18_00_TI_NF`, `mz200_18_00_TI_EM`, `mz200_18_00_TI_EF`, `mz200_18_00_TP_NM`, `mz200_18_00_TP_NP`, `mz200_18_00_TP_EM`, `mz200_18_00_TP_EF`, `mz200_19_00_TI_NM`, `mz200_19_00_TI_NF`, `mz200_19_00_TI_EM`, `mz200_19_00_TI_EF`, `mz200_19_00_TP_NM`, `mz200_19_00_TP_NP`, `mz200_19_00_TP_EM`, `mz200_19_00_TP_EF`, `mz200_20_00_TI_NM`, `mz200_20_00_TI_NF`, `mz200_20_00_TI_EM`, `mz200_20_00_TI_EF`, `mz200_20_00_TP_NM`, `mz200_20_00_TP_NP`, `mz200_20_00_TP_EM`, `mz200_20_00_TP_EF`, `mz200_21_00_TI_NM`, `mz200_21_00_TI_NF`, `mz200_21_00_TI_EM`, `mz200_21_00_TI_EF`, `mz200_21_00_TP_NM`, `mz200_21_00_TP_NP`, `mz200_21_00_TP_EM`, `mz200_21_00_TP_EF`, `mz200_22_00_TI_NM`, `mz200_22_00_TI_NF`, `mz200_22_00_TI_EM`, `mz200_22_00_TI_EF`, `mz200_22_00_TP_NM`, `mz200_22_00_TP_NP`, `mz200_22_00_TP_EM`, `mz200_22_00_TP_EF`, `mz200_23_00_TI_NM`, `mz200_23_00_TI_NF`, `mz200_23_00_TI_EM`, `mz200_23_00_TI_EF`, `mz200_23_00_TP_NM`, `mz200_23_00_TP_NP`, `mz200_23_00_TP_EM`, `mz200_23_00_TP_EF`, `mz200_24_00_TI_NM`, `mz200_24_00_TI_NF`, `mz200_24_00_TI_EM`, `mz200_24_00_TI_EF`, `mz200_24_00_TP_NM`, `mz200_24_00_TP_NP`, `mz200_24_00_TP_EM`, `mz200_24_00_TP_EF`, `mz200_25_00_TI_NM`, `mz200_25_00_TI_NF`, `mz200_25_00_TI_EM`, `mz200_25_00_TI_EF`, `mz200_25_00_TP_NM`, `mz200_25_00_TP_NP`, `mz200_25_00_TP_EM`, `mz200_25_00_TP_EF`, `mz200_26_00_TI_NM`, `mz200_26_00_TI_NF`, `mz200_26_00_TI_EM`, `mz200_26_00_TI_EF`, `mz200_26_00_TP_NM`, `mz200_26_00_TP_NP`, `mz200_26_00_TP_EM`, `mz200_26_00_TP_EF`, `mz200_27_00_TI_NM`, `mz200_27_00_TI_NF`, `mz200_27_00_TI_EM`, `mz200_27_00_TI_EF`, `mz200_27_00_TP_NM`, `mz200_27_00_TP_NP`, `mz200_27_00_TP_EM`, `mz200_27_00_TP_EF`, `mz200_28_00_TI_NM`, `mz200_28_00_TI_NF`, `mz200_28_00_TI_EM`, `mz200_28_00_TI_EF`, `mz200_28_00_TP_NM`, `mz200_28_00_TP_NP`, `mz200_28_00_TP_EM`, `mz200_28_00_TP_EF`, `mz200_29_00_TI_NM`, `mz200_29_00_TI_NF`, `mz200_29_00_TI_EM`, `mz200_29_00_TI_EF`, `mz200_29_00_TP_NM`, `mz200_29_00_TP_NP`, `mz200_29_00_TP_EM`, `mz200_29_00_TP_EF`, `mz200_30_00_TI_NM`, `mz200_30_00_TI_NF`, `mz200_30_00_TI_EM`, `mz200_30_00_TI_EF`, `mz200_30_00_TP_NM`, `mz200_30_00_TP_NP`, `mz200_30_00_TP_EM`, `mz200_30_00_TP_EF`, `mz200_31_00_TI_NM`, `mz200_31_00_TI_NF`, `mz200_31_00_TI_EM`, `mz200_31_00_TI_EF`, `mz200_31_00_TP_NM`, `mz200_31_00_TP_NP`, `mz200_31_00_TP_EM`, `mz200_31_00_TP_EF`, `mz200_32_00_TI_NM`, `mz200_32_00_TI_NF`, `mz200_32_00_TI_EM`, `mz200_32_00_TI_EF`, `mz200_32_00_TP_NM`, `mz200_32_00_TP_NP`, `mz200_32_00_TP_EM`, `mz200_32_00_TP_EF`, `mz200_33_00_TI_NM`, `mz200_33_00_TI_NF`, `mz200_33_00_TI_EM`, `mz200_33_00_TI_EF`, `mz200_33_00_TP_NM`, `mz200_33_00_TP_NP`, `mz200_33_00_TP_EM`, `mz200_33_00_TP_EF`, `mz200_34_00_TI_NM`, `mz200_34_00_TI_NF`, `mz200_34_00_TI_EM`, `mz200_34_00_TI_EF`, `mz200_34_00_TP_NM`, `mz200_34_00_TP_NP`, `mz200_34_00_TP_EM`, `mz200_34_00_TP_EF`, `mz200_35_00_TI_NM`, `mz200_35_00_TI_NF`, `mz200_35_00_TI_EM`, `mz200_35_00_TI_EF`, `mz200_35_00_TP_NM`, `mz200_35_00_TP_NP`, `mz200_35_00_TP_EM`, `mz200_35_00_TP_EF`, `mz200_36_00_TI_NM`, `mz200_36_00_TI_NF`, `mz200_36_00_TI_EM`, `mz200_36_00_TI_EF`, `mz200_36_00_TP_NM`, `mz200_36_00_TP_NP`, `mz200_36_00_TP_EM`, `mz200_36_00_TP_EF`, `mz200_37_00_TI_NM`, `mz200_37_00_TI_NF`, `mz200_37_00_TI_EM`, `mz200_37_00_TI_EF`, `mz200_37_00_TP_NM`, `mz200_37_00_TP_NP`, `mz200_37_00_TP_EM`, `mz200_37_00_TP_EF`, `mz200_38_00_TI_NM`, `mz200_38_00_TI_NF`, `mz200_38_00_TI_EM`, `mz200_38_00_TI_EF`, `mz200_38_00_TP_NM`, `mz200_38_00_TP_NP`, `mz200_38_00_TP_EM`, `mz200_38_00_TP_EF`, `mz200_39_00_TI_NM`, `mz200_39_00_TI_NF`, `mz200_39_00_TI_EM`, `mz200_39_00_TI_EF`, `mz200_39_00_TP_NM`, `mz200_39_00_TP_NP`, `mz200_39_00_TP_EM`, `mz200_39_00_TP_EF`, `mz200_40_00_TI_NM`, `mz200_40_00_TI_NF`, `mz200_40_00_TI_EM`, `mz200_40_00_TI_EF`, `mz200_40_00_TP_NM`, `mz200_40_00_TP_NP`, `mz200_40_00_TP_EM`, `mz200_40_00_TP_EF`, `mz200_41_00_TI_NM`, `mz200_41_00_TI_NF`, `mz200_41_00_TI_EM`, `mz200_41_00_TI_EF`, `mz200_41_00_TP_NM`, `mz200_41_00_TP_NP`, `mz200_41_00_TP_EM`, `mz200_41_00_TP_EF`, `mz200_42_00_TI_NM`, `mz200_42_00_TI_NF`, `mz200_42_00_TI_EM`, `mz200_42_00_TI_EF`, `mz200_42_00_TP_NM`, `mz200_42_00_TP_NP`, `mz200_42_00_TP_EM`, `mz200_42_00_TP_EF`, `mz200_43_00_TI_NM`, `mz200_43_00_TI_NF`, `mz200_43_00_TI_EM`, `mz200_43_00_TI_EF`, `mz200_43_00_TP_NM`, `mz200_43_00_TP_NP`, `mz200_43_00_TP_EM`, `mz200_43_00_TP_EF`, `mz200_44_00_TI_NM`, `mz200_44_00_TI_NF`, `mz200_44_00_TI_EM`, `mz200_44_00_TI_EF`, `mz200_44_00_TP_NM`, `mz200_44_00_TP_NP`, `mz200_44_00_TP_EM`, `mz200_44_00_TP_EF`, `mz200_45_00_TI_NM`, `mz200_45_00_TI_NF`, `mz200_45_00_TI_EM`, `mz200_45_00_TI_EF`, `mz200_45_00_TP_NM`, `mz200_45_00_TP_NP`, `mz200_45_00_TP_EM`, `mz200_45_00_TP_EF`, `mz200_46_00_TI_NM`, `mz200_46_00_TI_NF`, `mz200_46_00_TI_EM`, `mz200_46_00_TI_EF`, `mz200_46_00_TP_NM`, `mz200_46_00_TP_NP`, `mz200_46_00_TP_EM`, `mz200_46_00_TP_EF`, `mz200_47_00_TI_NM`, `mz200_47_00_TI_NF`, `mz200_47_00_TI_EM`, `mz200_47_00_TI_EF`, `mz200_47_00_TP_NM`, `mz200_47_00_TP_NP`, `mz200_47_00_TP_EM`, `mz200_47_00_TP_EF`, `mz200_48_00_TI_NM`, `mz200_48_00_TI_NF`, `mz200_48_00_TI_EM`, `mz200_48_00_TI_EF`, `mz200_48_00_TP_NM`, `mz200_48_00_TP_NP`, `mz200_48_00_TP_EM`, `mz200_48_00_TP_EF`, `mz200_49_00_TI_NM`, `mz200_49_00_TI_NF`, `mz200_49_00_TI_EM`, `mz200_49_00_TI_EF`, `mz200_49_00_TP_NM`, `mz200_49_00_TP_NP`, `mz200_49_00_TP_EM`, `mz200_49_00_TP_EF`, `mz200_50_00_TI_NM`, `mz200_50_00_TI_NF`, `mz200_50_00_TI_EM`, `mz200_50_00_TI_EF`, `mz200_50_00_TP_NM`, `mz200_50_00_TP_NP`, `mz200_50_00_TP_EM`, `mz200_50_00_TP_EF`, `mz200_51_00_TI_NM`, `mz200_51_00_TI_NF`, `mz200_51_00_TI_EM`, `mz200_51_00_TI_EF`, `mz200_51_00_TP_NM`, `mz200_51_00_TP_NP`, `mz200_51_00_TP_EM`, `mz200_51_00_TP_EF`) VALUES
(68, 19, '2017-05-12', '123', '', 172, 'rf', 'fc', 3, NULL, 31, '678', 'mmm', 'mmm', '789', 1, 1, 1, 1, '2017-05-23', '2017-05-03', '2017-05-19', '2017-05-24', '2017-06-02', 0, NULL, '5,9,14,24,28', 0, -25.9533, 32.6056, 0, 0, 0, 0, 0, 0, 0, 0, 0, 0, 0, 0, 0, 0, 0, 0, 0, 0, 0, 0, 0, 0, 0, 0, 0, 0, 0, 0, 0, 0, 0, 0, 0, 0, 0, 0, 2, 0, 0, 0, 0, 0, 0, 0, 0, 0, 0, 0, 0, 0, 0, 0, 0, 0, 0, 0, 0, 0, 0, 5, 0, 0, 0, 0, 0, 0, 0, 0, 0, 0, 0, 0, 0, 0, 0, 0, 0, 0, 5, 0, 0, 0, 0, 5, 0, 0, 0, 0, 0, 0, 0, 0, 0, 0, 0, 0, 0, 0, 0, 0, 0, 0, 0, 0, 0, 0, 0, 0, 0, 0, 0, 0, 0, 0, 0, 0, 0, 0, 0, 0, 0, 0, 0, 0, 0, 9, 0, 0, 0, 0, 0, 0, 0, 0, 0, 0, 0, 0, 0, 0, 0, 0, 0, 0, 0, 0, 0, 0, 0, 0, 0, 0, 0, 0, 0, 0, 0, 0, 6, 0, 0, 0, 0, 0, 0, 0, 0, 0, 0, 0, 0, 0, 0, 0, 0, 0, 0, 0, 0, 0, 0, 0, 0, 0, 0, 0, 0, 0, 0, 0, 0, 0, 0, 0, 0, 0, 0, 0, 0, 0, 0, 0, 0, 0, 0, 0, 0, 0, 0, 0, 0, 0, 0, 0, 0, 0, 0, 0, 0, 0, 0, 0, 0, 0, 0, 0, 0, 0, 0, 0, 0, 0, 0, 0, 0, 0, 0, 0, 0, 0, 0, 0, 0, 0, 0, 0, 0, 0, 0, 0, 0, 0, 0, 0, 0, 0, 0, 0, 0, 0, 0, 0, 0, 0, 0, 0, 0, 0, 0, 0, 0, 0, 0, 0, 0, 0, 0, 0, 0, 0, 0, 0, 0, 0, 0, 0, 0, 0, 0, 0, 0, 0, 0, 0, 0, 0, 0, 0, 0, 0, 0, 0, 0, 0, 0, 0, 0, 0, 0, 0, 0, 0, 0, 0, 0, 0, 0, 0, 0, 0, 0, 0, 0, 0, 0, 0, 0, 0, 0, 0, 0, 0, 0, 0, 0, 0, 0, 0, 0, 0, 0, 0, 0, 0, 0, 0, 0, 0, 0, 0, 0, 0, 0, 0, 0, 0, 0, 0, 0, 0, 0, 0, 0, 0, 0, 0, 0, 0, 0, 0, 0, 0, 0, 0, 0, 0, 0, 0, 0, 0, 0, 0, 0, 0, 0, 0, 0, 0, 0, 0, 0, 0, 0, 0, 0, 0, 0, 0, 0, 0, 0, 0, 0, 0, 0, 0, 0, 0, 0, 0, 0, 0, 0, 0, 0, 0, 0, 0, 0, 0, 0, 0, 0, 0, 0, 0, 0, 0, 0, 0, 0, 0, 0, 0, 0, 0, 0, 0, 0, 0, 0, 0, 0, 0, 0, 0, 0, 0, 0, 0, 0, 0, 0, 0, 0, 0, 0, 0, 0, 0, 0, 0, 0, 0, 0, 0, 0, 0, 0, 0, 0, 0, 0, 0, 0, 0, 0, 0, 0, 0, 0, 0, 0, 0, 0, 0, 0, 0),
(69, 9, '2017-04-21', '752635568355256', 'cgdggg', 0, 'Cdgfgj', 'hkggnj', 4, NULL, 53, 'ghfhu', 'fhryjgt', 'fhtyjg', 'cgggh', 5, 1, 1, 1, '2017-04-20', '2017-04-20', '2017-04-20', '2017-04-20', '2017-04-20', 0, NULL, '1,2,4,7,8,9,11,13,14,15,17,27,29,30,31,33', 0, -25.9531, 32.6059, 12, 2, 0, 3, 0, 52, 2, 0, 0, 0, 1, 0, 2, 0, 0, 0, 0, 25, 0, 0, 0, 0, 0, 0, 0, 0, 0, 0, 0, 0, 6, 0, 0, 1, 0, 2, 0, 0, 0, 0, 0, 0, 0, 0, 0, 0, 0, 0, 5666, 0, 0, 0, 0, 0, 0, 0, 0, 0, 0, 4, 0, 0, 0, 0, 0, 0, 0, 0, 0, 0, 0, 0, 0, 0, 0, 0, 0, 5, 0, 0, 0, 0, 0, 0, 0, 0, 0, 0, 0, 0, 0, 0, 0, 0, 0, 0, 96, 0, 0, 0, 0, 0, 0, 0, 0, 0, 0, 0, 0, 0, 0, 0, 0, 0, 0, 56, 0, 0, 5, 0, 0, 0, 0, 0, 0, 0, 0, 0, 0, 0, 0, 0, 0, 0, 0, 0, 0, 0, 0, 0, 0, 0, 0, 0, 12, 0, 0, 0, 0, 0, 0, 0, 0, 0, 0, 0, 0, 0, 0, 0, 0, 0, 0, 0, 0, 85, 0, 0, 0, 5, 0, 0, 0, 0, 0, 0, 0, 0, 0, 52, 0, 0, 2, 0, 0, 4, 0, 0, 0, 0, 0, 0, 0, 41, 0, 0, 0, 85, 0, 0, 0, 0, 0, 0, 0, 0, 0, 0, 0, 0, 0, 0, 0, 0, 0, 0, 0, 0, 1, 0, 0, 0, 0, 0, 0, 0, 0, 0, 0, 0, 0, 0, 0, 0, 0, 0, 0, 0, 0, 0, 0, 0, 0, 0, 0, 4, 0, 0, 0, 0, 2, 0, 0, 0, 0, 0, 0, 0, 0, 0, 0, 0, 0, 0, 0, 12, 0, 0, 0, 0, 0, 0, 0, 0, 0, 0, 5, 0, 0, 0, 0, 0, 0, 0, 0, 0, 0, 0, 0, 0, 0, 0, 0, 0, 0, 0, 0, 0, 0, 0, 0, 0, 0, 0, 0, 0, 0, 0, 0, 0, 0, 0, 0, 0, 0, 1, 0, 0, 0, 0, 0, 0, 0, 0, 0, 0, 52, 0, 0, 0, 0, 0, 54, 0, 0, 0, 0, 0, 0, 0, 0, 0, 0, 0, 0, 0, 0, 85, 0, 0, 0, 0, 0, 0, 0, 0, 0, 0, 0, 0, 0, 0, 0, 0, 0, 0, 0, 0, 0, 0, 0, 0, 0, 0, 0, 0, 0, 0, 0, 0, 0, 0, 0, 0, 0, 0, 0, 0, 0, 0, 0, 0, 0, 0, 0, 0, 0, 0, 0, 0, 0, 0, 0, 0, 0, 0, 0, 0, 0, 0, 0, 0, 0, 0, 0, 0, 0, 0, 0, 0, 0, 0, 0, 0, 0, 0, 0, 0, 0, 0, 0, 0, 0, 0, 0, 0, 0, 0, 0, 0, 0, 0, 0, 0, 0, 0, 0, 0, 0, 0, 0, 0, 0, 0, 0, 0, 0, 0, 0, 0, 0, 0, 0, 0, 0, 0, 0, 0, 0, 0, 0, 0, 0, 0, 0, 0, 0, 0, 0, 0, 0, 0, 0, 0, 0, 0, 0, 0);

-- --------------------------------------------------------

--
-- Table structure for table `hierarchy_areas_areas`
--

CREATE TABLE `hierarchy_areas_areas` (
  `id` int(11) NOT NULL,
  `id_up` int(11) NOT NULL
) ENGINE=InnoDB DEFAULT CHARSET=utf8;

--
-- Dumping data for table `hierarchy_areas_areas`
--

INSERT INTO `hierarchy_areas_areas` (`id`, `id_up`) VALUES
(1, 0),
(2, 1),
(3, 1),
(4, 1),
(5, 1),
(6, 1),
(7, 1),
(8, 1),
(9, 1),
(10, 1),
(11, 1),
(12, 1),
(13, 2),
(14, 2),
(15, 2),
(16, 2),
(17, 2),
(18, 2),
(19, 2),
(20, 2),
(21, 2),
(22, 2),
(23, 2),
(24, 2),
(25, 2),
(26, 2),
(27, 2),
(28, 2),
(31, 3),
(32, 3),
(33, 3),
(34, 3),
(35, 3),
(36, 3),
(37, 3),
(38, 3),
(39, 3),
(40, 3),
(41, 3),
(42, 3),
(43, 3),
(44, 3),
(45, 3),
(46, 3),
(47, 3),
(50, 4),
(51, 4),
(52, 4),
(53, 4),
(54, 4),
(55, 4),
(56, 4),
(57, 4),
(58, 4),
(59, 4),
(60, 4),
(61, 4),
(62, 4),
(63, 4),
(64, 4),
(65, 4),
(66, 4),
(67, 4),
(68, 4),
(69, 4),
(71, 4),
(72, 4),
(76, 4),
(77, 5),
(78, 5),
(79, 5),
(80, 5),
(81, 5),
(82, 5),
(83, 5),
(84, 5),
(85, 5),
(86, 5),
(87, 5),
(88, 5),
(89, 5),
(90, 5),
(91, 5),
(93, 6),
(94, 6),
(95, 6),
(96, 6),
(97, 6),
(98, 6),
(99, 6),
(100, 6),
(101, 6),
(102, 6),
(103, 6),
(104, 6),
(105, 6),
(106, 6),
(107, 6),
(108, 6),
(109, 6),
(110, 6),
(111, 6),
(112, 6),
(113, 6),
(114, 6),
(117, 7),
(118, 7),
(119, 7),
(120, 7),
(121, 7),
(122, 7),
(123, 7),
(124, 7),
(125, 7),
(126, 7),
(127, 7),
(128, 7),
(130, 8),
(131, 8),
(132, 8),
(133, 8),
(134, 8),
(135, 8),
(136, 8),
(137, 8),
(138, 8),
(139, 8),
(140, 8),
(141, 8),
(142, 8),
(145, 9),
(146, 9),
(147, 9),
(148, 9),
(149, 9),
(150, 9),
(151, 9),
(152, 9),
(153, 9),
(154, 9),
(155, 9),
(159, 10),
(160, 10),
(161, 10),
(162, 10),
(163, 10),
(164, 10),
(165, 10),
(166, 10),
(167, 10),
(168, 10),
(169, 10),
(170, 10),
(171, 10),
(172, 10),
(175, 11),
(176, 11),
(177, 11),
(178, 11),
(179, 11),
(180, 11),
(181, 11),
(182, 12),
(183, 12),
(184, 12),
(185, 12),
(186, 12),
(187, 12),
(188, 12),
(189, 12),
(190, 13),
(191, 13),
(193, 14),
(194, 14),
(195, 15),
(196, 15),
(197, 15),
(198, 15),
(199, 17),
(200, 17),
(202, 18),
(203, 18),
(204, 19),
(205, 19),
(206, 19),
(207, 20),
(208, 20),
(209, 21),
(210, 21),
(211, 22),
(212, 22),
(213, 23),
(214, 23),
(215, 24),
(216, 24),
(217, 25),
(218, 25),
(219, 26),
(220, 26),
(221, 27),
(222, 27),
(223, 28),
(224, 28),
(225, 28),
(226, 28),
(227, 31),
(228, 31),
(229, 31),
(230, 32),
(231, 32),
(232, 32),
(233, 32),
(234, 33),
(235, 33),
(236, 33),
(238, 33),
(239, 33),
(240, 34),
(241, 34),
(242, 35),
(243, 35),
(244, 35),
(245, 35),
(246, 36),
(247, 36),
(248, 37),
(249, 37),
(250, 38),
(252, 39),
(253, 39),
(254, 39),
(255, 40),
(256, 40),
(257, 40),
(258, 40),
(259, 41),
(260, 41),
(261, 41),
(262, 41),
(263, 41),
(264, 42),
(265, 42),
(266, 42),
(267, 43),
(269, 43),
(270, 43),
(271, 43),
(272, 43),
(273, 44),
(274, 44),
(275, 45),
(276, 45),
(277, 45),
(278, 45),
(279, 47),
(280, 47),
(281, 47),
(282, 50),
(283, 50),
(284, 50),
(285, 50),
(286, 51),
(287, 51),
(288, 51),
(289, 53),
(290, 53),
(291, 56),
(292, 56),
(293, 56),
(294, 57),
(295, 57),
(296, 57),
(297, 57),
(298, 58),
(299, 58),
(300, 58),
(301, 58),
(302, 59),
(303, 59),
(304, 59),
(305, 59),
(306, 60),
(307, 60),
(309, 60),
(310, 61),
(311, 61),
(312, 61),
(313, 61),
(314, 61),
(315, 62),
(316, 62),
(318, 63),
(319, 63),
(320, 63),
(321, 64),
(322, 64),
(323, 64),
(324, 65),
(325, 65),
(326, 65),
(327, 66),
(328, 66),
(329, 66),
(330, 67),
(331, 67),
(332, 69),
(333, 69),
(334, 69),
(336, 71),
(337, 71),
(338, 71),
(339, 72),
(340, 72),
(341, 72),
(342, 76),
(343, 76),
(344, 76),
(345, 76),
(346, 76),
(348, 93),
(349, 93),
(350, 94),
(351, 114),
(352, 94),
(353, 96),
(354, 96),
(355, 97),
(356, 97),
(357, 98),
(359, 98),
(360, 99),
(362, 100),
(363, 100),
(364, 100),
(365, 100),
(367, 101),
(369, 101),
(370, 102),
(371, 102),
(373, 102),
(374, 103),
(375, 103),
(376, 103),
(377, 106),
(378, 106),
(379, 107),
(381, 107),
(382, 107),
(383, 109),
(384, 109),
(385, 110),
(386, 110),
(387, 111),
(388, 111),
(389, 112),
(390, 112),
(391, 112),
(392, 77),
(393, 77),
(394, 78),
(395, 78),
(396, 78),
(397, 79),
(398, 79),
(400, 80),
(401, 80),
(402, 80),
(403, 81),
(404, 81),
(405, 83),
(406, 83),
(407, 84),
(408, 84),
(409, 84),
(410, 86),
(411, 86),
(412, 86),
(413, 86),
(414, 87),
(415, 87),
(416, 87),
(417, 88),
(418, 88),
(419, 88),
(420, 90),
(421, 90),
(422, 91),
(423, 91),
(424, 91),
(425, 117),
(426, 117),
(427, 117),
(428, 119),
(429, 119),
(430, 119),
(431, 119),
(432, 120),
(433, 120),
(434, 120),
(435, 120),
(436, 122),
(437, 122),
(438, 123),
(439, 123),
(440, 123),
(441, 124),
(442, 124),
(443, 124),
(444, 124),
(445, 125),
(446, 125),
(447, 125),
(448, 126),
(449, 126),
(450, 126),
(451, 126),
(452, 127),
(453, 127),
(454, 127),
(455, 121),
(456, 121),
(457, 128),
(458, 128),
(459, 131),
(460, 131),
(461, 131),
(462, 132),
(463, 132),
(464, 132),
(465, 133),
(466, 133),
(467, 133),
(468, 134),
(469, 134),
(470, 135),
(471, 135),
(472, 135),
(473, 136),
(474, 136),
(475, 137),
(476, 137),
(477, 137),
(478, 138),
(479, 138),
(480, 139),
(481, 139),
(482, 139),
(483, 140),
(484, 140),
(485, 141),
(486, 141),
(487, 142),
(488, 142),
(489, 159),
(490, 159),
(491, 159),
(492, 160),
(493, 160),
(494, 160),
(495, 161),
(496, 161),
(497, 163),
(498, 163),
(499, 164),
(500, 164),
(501, 164),
(502, 165),
(503, 165),
(504, 166),
(505, 166),
(506, 166),
(507, 167),
(508, 167),
(509, 167),
(510, 169),
(511, 169),
(512, 170),
(513, 170),
(514, 170),
(515, 171),
(516, 171),
(517, 171),
(518, 172),
(519, 172),
(520, 745),
(521, 746),
(522, 746),
(523, 145),
(524, 145),
(525, 145),
(526, 145),
(527, 145),
(528, 145),
(529, 146),
(530, 146),
(531, 146),
(532, 146),
(533, 146),
(534, 146),
(535, 148),
(536, 148),
(537, 147),
(538, 743),
(539, 147),
(540, 149),
(541, 149),
(542, 149),
(543, 149),
(544, 150),
(545, 150),
(546, 150),
(547, 150),
(548, 151),
(549, 151),
(550, 151),
(551, 152),
(552, 152),
(553, 152),
(554, 152),
(555, 745),
(556, 745),
(557, 152),
(558, 154),
(559, 154),
(560, 154),
(561, 153),
(562, 153),
(563, 182),
(564, 182),
(565, 183),
(566, 183),
(567, 183),
(568, 183),
(569, 183),
(570, 184),
(571, 184),
(572, 184),
(573, 184),
(574, 184),
(575, 184),
(576, 185),
(577, 185),
(578, 187),
(579, 187),
(580, 187),
(581, 187),
(582, 188),
(583, 188),
(584, 188),
(585, 188),
(586, 189),
(587, 189),
(588, 186),
(589, 186),
(590, 186),
(591, 590),
(592, 155),
(593, 592),
(594, 176),
(596, 527),
(597, 520),
(598, 507),
(599, 179),
(600, 179),
(603, 551),
(604, 592),
(606, 501),
(607, 499),
(608, 497),
(609, 377),
(610, 515),
(611, 175),
(613, 16),
(614, 46),
(616, 52),
(618, 54),
(619, 55),
(620, 618),
(621, 62),
(622, 63),
(624, 68),
(625, 624),
(628, 77),
(629, 81),
(630, 82),
(632, 85),
(633, 82),
(635, 85),
(636, 635),
(637, 86),
(638, 93),
(639, 95),
(640, 639),
(641, 97),
(642, 356),
(643, 99),
(645, 103),
(646, 104),
(647, 105),
(648, 647),
(649, 106),
(650, 108),
(651, 650),
(652, 111),
(653, 113),
(654, 653),
(655, 114),
(656, 36),
(657, 40),
(658, 618),
(659, 54),
(660, 82),
(661, 85),
(662, 95),
(663, 639),
(664, 97),
(665, 104),
(666, 105),
(667, 108),
(668, 113),
(669, 114),
(670, 95),
(671, 108),
(672, 52),
(673, 55),
(674, 66),
(675, 67),
(676, 72),
(677, 82),
(678, 175),
(679, 178),
(681, 175),
(682, 175),
(683, 175),
(684, 175),
(685, 175),
(686, 175),
(687, 175),
(688, 175),
(689, 176),
(690, 176),
(691, 176),
(692, 176),
(693, 176),
(694, 176),
(695, 176),
(696, 176),
(697, 176),
(698, 176),
(700, 177),
(701, 177),
(702, 177),
(703, 177),
(704, 177),
(705, 177),
(706, 177),
(707, 177),
(709, 175),
(710, 178),
(711, 178),
(712, 178),
(713, 178),
(714, 178),
(715, 178),
(716, 178),
(717, 178),
(718, 178),
(719, 178),
(720, 179),
(721, 179),
(722, 179),
(723, 179),
(724, 179),
(725, 179),
(726, 179),
(727, 179),
(728, 179),
(729, 179),
(730, 179),
(731, 179),
(732, 180),
(733, 180),
(734, 180),
(735, 180),
(736, 180),
(737, 181),
(738, 181),
(739, 181),
(740, 201),
(742, 17),
(743, 9),
(744, 743),
(745, 9),
(746, 9),
(747, 746),
(748, 746);

-- --------------------------------------------------------

--
-- Table structure for table `hierarchy_units_areas`
--

CREATE TABLE `hierarchy_units_areas` (
  `id_unit` int(11) NOT NULL,
  `id_area` int(11) NOT NULL
) ENGINE=InnoDB DEFAULT CHARSET=utf8;

--
-- Dumping data for table `hierarchy_units_areas`
--

INSERT INTO `hierarchy_units_areas` (`id_unit`, `id_area`) VALUES
(1, 46),
(2, 46),
(3, 46),
(4, 46),
(5, 46),
(6, 46),
(7, 46),
(8, 46),
(9, 46),
(10, 46),
(11, 31),
(12, 31),
(13, 31),
(14, 31),
(15, 31),
(16, 31),
(17, 31),
(18, 31),
(19, 32),
(20, 32),
(21, 32),
(22, 32),
(23, 32),
(24, 32),
(25, 32),
(26, 32),
(27, 33),
(28, 33),
(29, 33),
(30, 33),
(31, 33),
(32, 33),
(33, 33),
(34, 33),
(35, 33),
(36, 33),
(37, 33),
(38, 33),
(39, 34),
(40, 34),
(41, 34),
(42, 35),
(43, 35),
(44, 35),
(45, 35),
(46, 35),
(47, 35),
(48, 35),
(49, 36),
(50, 36),
(51, 36),
(52, 36),
(53, 37),
(54, 37),
(55, 37),
(56, 37),
(57, 37),
(58, 39),
(59, 39),
(60, 39),
(61, 39),
(62, 39),
(63, 39),
(64, 39),
(65, 40),
(66, 40),
(67, 40),
(68, 40),
(69, 40),
(70, 40),
(71, 40),
(72, 40),
(73, 40),
(74, 40),
(75, 40),
(76, 41),
(77, 41),
(78, 41),
(79, 41),
(80, 41),
(81, 41),
(82, 41),
(83, 41),
(84, 41),
(85, 41),
(86, 42),
(87, 42),
(88, 42),
(89, 42),
(90, 42),
(91, 42),
(92, 42),
(93, 43),
(94, 43),
(95, 43),
(96, 43),
(97, 43),
(98, 43),
(99, 43),
(100, 43),
(101, 43),
(102, 44),
(103, 44),
(104, 44),
(105, 44),
(106, 44),
(107, 32),
(108, 32),
(109, 32),
(110, 32),
(111, 32),
(112, 32),
(113, 37),
(114, 37),
(115, 37),
(116, 37),
(117, 37),
(118, 47),
(119, 47),
(120, 47),
(121, 47),
(122, 47),
(123, 47),
(124, 47),
(125, 46),
(126, 46),
(127, 39),
(128, 40),
(129, 40),
(130, 42),
(131, 146),
(132, 155),
(133, 152),
(134, 155),
(135, 145),
(136, 145),
(137, 146),
(138, 146),
(139, 146),
(140, 149),
(141, 150),
(142, 150),
(143, 152),
(144, 152),
(145, 152),
(146, 152),
(147, 153),
(148, 155),
(149, 155),
(150, 155),
(151, 146),
(152, 149),
(153, 149),
(154, 150),
(155, 155),
(156, 146),
(157, 146),
(158, 146),
(159, 146),
(160, 149),
(161, 149),
(162, 150),
(163, 149),
(164, 149),
(165, 155),
(166, 151),
(167, 146),
(168, 155),
(169, 155),
(170, 155),
(171, 155),
(172, 155),
(173, 145),
(174, 145),
(175, 145),
(176, 145),
(177, 145),
(178, 145),
(179, 145),
(180, 145),
(181, 145),
(182, 146),
(183, 146),
(184, 146),
(185, 146),
(186, 146),
(187, 146),
(188, 146),
(189, 146),
(190, 146),
(191, 146),
(192, 146),
(193, 146),
(194, 147),
(195, 147),
(196, 147),
(197, 147),
(198, 147),
(199, 147),
(200, 147),
(201, 147),
(202, 146),
(203, 146),
(204, 146),
(205, 149),
(206, 149),
(207, 149),
(208, 149),
(209, 149),
(210, 149),
(211, 149),
(212, 149),
(213, 149),
(214, 149),
(215, 149),
(216, 149),
(217, 149),
(218, 149),
(219, 149),
(220, 149),
(221, 150),
(222, 150),
(223, 150),
(224, 150),
(225, 150),
(226, 150),
(227, 151),
(228, 151),
(229, 151),
(230, 151),
(231, 151),
(232, 151),
(233, 151),
(234, 152),
(235, 152),
(236, 152),
(237, 152),
(238, 152),
(239, 152),
(240, 152),
(241, 152),
(242, 152),
(243, 152),
(244, 152),
(245, 152),
(246, 152),
(247, 152),
(248, 152),
(249, 152),
(250, 152),
(251, 152),
(252, 153),
(253, 153),
(254, 154),
(255, 154),
(256, 154),
(257, 154),
(258, 154),
(259, 154),
(260, 154),
(261, 154),
(262, 155),
(263, 155),
(264, 155),
(265, 155),
(266, 155),
(267, 155),
(268, 155),
(269, 155),
(270, 155),
(271, 155),
(272, 155),
(273, 155),
(274, 155),
(275, 169),
(276, 162),
(277, 162),
(278, 159),
(279, 159),
(280, 160),
(281, 161),
(282, 163),
(283, 166),
(284, 166),
(285, 166),
(286, 167),
(287, 167),
(288, 166),
(289, 169),
(290, 169),
(291, 170),
(292, 172),
(293, 172),
(294, 167),
(295, 162),
(296, 162),
(297, 162),
(298, 160),
(299, 160),
(300, 161),
(301, 161),
(302, 165),
(303, 165),
(304, 165),
(305, 167),
(306, 167),
(307, 166),
(308, 166),
(309, 166),
(310, 166),
(311, 166),
(312, 171),
(313, 171),
(314, 171),
(315, 171),
(316, 172),
(317, 172),
(318, 162),
(319, 171),
(320, 162),
(321, 162),
(322, 159),
(323, 162),
(324, 162),
(325, 162),
(326, 159),
(327, 159),
(328, 160),
(329, 160),
(330, 160),
(331, 160),
(332, 160),
(333, 161),
(334, 161),
(335, 161),
(336, 161),
(337, 161),
(338, 161),
(339, 163),
(340, 163),
(341, 163),
(342, 163),
(343, 163),
(344, 163),
(345, 164),
(346, 164),
(347, 164),
(348, 164),
(349, 164),
(350, 164),
(351, 165),
(352, 165),
(353, 165),
(354, 165),
(355, 166),
(356, 166),
(357, 166),
(358, 166),
(359, 167),
(360, 167),
(361, 167),
(362, 167),
(363, 167),
(364, 167),
(365, 167),
(366, 167),
(367, 167),
(368, 167),
(369, 166),
(370, 166),
(371, 166),
(372, 166),
(373, 166),
(374, 169),
(375, 169),
(376, 169),
(377, 169),
(378, 169),
(379, 170),
(380, 170),
(381, 170),
(382, 171),
(383, 171),
(384, 171),
(385, 171),
(386, 171),
(387, 171),
(388, 171),
(389, 172),
(390, 172),
(391, 172),
(392, 172),
(393, 172),
(394, 172),
(395, 184),
(396, 187),
(397, 185),
(398, 183),
(399, 186),
(400, 182),
(401, 186),
(402, 189),
(403, 188),
(404, 189),
(405, 189),
(406, 188),
(407, 184),
(408, 188),
(409, 182),
(410, 183),
(411, 188),
(412, 184),
(413, 187),
(414, 182),
(415, 185),
(416, 183),
(417, 187),
(418, 189),
(419, 182),
(420, 182),
(421, 182),
(422, 184),
(423, 187),
(424, 183),
(425, 186),
(426, 187),
(427, 183),
(428, 186),
(429, 184),
(430, 187),
(431, 189),
(432, 184),
(433, 185),
(434, 188),
(435, 185),
(436, 183),
(437, 182),
(438, 186),
(439, 186),
(440, 183),
(441, 184),
(442, 184),
(443, 184),
(444, 184),
(445, 184),
(446, 185),
(447, 187),
(448, 187),
(449, 187),
(450, 189),
(451, 189),
(452, 184),
(453, 188),
(454, 188),
(455, 182),
(456, 182),
(457, 186),
(458, 184),
(459, 184),
(460, 187),
(461, 187),
(462, 188),
(463, 186),
(464, 186),
(465, 186),
(466, 186),
(467, 186),
(468, 187),
(469, 187),
(470, 185),
(471, 185),
(472, 184),
(473, 186),
(474, 186),
(475, 186),
(476, 185),
(477, 189),
(478, 189),
(479, 186),
(480, 182),
(481, 183),
(482, 185),
(483, 189),
(484, 186),
(485, 186),
(486, 182),
(487, 186),
(488, 188),
(489, 183),
(490, 182),
(491, 182),
(492, 186),
(493, 186),
(494, 188),
(495, 184),
(496, 186),
(497, 186),
(498, 186),
(499, 186),
(500, 186),
(501, 186),
(502, 186),
(503, 186),
(504, 186),
(505, 186),
(506, 182);

-- --------------------------------------------------------

--
-- Table structure for table `ministries`
--

CREATE TABLE `ministries` (
  `id` int(11) NOT NULL,
  `name` varchar(255) NOT NULL,
  `description` text NOT NULL
) ENGINE=InnoDB DEFAULT CHARSET=utf8;

--
-- Dumping data for table `ministries`
--

INSERT INTO `ministries` (`id`, `name`, `description`) VALUES
(1, 'Ministério da Saúde', 'www.misau.gov.mz'),
(2, 'Ministério do Género, Criança e Acção Social', 'www.mmas.gov.mz'),
(3, 'Ministério do Interior', ' '),
(4, 'Ministério da Economia e Finanças', ' '),
(5, 'Ministério dos Transportes e Comunicação', 'www.mtc.gov.mz'),
(6, 'Ministério da Educação e Desenvolvimento Humano', 'www.mec.gov.mz'),
(7, 'Ministério da Cultura e Turismo', 'www.moztourism.gov.mz'),
(8, 'Ministério da Agricultura e Segurança Alimentar', 'www.minag.gov.mz'),
(9, 'Ministério do Trabalho,  Emprego e Segurança Social', 'www.mitess.gov.mz'),
(10, 'Ministério da Juventude e Desportos', 'www.mjd.gov.mz'),
(11, 'Ministério dos Negócios Estrangeiros e Cooperação', 'www.minec.gov.mz'),
(12, 'Ministério da Defesa Nacional', 'www.mdn.gov.mz'),
(13, 'Ministério da Terra, Ambiente e Desenvolvimento Rural', ' '),
(14, 'Ministério da Administração Estatal e Função Pública', 'www.mae.gov.mz'),
(15, 'Ministério do Mar, Águas Interiores e Pescas', 'www.mozpesca.gov.mz'),
(16, 'Ministério dos Recursos Minerais e Energia', 'www.mireme.gov.mz'),
(17, 'Ministério das Obras Públicas, Habitação e Recursos Hídricos', 'www.moph.gov.mz'),
(18, 'Ministério da Indústria e Comércio', 'www.mic.gov.mz'),
(19, 'Ministério da Justiça e Assuntos Constitucionais e Religiosos', 'www.minjust.gov.mz'),
(20, 'Ministério da Ciência e Tecnologia Ensino Superior e Técnico-Profissional', 'www.mctestp.gov.mz');

-- --------------------------------------------------------

--
-- Table structure for table `officer`
--

CREATE TABLE `officer` (
  `id` int(11) NOT NULL,
  `name` varchar(100) NOT NULL,
  `rank` tinyint(4) NOT NULL,
  `email` varchar(100) NOT NULL,
  `cell` varchar(20) NOT NULL,
  `psw` varchar(255) NOT NULL,
  `active` tinyint(1) NOT NULL
) ENGINE=InnoDB DEFAULT CHARSET=utf8;

--
-- Dumping data for table `officer`
--

INSERT INTO `officer` (`id`, `name`, `rank`, `email`, `cell`, `psw`, `active`) VALUES
(1, 'Oreste Parlatano', 0, 'oreste@parlatano.org', '393663165220', 'vaffax', 1),
(4, 'Stefano Marmorato', 5, 's.marmorato@gmail.com', '844457379', 'chepalle100', 1),
(5, 'Marcelino Jaime Mugai', 2, 'marcelinomugai@gmail.com', '844813980', '4628', 1),
(6, 'Alessandro Campione', 5, 'alessandro.campione@gmail.com', '0027714608456', 'saratest', 1),
(7, 'Martins Miranda Junior', 2, 'martinsmirandajunior@gmail.com', '847460932', 'maju98', 1),
(8, 'Nathan', 5, 'nathan.floor@gmail.com', '27795922831', 'P4ssw0rd', 1),
(9, 'Vânia da Mira Afonso', 5, 'miravania12@gmail.com', '826237721', 'Vafonso123', 1),
(10, 'Adelino Pedro Covane', 2, 'aacovane@gmail.com', '823814090', 'Covane123', 1),
(11, 'Jose', 5, 'chauquejose@gmail.com', '826884371', 'maputo21', 1),
(13, 'Zainabe Dadá', 2, 'zainabedada@gmail.com', '824067368', 'zdada@SARA', 1),
(14, 'Ivan Pinto', 5, 'Ivan.pinto99@gmail.com', '849130017', 'JembiMoasis2017', 1),
(15, 'Francisco Filipe Macuacua ', 2, 'francisco.macuacua@gmail.com', '848748558', 'chatisse', 1),
(17, 'paulo', 5, 'psmatsinhe@gmail.com', '848995999', 'a', 1),
(18, 'Joao Machiana', 5, 'joaomachiana@gmail.com', '827541530', '827541530', 1),
(19, 'Frenque Sérgio Sitóe', 5, 'frenques.sitoe@gmail.com', '845085848', 'Fl0wzzy0', 1),
(21, 'jose chauque', 5, 'chauquejose@gmail.com', '826884371', 'maputo21', 1);

-- --------------------------------------------------------

--
-- Table structure for table `personnel`
--

CREATE TABLE `personnel` (
  `id` int(11) NOT NULL,
  `code` varchar(5) NOT NULL,
  `name` varchar(255) NOT NULL
) ENGINE=InnoDB DEFAULT CHARSET=utf8;

--
-- Dumping data for table `personnel`
--

INSERT INTO `personnel` (`id`, `code`, `name`) VALUES
(1, '01_00', 'Médicos generalistas (não especialistas)'),
(2, '02_00', 'Médicos especialistas'),
(3, '02_01', 'Pediatra'),
(4, '02_02', 'Médico internista'),
(5, '02_03', 'Cirurgião'),
(6, '02_04', 'Ginecologista e Obstetra'),
(7, '02_05', 'Oftalmologista'),
(8, '02_06', 'Otorrinolaringologista (Otorrino)'),
(9, '02_07', 'Neurologista'),
(10, '02_08', 'Dentista'),
(11, '02_09', 'Psicólogo clínico '),
(12, '02_10', 'Psiquiatra'),
(13, '02_11', 'Outros'),
(14, '03_00', 'Enfermeiro'),
(15, '04_00', 'Enfermeiro pediátrico'),
(16, '05_00', 'Enfermeira SMI'),
(17, '06_00', 'Técnico de cirurgia'),
(18, '07_00', 'Farmacêutico'),
(19, '08_00', 'Paramédicos'),
(20, '09_00', 'Técnico de odontoestomatologia A'),
(21, '10_00', 'Fisioterapeuta'),
(22, '11_00', 'Técnico de oftalmologia'),
(23, '12_00', 'Técnicos de laboratório e microscopistas'),
(24, '13_00', 'Técnico de radiologia, radioterapia, eletrocardiografia e electromedicina, imagiologia'),
(25, '14_00', 'Técnico de próteses'),
(26, '15_00', 'Gestores de serviços de saúde (administração hospitalar, planificação, estatística, orçamentação e economia)'),
(27, '16_00', 'Outros profissionais de áreas de apoio (informática, acção social, construção, manutenção, pedagogia, etc.)'),
(28, '17_00', 'Técnico de medicina geral'),
(29, '18_00', 'Técnico de medicina preventiva'),
(30, '19_00', 'Técnico médio especializado'),
(31, '20_00', 'Enfermeira de SMI'),
(32, '21_00', 'Enfermeiro geral'),
(33, '22_00', 'Técnico de laboratório e microscopistas'),
(34, '23_00', 'Técnico de cirurgia'),
(35, '24_00', 'Paramédicos'),
(36, '25_00', 'Técnico de odontoestomatologia'),
(37, '26_00', 'Técnico de oftalmologia'),
(38, '27_00', 'Técnico de radiologia, radioterapia, eletrocardiografia e electromedicina, imagiologia'),
(39, '28_00', 'Técnico de próteses'),
(40, '29_00', 'Técnico de farmácia'),
(41, '30_00', 'Técnico de fisioterapia'),
(42, '31_00', 'Técnicos em administração hospitalar, planificação, estatística, orçamentação e economia'),
(43, '32_00', 'Outros profissionais de áreas de apoio (informática, acção social, construção, manutenção, pedagogia, etc.)'),
(44, '33_00', 'PROFISSIONAIS DE SAÚDE DE NÍVEL BÁSICO'),
(45, '34_00', 'Enfermeira de SMI'),
(46, '35_00', 'Enfermeiro'),
(47, '36_00', 'Agente de medicina curativa'),
(48, '37_00', 'Agente de medicina preventiva'),
(49, '38_00', 'Agente de farmácia'),
(50, '39_00', 'Agente de laboratório e microscopistas'),
(51, '40_00', 'Agentes e auxiliares de odontoestomatologia'),
(52, '41_00', 'Paramédico'),
(53, '42_00', 'Técnico de oftalmologia'),
(54, '43_00', 'Agentes de radiologia, radioterapia, eletrocardiografia e electromedicina'),
(55, '44_00', 'Técnico de próteses'),
(56, '45_00', 'Técnico de fisioterapia '),
(57, '46_00', 'Técnicos em administração hospitalar, planificação, estatística, orçamentação e economia'),
(58, '47_00', 'Outros profissionais de áreas de apoio (informática, acção social, construção, manutenção, pedagogia, etc.)'),
(59, '48_00', 'Enfermeiro de nível elementar'),
(60, '49_00', 'Parteira elementar'),
(61, '50_00', 'Agentes polivalentes elementares (APE)'),
(62, '51_00', 'Outros');

-- --------------------------------------------------------

--
-- Table structure for table `units`
--

CREATE TABLE `units` (
  `id` int(11) NOT NULL,
  `name` varchar(255) NOT NULL,
  `short_name` varchar(10) DEFAULT NULL,
  `valid` tinyint(4) NOT NULL DEFAULT '2' COMMENT '0 = deleted (violet), 1 = stand-by (blue), 2 = not validated (red), 3 = validated (green)'
) ENGINE=InnoDB DEFAULT CHARSET=utf8;

--
-- Dumping data for table `units`
--

INSERT INTO `units` (`id`, `name`, `short_name`, `valid`) VALUES
(1, 'Hospital Provincial de Pemba HP', NULL, 2),
(2, 'B. Cariacó CS III', NULL, 2),
(3, 'B. Ingonane CSURB', NULL, 2),
(4, 'Natite CSURB', NULL, 2),
(5, 'B. Cimento CSURB', NULL, 2),
(6, 'B. Eduardo Mondlane PS', NULL, 2),
(7, 'Mahate CSURB', NULL, 2),
(8, 'B. Muxara PS', NULL, 2),
(9, 'Centro de Saude de Paquite', NULL, 2),
(10, 'Chuiba PSA', NULL, 2),
(11, 'Ancuabe CS I', NULL, 2),
(12, 'Mariri PS', NULL, 2),
(13, 'Metoro CS III', NULL, 2),
(14, 'Meza CS III', NULL, 2),
(15, 'Minhewene PS', NULL, 2),
(16, 'Ntutupue CS II', NULL, 2),
(17, 'Ngewe PS', NULL, 2),
(18, 'Nacuale CS II', NULL, 2),
(19, 'Balama CS I', NULL, 2),
(20, 'Impiri CS III', NULL, 2),
(21, 'Kuekué CS III', NULL, 2),
(22, 'Mavala PS', NULL, 2),
(23, 'Ntete PS', NULL, 2),
(24, 'Metata PS', NULL, 2),
(25, 'Murripa CS II', NULL, 2),
(26, 'Muapé CS II', NULL, 2),
(27, 'Chiúre HD', NULL, 2),
(28, 'Chiúre-Velho CS II', NULL, 2),
(29, 'PS Bilibiza', NULL, 2),
(30, 'Catapua CS III', NULL, 2),
(31, 'Mazeze PS', NULL, 2),
(32, 'Ocúa CS III', NULL, 2),
(33, 'M\'Mala PS', NULL, 2),
(34, 'Namogelia CS II', NULL, 2),
(35, 'Posto de Saude de Muege', NULL, 2),
(36, 'Nakoto CS II', NULL, 2),
(37, 'Samora Machel CS II', NULL, 2),
(38, 'Marera CS II', NULL, 2),
(39, 'Ibo CS II', NULL, 2),
(40, 'Matemo PS', NULL, 2),
(41, 'Quirimbas CS I', NULL, 2),
(42, 'Mucojo CS III', NULL, 2),
(43, 'Quiterajo PS', NULL, 2),
(44, 'Nguida PS', NULL, 2),
(45, 'Macomia CS I', NULL, 2),
(46, 'Naunde CS II', NULL, 2),
(47, 'Piqueue CS II', NULL, 2),
(48, 'Chai CS III', NULL, 2),
(49, 'Mecufi CS I', NULL, 2),
(50, 'Murrebue CS II', NULL, 2),
(51, 'Centro de Saude de Natuco', NULL, 2),
(52, 'Ngoma CS II', NULL, 2),
(53, 'Muaguide CS III', NULL, 2),
(54, 'Meluco CS I', NULL, 2),
(55, 'Minhanha CS III', NULL, 2),
(56, 'Mbanda CS III', NULL, 2),
(57, 'Ravia CS II', NULL, 2),
(58, 'Mocímboa Praia HR', NULL, 2),
(59, 'CS Milamba', NULL, 2),
(60, 'Quelimane CS II', NULL, 2),
(61, 'Mbau PS', NULL, 2),
(62, 'Diaca CS III', NULL, 2),
(63, 'Mangoma CS II', NULL, 2),
(64, 'Nanduadua CSURB', NULL, 2),
(65, 'Montepuez HR', NULL, 2),
(66, 'Mirate CS III', NULL, 2),
(67, 'Linde PS', NULL, 2),
(68, 'Nairoto PS', NULL, 2),
(69, 'Namanhumbire CSURB', NULL, 2),
(70, 'Namueto CS III', NULL, 2),
(71, 'Nropa PS', NULL, 2),
(72, 'Mapupulo PS', NULL, 2),
(73, 'Montepuez CSURB', NULL, 2),
(74, 'Niuhula CSURB', NULL, 2),
(75, 'Ntapata CS II', NULL, 2),
(76, 'CS Nandimba', NULL, 2),
(77, 'Chuti CS II (iPSL 398383)', NULL, 2),
(78, 'Mueda HR ', NULL, 2),
(79, 'Chilinde PS', NULL, 2),
(80, 'M\'Peme CS III', NULL, 2),
(81, 'Chapa PS', NULL, 2),
(82, 'Namatil PS', NULL, 2),
(83, 'Posto de Saude de Negomano', NULL, 2),
(84, 'N\'Gapa CS III', NULL, 2),
(85, 'Mbuo CS III', NULL, 2),
(86, 'Muambula CS II', NULL, 2),
(87, 'Chitunda PS', NULL, 2),
(88, 'Muatide CS II', NULL, 2),
(89, 'Miteda PS', NULL, 2),
(90, 'Miangalewa CS II', NULL, 2),
(91, 'Namacande PS', NULL, 2),
(92, 'Ntchinga CS II', NULL, 2),
(93, 'Namuno CS I', NULL, 2),
(94, 'Hocula PS', NULL, 2),
(95, 'Machoca CS III', NULL, 2),
(96, 'Meloco CS III', NULL, 2),
(97, 'Centro de Saude de Nanrapa', NULL, 2),
(98, 'Ncumbe CS III', NULL, 2),
(99, 'Papai CS III', NULL, 2),
(100, 'Nicuita CS II', NULL, 2),
(101, 'Namacaca CS II', NULL, 2),
(102, 'Nangade CS II', NULL, 2),
(103, 'N\'Tamba CS III', NULL, 2),
(104, 'N\'Toli CS III', NULL, 2),
(105, 'Nkonga CS', NULL, 2),
(106, 'Muhia CS II', NULL, 2),
(107, 'Palma CS II', NULL, 2),
(108, 'CS Mute', NULL, 2),
(109, 'Olumbe CS III', NULL, 2),
(110, 'Maganja PSA', NULL, 2),
(111, 'Pundanhari PS', NULL, 2),
(112, 'Centro de Saude de Quionga', NULL, 2),
(113, 'Metuge CS I', NULL, 2),
(114, 'Mieze CS II', NULL, 2),
(115, 'Nacuta PS', NULL, 2),
(116, 'Nanlia CS II', NULL, 2),
(117, 'Ntessa CS II', NULL, 2),
(118, 'Quissanga CS II', NULL, 2),
(119, 'Cagembe PS', NULL, 2),
(120, 'Mahate CS II', NULL, 2),
(121, 'Namaluco PSA', NULL, 2),
(122, 'Bilibiza CS III', NULL, 2),
(123, 'Tororo CS III', NULL, 2),
(124, 'Nacoba CS', NULL, 2),
(125, 'Instituto: Centro de Formação de Saúde de Pemba', NULL, 2),
(126, 'Instituto: Instituto de Ciências de Saúde de Pemba', NULL, 2),
(127, 'Instituto: Centro de Formação de Saúde de Moçimboa de Praia', NULL, 2),
(128, 'DPM CABO DELGADO', NULL, 2),
(129, 'Instituto: Centro de Formação de Saúde de Montepuez', NULL, 2),
(130, 'Centro de Saude de Muidumbe', NULL, 2),
(131, 'Chigubo PS', NULL, 2),
(132, 'Saaj Xai Xai CS', NULL, 2),
(133, 'Manjacaze', NULL, 2),
(134, 'Unidade 7 CS III', NULL, 2),
(135, 'Macia CS II', NULL, 2),
(136, 'Incaia PS', NULL, 2),
(137, 'Chibuto CSURB', NULL, 2),
(138, 'Mocotuene CS II', NULL, 2),
(139, 'Nhanale PS', NULL, 2),
(140, 'Chókwè CSURB', NULL, 2),
(141, 'Chimbembe PS', NULL, 2),
(142, 'Chinhacanine PS', NULL, 2),
(143, 'Manjacaze HR', NULL, 2),
(144, 'Ndolene CS II', NULL, 2),
(145, 'Manjacaze CS', NULL, 2),
(146, 'Chidenguele PS', NULL, 2),
(147, 'Mavue PSA', NULL, 2),
(148, 'Maciene CS II', NULL, 2),
(149, 'Siaia PS', NULL, 2),
(150, 'Posto de Saude Ndambine 2000', NULL, 2),
(151, 'Coca Mussava CS II', NULL, 2),
(152, 'Chigudela CS II', NULL, 2),
(153, 'Zuza CS II', NULL, 2),
(154, 'Chibabel Novo CS II', NULL, 2),
(155, 'Hospital Provincial de Xai-Xai HP', NULL, 2),
(156, 'Maivene PS', NULL, 2),
(157, 'Meboi CS II', NULL, 2),
(158, 'Saute CS II', NULL, 2),
(159, 'Cubo CS', NULL, 2),
(160, 'Carmelo CS', NULL, 2),
(161, 'Chiaquelane PSA', NULL, 2),
(162, 'Mubanguene PSA', NULL, 2),
(163, 'Macunene CS II', NULL, 2),
(164, '6 Bairro CS II', NULL, 2),
(165, 'DPM GAZA', NULL, 2),
(166, 'Chinhequete CS II', NULL, 2),
(167, 'Centro de Saude de Muboi', NULL, 2),
(168, 'Centro de Saude Mariem Ngoabi', NULL, 2),
(169, 'Posto de Saude de Marien Nguabi B', NULL, 2),
(170, 'Xai-Xai CS', NULL, 2),
(171, 'Centro de Saude Patrice Lumumba', NULL, 2),
(172, 'Praia Xai-Xai PS', NULL, 2),
(173, 'Praia de Bilene PS', NULL, 2),
(174, 'Mamonho PS', NULL, 2),
(175, 'Chissano PS', NULL, 2),
(176, 'Licilo PS', NULL, 2),
(177, 'Mazivila PS', NULL, 2),
(178, 'Messano PS', NULL, 2),
(179, 'Olombe PS', NULL, 2),
(180, 'Tuane PS', NULL, 2),
(181, 'Mangol PSA', NULL, 2),
(182, 'Chibuto HR', NULL, 2),
(183, 'Posto de Saude de Maqueze', NULL, 2),
(184, 'Vila Milénio CS II', NULL, 2),
(185, 'Célula Missavene CS II', NULL, 2),
(186, 'Alto Changane PS', NULL, 2),
(187, 'Chipadja PS', NULL, 2),
(188, 'Malehice CS III', NULL, 2),
(189, 'Muxaxane PS', NULL, 2),
(190, 'Chaimite PS', NULL, 2),
(191, 'Centro de Saude de Chimundo', NULL, 2),
(192, 'Centro de Saude de Nhavaquene', NULL, 2),
(193, 'Centro de Saude de Changanine', NULL, 2),
(194, 'Chidulo PSA', NULL, 2),
(195, 'Mahatlane PSA', NULL, 2),
(196, 'Mapai CS III', NULL, 2),
(197, 'Mapai-Ngala PS', NULL, 2),
(198, 'Mepúzi PS', NULL, 2),
(199, 'Phafuri PS', NULL, 2),
(200, 'Litlatla PSA', NULL, 2),
(201, 'Chicualacuala CS II', NULL, 2),
(202, 'Zinhane PS', NULL, 2),
(203, 'Dindiza PSA', NULL, 2),
(204, 'Machaíla PSA', NULL, 2),
(205, 'Chókwè HR', NULL, 2),
(206, 'Manjangue (Barragem) CS II', NULL, 2),
(207, '25 de Setembro CS II', NULL, 2),
(208, 'Muianga PS', NULL, 2),
(209, 'Mapapa PS', NULL, 2),
(210, 'N\'Wachicolane PS', NULL, 2),
(211, 'Tlhawene PSA', NULL, 2),
(212, 'Machua PSA', NULL, 2),
(213, 'Cumba PS', NULL, 2),
(214, 'Chalocuane CS II', NULL, 2),
(215, 'Hókwè PS', NULL, 2),
(216, 'Conhane PS', NULL, 2),
(217, 'Chilembene PS', NULL, 2),
(218, 'Lionde PS', NULL, 2),
(219, 'Massavasse PSA', NULL, 2),
(220, 'Posto de Saude de Malhazine', NULL, 2),
(221, 'Mbalavala CS', NULL, 2),
(222, 'Guijá CS', NULL, 2),
(223, 'Nalazy PS', NULL, 2),
(224, 'Chivonguene PSA', NULL, 2),
(225, 'Mpelane PS', NULL, 2),
(226, 'Chibabel PS', NULL, 2),
(227, 'Macarale PSA', NULL, 2),
(228, 'Mabalane CS II', NULL, 2),
(229, 'Combomune PS', NULL, 2),
(230, 'Mabomo PSA', NULL, 2),
(231, 'Nhimbainwe B PS', NULL, 2),
(232, 'Tsocate PS', NULL, 2),
(233, 'Pfúkwè PSA', NULL, 2),
(234, 'Dengoine CS III', NULL, 2),
(235, 'Betula PS', NULL, 2),
(236, 'Mussavelane PS', NULL, 2),
(237, 'Banguene PS', NULL, 2),
(238, 'Chibonzane PS', NULL, 2),
(239, 'Macuácua CS III', NULL, 2),
(240, 'Macupulane PS', NULL, 2),
(241, 'Mangunze PS', NULL, 2),
(242, 'Manhique PS', NULL, 2),
(243, 'Muzamane PS', NULL, 2),
(244, 'Cucuine PS', NULL, 2),
(245, 'Matsinhane PS', NULL, 2),
(246, 'Mausse PS', NULL, 2),
(247, 'Laranjeiras PSA', NULL, 2),
(248, 'Tavane CS II', NULL, 2),
(249, 'Chicavane PS', NULL, 2),
(250, 'Centro de Saude de Incadine', NULL, 2),
(251, 'Centro de Saude de Macasselane', NULL, 2),
(252, 'Massagena CS II', NULL, 2),
(253, 'Mucambene PSA', NULL, 2),
(254, 'Massingir CS II', NULL, 2),
(255, 'Zulo PS', NULL, 2),
(256, 'Chibotane PSA', NULL, 2),
(257, 'Cubo PS', NULL, 2),
(258, 'Machamba PSA', NULL, 2),
(259, 'Mavodze PSA', NULL, 2),
(260, 'Mucatine PS', NULL, 2),
(261, 'Posto de Saude de Macaringue', NULL, 2),
(262, 'Chicumbane HR', NULL, 2),
(263, 'Banhine PS', NULL, 2),
(264, 'Chilaulene PS', NULL, 2),
(265, 'Chipenhe PS', NULL, 2),
(266, 'Chongoene CS III', NULL, 2),
(267, 'Inhacutse PS', NULL, 2),
(268, 'Julius Nyerere PS', NULL, 2),
(269, 'Zonguene PS', NULL, 2),
(270, 'Vladimir Lénine PS', NULL, 2),
(271, 'Nhamavila PS', NULL, 2),
(272, 'Bungane PSA', NULL, 2),
(273, 'Posto de Saude de Zimilene', NULL, 2),
(274, 'Centro de Formação de Saúde de Chicumbane', NULL, 2),
(275, 'Mucoduene CS', NULL, 2),
(276, 'Centro de Saude Urbano', NULL, 2),
(277, 'Salela PS', NULL, 2),
(278, 'Funhalouro CS II', NULL, 2),
(279, 'Tsenane CS', NULL, 2),
(280, 'Maluvane PS', NULL, 2),
(281, 'Mafuiane PS', NULL, 2),
(282, 'Centro de Saude  de Nhapadiane', NULL, 2),
(283, 'Papatane CS II', NULL, 2),
(284, 'Centro de Saude  de Maculuva', NULL, 2),
(285, 'Benzane CS III', NULL, 2),
(286, 'Murie PS', NULL, 2),
(287, 'Chituane CS', NULL, 2),
(288, 'Agostinho  Neto CS III', NULL, 2),
(289, 'Morrumbene CS I', NULL, 2),
(290, 'Maivene PS', NULL, 2),
(291, 'Inhassune CS II', NULL, 2),
(292, 'Zandamela CS III', NULL, 2),
(293, 'Quissico - Zavala CS I', NULL, 2),
(294, 'Centro de Formação de Saúde de Massinga', NULL, 2),
(295, 'Hospital Provincial de Inhambane HP', NULL, 2),
(296, 'Conguina PS', NULL, 2),
(297, 'Muelé PS', NULL, 2),
(298, 'Chimunda', NULL, 2),
(299, 'Nova Mambone CS I', NULL, 2),
(300, 'Homoine CS I', NULL, 2),
(301, 'Centro de Saude  de Maganda', NULL, 2),
(302, 'Ligogo CS II', NULL, 2),
(303, 'Nhacoja CS II', NULL, 2),
(304, 'Massavane CS II', NULL, 2),
(305, 'Massinga CS I', NULL, 2),
(306, 'Centro de Saúde de Muchungo', NULL, 2),
(307, 'Chicuque HR', NULL, 2),
(308, 'Centro de Saude de Chicuque', NULL, 2),
(309, 'Cuguana CS', NULL, 2),
(310, 'Macuamene CS', NULL, 2),
(311, 'Manhala CS', NULL, 2),
(312, 'Quequere PS', NULL, 2),
(313, 'Centro de Saude de Sede', NULL, 2),
(314, 'Chibuene PS', NULL, 2),
(315, 'Macunhe CS', NULL, 2),
(316, 'Maculuve PSA', NULL, 2),
(317, 'Canda PSA', NULL, 2),
(318, 'Inhambane Cidade CSURB', NULL, 2),
(319, 'Mucumbe PSA', NULL, 2),
(320, 'Instituto: Centro de Formação de Saúde de Inhambane', NULL, 2),
(321, 'DPM INHAMBANE', NULL, 2),
(322, 'Mavume PS', NULL, 2),
(323, 'Guiúa PSA', NULL, 2),
(324, 'Cruzamento CS III', NULL, 2),
(325, 'Ilha de Inhambane PS', NULL, 2),
(326, 'Tomé PS', NULL, 2),
(327, 'Manhiça PS', NULL, 2),
(328, 'Doane PS', NULL, 2),
(329, 'Pande PS', NULL, 2),
(330, 'Save PS', NULL, 2),
(331, 'Jofane PS', NULL, 2),
(332, 'Luido PSA', NULL, 2),
(333, 'Chinjinguir PS', NULL, 2),
(334, 'Maiaice PS', NULL, 2),
(335, 'Marrengo PS', NULL, 2),
(336, 'Pembe PS', NULL, 2),
(337, 'Posto de Saude de Inhamussua', NULL, 2),
(338, 'Inhamangua CS', NULL, 2),
(339, 'Chacane CS III', NULL, 2),
(340, 'Chongola CS III', NULL, 2),
(341, 'Inharrime CS I', NULL, 2),
(342, 'Centro de Saude  de Mejoote', NULL, 2),
(343, 'Mocumbi CS III', NULL, 2),
(344, 'Posto de Saude de Coguno', NULL, 2),
(345, 'Inhassoro CS I', NULL, 2),
(346, 'Macovane PS', NULL, 2),
(347, 'Bazaruto PS', NULL, 2),
(348, 'Centro de Saude  de Mangungumete', NULL, 2),
(349, 'Cometela CS II', NULL, 2),
(350, 'Inhapele CS II', NULL, 2),
(351, 'Cumbana CS III', NULL, 2),
(352, 'Jangamo CS II', NULL, 2),
(353, 'Mutamba PS', NULL, 2),
(354, 'Ravene PS', NULL, 2),
(355, 'Mabote CS II', NULL, 2),
(356, 'Mussengue CS III', NULL, 2),
(357, 'Zimane PSA', NULL, 2),
(358, 'Tanguane PSA', NULL, 2),
(359, 'Massinga Hospital Distrital', NULL, 2),
(360, 'Nhachengue PS', NULL, 2),
(361, 'Centro de Saude  de Balata', NULL, 2),
(362, 'Cangela PS', NULL, 2),
(363, 'Mangonha PS', NULL, 2),
(364, 'Muvamba PS', NULL, 2),
(365, 'Rio Das Pedras PS', NULL, 2),
(366, 'Inhaloi PS', NULL, 2),
(367, 'Chicomo PS', NULL, 2),
(368, 'Chiunze CS', NULL, 2),
(369, 'Maxixe (Urbano) CS III', NULL, 2),
(370, 'Dambo CS III', NULL, 2),
(371, 'Tinga-Tinga PSA', NULL, 2),
(372, 'Bembe PSA', NULL, 2),
(373, 'Centro de Saude de Mabil', NULL, 2),
(374, 'Cambine PS', NULL, 2),
(375, 'Mahangue PS', NULL, 2),
(376, 'Sitila CS III', NULL, 2),
(377, 'Matacalane CS III', NULL, 2),
(378, 'Mucodoene CS III', NULL, 2),
(379, 'Centro de Saude de Massalane', NULL, 2),
(380, 'Mawayela PS', NULL, 2),
(381, 'Panda CS II', NULL, 2),
(382, 'Vilanculos HR', NULL, 2),
(383, 'Belane PS', NULL, 2),
(384, 'Mapinhane PS', NULL, 2),
(385, 'Pambarra CS III', NULL, 2),
(386, 'Machaniça PS', NULL, 2),
(387, 'Muapse PS', NULL, 2),
(388, 'Quewewne PS', NULL, 2),
(389, 'Banguza PS', NULL, 2),
(390, 'Guilundo PS', NULL, 2),
(391, 'Cala (Chambula) PS', NULL, 2),
(392, 'Maundene PS', NULL, 2),
(393, 'Mavila PS', NULL, 2),
(394, 'Muane PSA', NULL, 2),
(395, 'Hospital Distrital de Manhiça', NULL, 2),
(396, 'Mungaine PSA', NULL, 2),
(397, 'Michafutene CS', NULL, 2),
(398, 'Mahel PS', NULL, 2),
(399, 'Moi Hospital (CS da Policia)', NULL, 2),
(400, 'Gaiato PS', NULL, 2),
(401, 'Matola Gare PS', NULL, 2),
(402, 'Goba PS', NULL, 2),
(403, 'Ressano Garcia CS II', NULL, 2),
(404, 'Changalane PS', NULL, 2),
(405, 'Namaacha CS I', NULL, 2),
(406, 'Centro de Saude de Corrumane', NULL, 2),
(407, 'Taninga PS', NULL, 2),
(408, 'Chinhanguanine PSA', NULL, 2),
(409, 'Mahubo PS', NULL, 2),
(410, 'Mapulanguene PSA', NULL, 2),
(411, 'Tenga PS', NULL, 2),
(412, 'Ilha Josina PS', NULL, 2),
(413, 'Zitundo PS', NULL, 2),
(414, 'Boane HD', NULL, 2),
(415, 'Machubo PS', NULL, 2),
(416, 'Motaze PS', NULL, 2),
(417, 'Hindane PSA', NULL, 2),
(418, 'Kulula PS', NULL, 2),
(419, 'Matola-Rio PS', NULL, 2),
(420, 'Centro de Saude de Mulotana', NULL, 2),
(421, 'Beleluane PS', NULL, 2),
(422, 'Maluana CS III', NULL, 2),
(423, 'Catuane PS', NULL, 2),
(424, 'Chicutso PS', NULL, 2),
(425, 'Matola II CS III', NULL, 2),
(426, 'Matutúine CS I', NULL, 2),
(427, 'Centro de Saude de Moine', NULL, 2),
(428, 'Machava II CS', NULL, 2),
(429, 'Centro de Saúde de Mirrone', NULL, 2),
(430, 'Mabilibili PS', NULL, 2),
(431, 'Mahelane PS', NULL, 2),
(432, 'Centro de Saude de Chibucutso', NULL, 2),
(433, 'Ricatla PS', NULL, 2),
(434, 'Pessene PS', NULL, 2),
(435, 'Marracuene CS I', NULL, 2),
(436, 'Panjane PS', NULL, 2),
(437, 'Campuane PS', NULL, 2),
(438, 'Matola I CSURB', NULL, 2),
(439, 'Ndlavela PSA', NULL, 2),
(440, 'Magude CS I', NULL, 2),
(441, '3 de Fevereiro PS', NULL, 2),
(442, 'Manhiça CS I', NULL, 2),
(443, 'Maragra CS III', NULL, 2),
(444, 'Munguine PS', NULL, 2),
(445, 'Centro de Saude de Xinavane', NULL, 2),
(446, 'Matalane PS', NULL, 2),
(447, 'Centro de Saude de Msime', NULL, 2),
(448, 'Centro de Saude de Ndelane', NULL, 2),
(449, 'Manhangane PSA', NULL, 2),
(450, 'Centro de Saude de Didinawane', NULL, 2),
(451, 'Mafuiane PS', NULL, 2),
(452, 'Malavela PS', NULL, 2),
(453, 'Mahulane PS', NULL, 2),
(454, 'Sabié PS', NULL, 2),
(455, 'Massaca PS', NULL, 2),
(456, 'Picoco PS', NULL, 2),
(457, 'Liberdade CSURB', NULL, 2),
(458, 'Calanga PS', NULL, 2),
(459, 'Whamatibjana (Palmeira) CS III / Nwamatibjana', NULL, 2),
(460, 'Ponta de Ouro PS', NULL, 2),
(461, 'Salamanga PS', NULL, 2),
(462, 'Moamba CS I', NULL, 2),
(463, 'Machava HG', NULL, 2),
(464, 'Boquisso PS', NULL, 2),
(465, 'Centro de Saude de Machava-Bedene', NULL, 2),
(466, 'Komgolote PSA / CS Khongolote', NULL, 2),
(467, 'Unidade A PS', NULL, 2),
(468, 'Santa Maria CS', NULL, 2),
(469, 'Gueveza PSA', NULL, 2),
(470, 'Mumemo PSA', NULL, 2),
(471, 'Nhongonhane (Ed.Mondl.) PSA', NULL, 2),
(472, 'Xinavane HR', NULL, 2),
(473, 'Muhalaze CS', NULL, 2),
(474, 'Machava 1 CS', NULL, 2),
(475, 'Tsalala CS', NULL, 2),
(476, 'Mali CS', NULL, 2),
(477, 'Odete Mechisso CS', NULL, 2),
(478, 'Mundavene CS II', NULL, 2),
(479, 'Servico Civico PS', NULL, 2),
(480, 'Mabanja CS', NULL, 2),
(481, 'Facazissa CS', NULL, 2),
(482, 'Habel Jafar CS', NULL, 2),
(483, 'Wamongo CS', NULL, 2),
(484, 'DPM MAPUTO PROVINCIA', NULL, 2),
(485, 'Hospital Provincial da Matola', NULL, 2),
(486, 'Mahanhane CS II', NULL, 2),
(487, 'São Damanso CS II', NULL, 2),
(488, 'Ngodloza CS II', NULL, 2),
(489, 'Chichuco CS', NULL, 2),
(490, 'Centro de Saúde Josina Machel', NULL, 2),
(491, 'Posto de Saude de Aguas de Maputo', NULL, 2),
(492, 'Posto de Saúde de Bo-Machava', NULL, 2),
(493, 'Posto de Saúde de Cadeia Central', NULL, 2),
(494, 'Posto de Saúde de Chanculo', NULL, 2),
(495, 'Posto de Saúde de Chibututuine', NULL, 2),
(496, 'Posto de Saúde de Cimentos', NULL, 2),
(497, 'Posto de Saúde de Clinica Da Liberdade', NULL, 2),
(498, 'Posto de Saúde de Clinica Da Matola', NULL, 2),
(499, 'Posto de Saúde de Dzovo', NULL, 2),
(500, 'Posto de Saúde de Fomento', NULL, 2),
(501, 'Posto de Saúde de Hanhane', NULL, 2),
(502, 'Posto de Saúde de Km-25', NULL, 2),
(503, 'Posto de Saúde de Mapinhane', NULL, 2),
(504, 'Posto de Saúde de T.3', NULL, 2),
(505, 'Posto de Saúde de Zona Verde', NULL, 2),
(506, 'Posto de Saude Pequenos Libombos', NULL, 2);

-- --------------------------------------------------------

--
-- Table structure for table `units_coord`
--

CREATE TABLE `units_coord` (
  `id_unit` int(11) NOT NULL,
  `lat` float NOT NULL,
  `lon` float NOT NULL,
  `alt` int(11) DEFAULT NULL
) ENGINE=InnoDB DEFAULT CHARSET=utf8;

--
-- Dumping data for table `units_coord`
--

INSERT INTO `units_coord` (`id_unit`, `lat`, `lon`, `alt`) VALUES
(1, -12.9658, 40.4953, 0),
(2, -12.9631, 40.5172, 0),
(3, -12.9532, 40.501, 0),
(4, -12.9619, 40.5093, 0),
(5, -12.9635, 40.4933, 0),
(6, -12.9711, 40.5533, 0),
(7, -13.0192, 40.5293, 0),
(8, -13.0597, 40.525, 0),
(9, -12.9625, 40.4867, 0),
(10, -13.0225, 40.5656, 0),
(11, -12.9672, 39.8572, 0),
(12, -13.0917, 39.5931, 0),
(13, -13.105, 39.8742, 0),
(14, -13.0319, 39.5522, 0),
(15, -12.9939, 39.4675, 0),
(16, -13.1398, 40.0563, 0),
(17, -12.8603, 39.9492, 0),
(18, -12.9642, 39.6942, 0),
(19, -13.3482, 38.5669, 0),
(20, -13.3778, 38.3703, 0),
(21, -13.5469, 38.4244, 0),
(22, -13.2261, 38.4806, 0),
(23, -13.4286, 38.5947, 0),
(24, -13.2733, 38.6361, 0),
(25, -13.4613, 38.6908, 0),
(26, -13.3276, 38.7324, 0),
(27, -13.3825, 39.7844, 0),
(28, -13.3728, 39.9681, 0),
(29, -13.6745, 39.4442, 0),
(30, -13.3975, 39.4317, 0),
(31, -13.3594, 40.1936, 0),
(32, -13.6464, 39.7933, 0),
(33, -13.4839, 39.915, 0),
(34, -12.5638, 40.285, 0),
(35, -13.3294, 40.1008, 0),
(36, -13.3493, 39.7369, 0),
(37, -13.6498, 39.6465, 0),
(38, -13.5704, 39.9348, 0),
(39, -12.3436, 40.5847, 0),
(40, -12.2035, 40.6079, 0),
(41, -12.4072, 40.5975, 0),
(42, -12.0683, 40.4778, 0),
(43, -11.7514, 40.4314, 0),
(44, -12.1427, 39.9719, 0),
(45, -12.2461, 40.1256, 0),
(46, -12.1667, 40.4749, 0),
(47, -11.8831, 40.4711, 0),
(48, -11.9311, 40.1075, 0),
(49, -13.2908, 40.5552, 0),
(50, -13.2907, 40.5555, 0),
(51, -13.4164, 40.5267, 0),
(52, -13.2345, 40.5462, 0),
(53, -12.4589, 40.0292, 0),
(54, -12.5403, 39.6409, 0),
(55, -12.2775, 39.6644, 0),
(56, -12.3964, 40.1075, 0),
(57, -12.6431, 39.3828, 0),
(58, -11.3495, 40.3586, 0),
(59, -11.3459, 40.3581, 0),
(60, -11.2308, 40.2729, 0),
(61, -11.6269, 40.1778, 0),
(62, -11.5358, 39.9367, 0),
(63, -11.3878, 40.2213, 0),
(64, -11.3495, 40.3516, 0),
(65, -13.1266, 38.9991, 0),
(66, -12.9681, 38.8011, 0),
(67, -13.3139, 38.9465, 0),
(68, -12.5511, 39.0019, 0),
(69, -13.0368, 39.2811, 0),
(70, -13.1311, 39.0356, 0),
(71, -13.1886, 38.7431, 0),
(72, -13.2233, 38.8808, 0),
(73, -13.2232, 38.8809, 0),
(74, -13.1091, 39.0026, 0),
(75, -13.3619, 38.8008, 0),
(76, -11.588, 39.5441, 0),
(77, -11.6655, 39.5556, 0),
(78, -11.663, 39.5539, 0),
(79, -11.2958, 39.4422, 0),
(80, -11.6003, 39.6842, 0),
(81, -11.8225, 39.4167, 0),
(82, -11.1153, 39.4739, 0),
(83, -11.4252, 38.4897, 0),
(84, -11.3058, 39.3103, 0),
(85, -11.53, 39.7186, 0),
(86, -11.8237, 39.8124, 0),
(87, -11.7053, 39.9856, 0),
(88, -11.76, 39.8053, 0),
(89, -11.7614, 39.7356, 0),
(90, -11.828, 40.0743, 0),
(91, -11.7794, 39.9006, 0),
(92, -11.7343, 39.8905, 0),
(93, -13.6186, 38.8161, 0),
(94, -13.83, 39.1228, 0),
(95, -13.9653, 38.8056, 0),
(96, -13.4744, 39.1742, 0),
(97, -13.6881, 38.7753, 0),
(98, -13.7094, 38.6006, 0),
(99, -14.0364, 38.6767, 0),
(100, -13.4657, 38.8812, 0),
(101, -14.042, 38.5349, 0),
(102, -11.0614, 39.6697, 0),
(103, -11.4267, 39.7414, 0),
(104, -11.3864, 39.595, 0),
(105, -11.2415, 39.8846, 0),
(106, -11.074, 39.673, 0),
(107, -10.7808, 40.4731, 0),
(108, -10.9648, 40.3559, 0),
(109, -10.9903, 40.4792, 0),
(110, -10.8569, 40.5894, 0),
(111, -10.8908, 40.0575, 0),
(112, -10.5928, 40.5078, 0),
(113, -12.9947, 40.3887, 0),
(114, -13.1072, 40.4535, 0),
(115, -12.9503, 40.3197, 0),
(116, -13.115, 40.2866, 0),
(117, -12.8923, 40.4112, 0),
(118, -12.4322, 40.4833, 0),
(119, -12.38, 40.2642, 0),
(120, -12.5237, 40.4218, 0),
(121, -12.3442, 40.3139, 0),
(122, -12.5639, 40.2853, 0),
(123, -12.5958, 40.1522, 0),
(124, -12.4357, 40.4962, 0),
(125, -12.9627, 40.5086, 0),
(126, -13.0191, 40.531, 0),
(127, -11.3398, 40.3563, 0),
(128, -13.1262, 38.9985, 0),
(129, -13.1167, 39, 0),
(130, -11.8236, 39.8122, 0),
(131, -22.8322, 33.5433, 0),
(132, -25.0499, 33.6582, 0),
(133, -24.7117, 33.8828, 0),
(134, -24.859, 33.6896, 0),
(135, -25.0297, 33.3628, 0),
(136, -25.0265, 33.1749, 0),
(137, -24.6906, 33.5406, 0),
(138, -24.6801, 33.5116, 0),
(139, -23.5167, 33.5067, 0),
(140, -24.5668, 32.9186, 0),
(141, -24.3667, 33.2028, 0),
(142, -24.3628, 32.9033, 0),
(143, -24.7122, 33.8861, 0),
(144, -24.9201, 34.192, 0),
(145, -24.6313, 34.0671, 0),
(146, -24.9206, 34.1911, 0),
(147, -21.3599, 32.4284, 0),
(148, -25.0667, 33.8583, 0),
(149, -24.964, 33.7834, 0),
(150, -25.0269, 33.7081, 0),
(151, -24.691, 33.5385, 0),
(152, -24.376, 32.7053, 0),
(153, -24.3768, 32.7018, 0),
(154, -24.1679, 33.121, 0),
(155, -25.0683, 33.6583, 0),
(156, -24.3013, 33.6096, 0),
(157, -24.3013, 33.6096, 0),
(158, -22.9125, 33.2492, 0),
(159, -22.9125, 33.2492, 0),
(160, -24.5626, 32.9553, 0),
(161, -24.5626, 32.9553, 0),
(162, -24.1679, 33.121, 0),
(163, -24.3773, 32.703, 0),
(164, -24.3776, 32.703, 0),
(165, -25.0683, 33.6583, 0),
(166, -24.3773, 32.7031, 0),
(167, -24.5281, 33.675, 0),
(168, -25.0469, 33.6917, 0),
(169, -25.0597, 33.7089, 0),
(170, -25.0532, 33.644, 0),
(171, -25.0819, 33.6664, 0),
(172, -25.1156, 33.7294, 0),
(173, -25.2817, 33.2519, 0),
(174, -24.9533, 33.0644, 0),
(175, -24.9333, 33.3628, 0),
(176, -24.8608, 33.4117, 0),
(177, -24.8711, 33.12, 0),
(178, -25.0092, 32.9847, 0),
(179, -24.8606, 33.2836, 0),
(180, -25.0811, 33.2578, 0),
(181, -25.1219, 33.0894, 0),
(182, -24.6894, 33.5328, 0),
(183, -24.2889, 33.5661, 0),
(184, -24.7242, 33.5451, 0),
(185, -24.6811, 33.5278, 0),
(186, -24.3097, 33.63, 0),
(187, -24.5731, 33.7569, 0),
(188, -24.7522, 33.67, 0),
(189, -24.7042, 33.7042, 0),
(190, -24.6625, 33.3458, 0),
(191, -24.7017, 33.5739, 0),
(192, -24.8175, 33.7662, 0),
(193, -24.1128, 33.7797, 0),
(194, -22.2653, 32.5283, 0),
(195, -21.9694, 32.1147, 0),
(196, -22.7322, 32.0608, 0),
(197, -22.8467, 31.9656, 0),
(198, -23.0672, 32.2219, 0),
(199, -22.4572, 31.33, 0),
(200, -22.2031, 31.6383, 0),
(201, -22.0775, 31.6783, 0),
(202, -22.355, 33.0761, 0),
(203, -23.4575, 33.4253, 0),
(204, -22.2547, 32.9147, 0),
(205, -24.5274, 33.0051, 0),
(206, -24.4286, 32.8425, 0),
(207, -24.5323, 32.9832, 0),
(208, -24.6369, 33.1778, 0),
(209, -24.7392, 33.1261, 0),
(210, -24.6794, 33.0183, 0),
(211, -24.7536, 32.8836, 0),
(212, -24.17, 32.6411, 0),
(213, -24.5394, 32.7508, 0),
(214, -24.7128, 33.3736, 0),
(215, -24.7069, 33.18, 0),
(216, -24.6681, 33.0953, 0),
(217, -24.6881, 33.2586, 0),
(218, -24.5858, 33.0639, 0),
(219, -24.6228, 33.1103, 0),
(220, -24.7417, 33.2942, 0),
(221, -24.2767, 33.0994, 0),
(222, -24.4992, 33.0144, 0),
(223, -24.0498, 33.3274, 0),
(224, -24.5115, 33.1033, 0),
(225, -24.2375, 32.8375, 0),
(226, -24.5875, 33.2331, 0),
(227, -23.3847, 32.3756, 0),
(228, -23.8508, 32.6228, 0),
(229, -23.4281, 32.5547, 0),
(230, -23.6972, 32.5214, 0),
(231, -23.8392, 32.5297, 0),
(232, -24.0714, 32.6439, 0),
(233, -24.1422, 32.7256, 0),
(234, -24.8597, 34.4117, 0),
(235, -24.7961, 34.1875, 0),
(236, -24.8881, 34.315, 0),
(237, -24.6339, 33.8375, 0),
(238, -24.6722, 34.0692, 0),
(239, -24.4889, 33.9569, 0),
(240, -24.8072, 33.9817, 0),
(241, -24.8719, 33.8717, 0),
(242, -24.5947, 34.3961, 0),
(243, -24.7133, 33.8838, 0),
(244, -24.8831, 33.9781, 0),
(245, -24.7547, 34.0256, 0),
(246, -24.6756, 33.9258, 0),
(247, -24.5753, 33.9153, 0),
(248, -24.5869, 34.0697, 0),
(249, -24.8011, 33.8158, 0),
(250, -24.9108, 34.0406, 0),
(251, -24.6858, 33.9664, 0),
(252, -21.5839, 32.9375, 0),
(253, -21.55, 32.8117, 0),
(254, -23.9186, 32.1625, 0),
(255, -24.0314, 32.4344, 0),
(256, -23.8564, 32.2242, 0),
(257, -23.9192, 32.0303, 0),
(258, -23.5619, 31.92, 0),
(259, -23.8122, 32.0439, 0),
(260, -24.1675, 32.4961, 0),
(261, -24.1233, 32.5931, 0),
(262, -24.9944, 33.5506, 0),
(263, -24.8706, 33.8306, 0),
(264, -25.1272, 33.555, 0),
(265, -24.9425, 33.4456, 0),
(266, -25.0084, 33.7899, 0),
(267, -24.8922, 33.7306, 0),
(268, -24.8747, 33.5089, 0),
(269, -25.1525, 33.4853, 0),
(270, -25.0314, 33.485, 0),
(271, -24.9942, 33.9328, 0),
(272, -24.8544, 33.6919, 0),
(273, -25.135, 33.5864, 0),
(274, -24.8049, 33.5187, 0),
(275, -23.6552, 35.3392, 0),
(276, -23.872, 35.387, 0),
(277, -23.8858, 35.4703, 0),
(278, -23.0914, 34.3806, 0),
(279, -23.093, 34.384, 0),
(280, -21.1897, 34.8467, 0),
(281, -23.8765, 35.041, 0),
(282, -24.4225, 34.6364, 0),
(283, -22.4833, 33.8333, 0),
(284, -22.0036, 33.8011, 0),
(285, -22.6664, 33.6708, 0),
(286, -22.9461, 35.4461, 0),
(287, -23.2596, 35.3828, 0),
(288, -24.0322, 35.2606, 0),
(289, -23.6561, 35.3428, 0),
(290, -23.4747, 35.0985, 0),
(291, -24.2083, 34.8625, 0),
(292, -24.7627, 34.3502, 0),
(293, -24.715, 34.7478, 0),
(294, -22.8377, 35.021, 0),
(295, -23.8792, 35.4325, 0),
(296, -23.8873, 35.4676, 0),
(297, -23.8873, 35.4676, 0),
(298, -21.3193, 34.6757, 0),
(299, -21.3193, 34.6757, 0),
(300, -23.8814, 35.1528, 0),
(301, -23.8814, 35.1528, 0),
(302, -24.1069, 35.3172, 0),
(303, -24.1069, 35.3172, 0),
(304, -24.1069, 35.3172, 0),
(305, -23.3336, 35.3797, 0),
(306, -23.3336, 35.3797, 0),
(307, -23.8824, 35.3091, 0),
(308, -23.8824, 35.3091, 0),
(309, -23.873, 35.3439, 0),
(310, -23.873, 35.3439, 0),
(311, -23.873, 35.3439, 0),
(312, -21.9928, 35.3197, 0),
(313, -21.9928, 35.3197, 0),
(314, -22.3017, 35.1264, 0),
(315, -22.3017, 35.1264, 0),
(316, -24.6513, 34.6685, 0),
(317, -24.6513, 34.6685, 0),
(318, -23.8873, 35.4676, 0),
(319, -22.3017, 35.1264, 0),
(320, -23.8873, 35.4676, 0),
(321, -23.8792, 35.4325, 0),
(322, -23.4256, 34.4981, 0),
(323, -23.8652, 35.3828, 0),
(324, -23.8447, 35.5019, 0),
(325, -23.8734, 35.3882, 0),
(326, -22.5419, 34.2117, 0),
(327, -23.1253, 34.6394, 0),
(328, -21.0069, 34.9678, 0),
(329, -21.3681, 34.8647, 0),
(330, -21.1492, 34.5686, 0),
(331, -21.3344, 34.2825, 0),
(332, -21.4106, 34.6436, 0),
(333, -23.9225, 35.1619, 0),
(334, -24.0436, 35.0886, 0),
(335, -23.9072, 35.1939, 0),
(336, -23.7392, 34.9769, 0),
(337, -23.8817, 35.2292, 0),
(338, -23.8832, 35.1525, 0),
(339, -24.3228, 34.915, 0),
(340, -24.4022, 35.1344, 0),
(341, -24.4761, 35.0175, 0),
(342, -24.4933, 34.6478, 0),
(343, -24.5333, 34.7736, 0),
(344, -24.3914, 34.5503, 0),
(345, -21.5392, 35.1886, 0),
(346, -21.4892, 35.0556, 0),
(347, -21.6642, 35.4389, 0),
(348, -21.7175, 35.0947, 0),
(349, -21.8495, 34.4794, 0),
(350, -21.5436, 35.2001, 0),
(351, -24.1447, 35.2175, 0),
(352, -24.1108, 35.3172, 0),
(353, -24.0517, 35.3222, 0),
(354, -24.2653, 35.2372, 0),
(355, -22.0239, 34.1442, 0),
(356, -21.8944, 34.1875, 0),
(357, -22.1389, 33.5361, 0),
(358, -21.6842, 33.5044, 0),
(359, -23.329, 35.381, 0),
(360, -22.8556, 35.1806, 0),
(361, -22.4356, 34.6528, 0),
(362, -23.4294, 35.3375, 0),
(363, -23.2869, 35.4294, 0),
(364, -22.8739, 35.3019, 0),
(365, -23.1947, 35.3819, 0),
(366, -23.1003, 35.2531, 0),
(367, -22.7664, 35.0203, 0),
(368, -23.324, 35.3722, 0),
(369, -23.8617, 35.3433, 0),
(370, -24.0044, 35.2861, 0),
(371, -23.7169, 35.3619, 0),
(372, -23.8661, 35.2858, 0),
(373, -23.9353, 35.2986, 0),
(374, -23.6189, 35.2489, 0),
(375, -23.7881, 35.2686, 0),
(376, -23.1722, 35.0583, 0),
(377, -23.7281, 35.1886, 0),
(378, -23.6594, 35.1617, 0),
(379, -24.0281, 34.8772, 0),
(380, -24.3575, 34.1131, 0),
(381, -24.0664, 34.7289, 0),
(382, -21.9844, 35.3211, 0),
(383, -22.6578, 35.2583, 0),
(384, -22.2522, 35.1119, 0),
(385, -21.9861, 35.1619, 0),
(386, -22.6275, 35.1633, 0),
(387, -22.2269, 34.785, 0),
(388, -22.3106, 35.4267, 0),
(389, -24.7953, 34.5728, 0),
(390, -24.5283, 34.4189, 0),
(391, -24.59, 35.0164, 0),
(392, -24.7156, 34.4322, 0),
(393, -24.6319, 34.5722, 0),
(394, -24.5975, 34.9211, 0),
(395, -25.4084, 32.807, 0),
(396, -26.0894, 32.5048, 0),
(397, -25.7791, 32.6092, 0),
(398, -24.6371, 32.4341, 0),
(399, -25.836, 32.4948, 0),
(400, -26.0756, 32.2768, 0),
(401, -25.8267, 32.4525, 0),
(402, -26.2014, 32.1389, 0),
(403, -25.4442, 31.9897, 0),
(404, -26.2958, 32.1877, 0),
(405, -25.9911, 32.0133, 0),
(406, -25.2392, 32.1375, 0),
(407, -25.1792, 32.8522, 0),
(408, -25.2847, 32.5117, 0),
(409, -26.1589, 32.3461, 0),
(410, -24.4914, 32.0878, 0),
(411, -25.7511, 32.395, 0),
(412, -25.0936, 32.9175, 0),
(413, -26.7508, 32.8267, 0),
(414, -26.0489, 32.3253, 0),
(415, -25.5644, 32.7994, 0),
(416, -24.7994, 32.8589, 0),
(417, -26.3281, 32.4158, 0),
(418, -25.8647, 32.2864, 0),
(419, -25.96, 32.4173, 0),
(420, -25.8408, 32.3636, 0),
(421, -25.9189, 32.3941, 0),
(422, -25.4961, 32.6525, 0),
(423, -26.84, 32.2852, 0),
(424, -24.5692, 32.6619, 0),
(425, -25.9396, 32.4555, 0),
(426, -26.3427, 32.675, 0),
(427, -24.8864, 32.5286, 0),
(428, -25.9108, 32.4927, 0),
(429, -25.2247, 32.6644, 0),
(430, -26.3684, 32.6189, 0),
(431, -26.1941, 32.2175, 0),
(432, -25.2872, 32.7406, 0),
(433, -25.7847, 32.6339, 0),
(434, -25.6961, 32.345, 0),
(435, -25.7304, 32.6735, 0),
(436, -24.9008, 32.3494, 0),
(437, -26.0131, 32.4186, 0),
(438, -25.9641, 32.4552, 0),
(439, -25.8875, 32.5341, 0),
(440, -25.0291, 32.6494, 0),
(441, -25.1572, 32.8006, 0),
(442, -25.4082, 32.8072, 0),
(443, -25.4561, 32.7753, 0),
(444, -25.5106, 32.7264, 0),
(445, -25.0464, 32.8045, 0),
(446, -25.6642, 32.6428, 0),
(447, -26.0851, 32.625, 0),
(448, -26.2156, 32.8858, 0),
(449, -26.672, 32.1823, 0),
(450, -26.4333, 32.243, 0),
(451, -26.04, 32.2578, 0),
(452, -25.3092, 32.8331, 0),
(453, -25.6456, 32.4967, 0),
(454, -25.3217, 32.2553, 0),
(455, -26.0644, 32.2861, 0),
(456, -26.0091, 32.3369, 0),
(457, -25.9103, 32.4597, 0),
(458, -25.3539, 32.9336, 0),
(459, -25.2622, 32.8647, 0),
(460, -26.8372, 32.8839, 0),
(461, -26.4745, 32.6511, 0),
(462, -25.5985, 32.2455, 0),
(463, -25.9142, 32.5328, 0),
(464, -25.7389, 32.5392, 0),
(465, -25.9187, 32.4682, 0),
(466, -25.8405, 32.5419, 0),
(467, -25.9106, 32.5175, 0),
(468, -26.102, 32.9305, 0),
(469, -26.8024, 32.4464, 0),
(470, -25.7439, 32.6262, 0),
(471, -25.6535, 32.6722, 0),
(472, -25.0464, 32.8049, 0),
(473, -25.7763, 32.5188, 0),
(474, -25.9081, 32.4899, 0),
(475, -25.8768, 32.4616, 0),
(476, -25.7435, 32.577, 0),
(477, -26.0958, 32.15, 0),
(478, -26.1588, 32.167, 0),
(479, -25.9099, 32.5151, 0),
(480, -26.0001, 32.292, 0),
(481, -25.0145, 32.6848, 0),
(482, -25.7393, 32.6746, 0),
(483, -25.9834, 32.0212, 0),
(484, -25.9487, 32.4583, 0),
(485, -25.9676, 32.4389, 0),
(486, -26.1695, 32.2138, 0),
(487, -25.8755, 32.5118, 0),
(488, -25.7416, 32.4671, 0),
(489, -25.1171, 32.5674, 0),
(490, -16.2469, 39.9056, 0),
(491, -26.0471, 32.3349, 0),
(492, -25.9079, 32.5281, 0),
(493, -25.9117, 32.5303, 0),
(494, -25.4956, 32.0794, 0),
(495, -25.4138, 32.7426, 0),
(496, -25.9547, 32.4872, 0),
(497, -25.8768, 32.4834, 0),
(498, -25.9392, 32.4601, 0),
(499, -25.9218, 32.462, 0),
(500, -25.9306, 32.4805, 0),
(501, -25.9529, 32.4545, 0),
(502, -25.7911, 32.4368, 0),
(503, -25.9058, 32.516, 0),
(504, -25.8988, 32.5392, 0),
(505, -25.8852, 32.5499, 0),
(506, -26.0883, 32.2592, 0);

-- --------------------------------------------------------

--
-- Table structure for table `unit_address`
--

CREATE TABLE `unit_address` (
  `id_unit` int(11) NOT NULL,
  `address` varchar(255) NOT NULL,
  `date` date NOT NULL
) ENGINE=InnoDB DEFAULT CHARSET=utf8;

-- --------------------------------------------------------

--
-- Table structure for table `unit_authority`
--

CREATE TABLE `unit_authority` (
  `id` int(11) NOT NULL,
  `name` varchar(255) NOT NULL,
  `description` text NOT NULL
) ENGINE=InnoDB DEFAULT CHARSET=utf8;

--
-- Dumping data for table `unit_authority`
--

INSERT INTO `unit_authority` (`id`, `name`, `description`) VALUES
(1, 'Governamental/Público', ''),
(2, 'Ong/Não Lucrativa', ''),
(3, 'Privado-Lucrativo', ''),
(4, 'Missionário/Baseado Na Fé', '');

-- --------------------------------------------------------

--
-- Table structure for table `unit_code`
--

CREATE TABLE `unit_code` (
  `id_unit` int(11) NOT NULL,
  `code` varchar(16) NOT NULL,
  `date` date NOT NULL
) ENGINE=InnoDB DEFAULT CHARSET=utf8;

--
-- Dumping data for table `unit_code`
--

INSERT INTO `unit_code` (`id_unit`, `code`, `date`) VALUES
(1, '1020100', '2017-09-13'),
(2, '1020106', '2017-09-13'),
(3, '1020107', '2017-09-13'),
(4, '1020108', '2017-09-13'),
(5, '1020109', '2017-09-13'),
(6, '1020110', '2017-09-13'),
(7, '1020111', '2017-09-13'),
(8, '1020112', '2017-09-13'),
(9, '1020113', '2017-09-13'),
(10, '1020151', '2017-09-13'),
(11, '1020206', '2017-09-13'),
(12, '1020207', '2017-09-13'),
(13, '1020209', '2017-09-13'),
(14, '1020210', '2017-09-13'),
(15, '1020211', '2017-09-13'),
(16, '1020212', '2017-09-13'),
(17, '1020213', '2017-09-13'),
(18, '1020214', '2017-09-13'),
(19, '1020306', '2017-09-13'),
(20, '1020307', '2017-09-13'),
(21, '1020308', '2017-09-13'),
(22, '1020309', '2017-09-13'),
(23, '1020310', '2017-09-13'),
(24, '1020311', '2017-09-13'),
(25, '1020312', '2017-09-13'),
(26, '1020313', '2017-09-13'),
(27, '1020406', '2017-09-13'),
(28, '1020407', '2017-09-13'),
(29, '1020408', '2017-09-13'),
(30, '1020409', '2017-09-13'),
(31, '1020410', '2017-09-13'),
(32, '1020411', '2017-09-13'),
(33, '1020412', '2017-09-13'),
(34, '1020413', '2017-09-13'),
(35, '1020414', '2017-09-13'),
(36, '1020415', '2017-09-13'),
(37, '1020416', '2017-09-13'),
(38, '1020417', '2017-09-13'),
(39, '1020506', '2017-09-13'),
(40, '1020507', '2017-09-13'),
(41, '1020508', '2017-09-13'),
(42, '1020607', '2017-09-13'),
(43, '1020608', '2017-09-13'),
(44, '1020609', '2017-09-13'),
(45, '1020612', '2017-09-13'),
(46, '1020613', '2017-09-13'),
(47, '1020611', '2017-09-13'),
(48, '1020614', '2017-09-13'),
(49, '1020706', '2017-09-13'),
(50, '1020707', '2017-09-13'),
(51, '1020708', '2017-09-13'),
(52, '1020709', '2017-09-13'),
(53, '1020806', '2017-09-13'),
(54, '1020809', '2017-09-13'),
(55, '1020810', '2017-09-13'),
(56, '1020811', '2017-09-13'),
(57, '1020812', '2017-09-13'),
(58, '1020901', '2017-09-13'),
(59, '1020904', '2017-09-13'),
(60, '1020906', '2017-09-13'),
(61, '1020907', '2017-09-13'),
(62, '1020908', '2017-09-13'),
(63, '1020909', '2017-09-13'),
(64, '1020910', '2017-09-13'),
(65, '1021001', '2017-09-13'),
(66, '1021008', '2017-09-13'),
(67, '1021009', '2017-09-13'),
(68, '1021010', '2017-09-13'),
(69, '1021011', '2017-09-13'),
(70, '1021012', '2017-09-13'),
(71, '1021013', '2017-09-13'),
(72, '1021014', '2017-09-13'),
(73, '1021015', '2017-09-13'),
(74, '1021016', '2017-09-13'),
(75, '1021017', '2017-09-13'),
(76, '1021104', '2017-09-13'),
(77, '1021105', '2017-09-13'),
(78, '1021106', '2017-09-13'),
(79, '1021107', '2017-09-13'),
(80, '1021108', '2017-09-13'),
(81, '1021109', '2017-09-13'),
(82, '1021110', '2017-09-13'),
(83, '1021111', '2017-09-13'),
(84, '1021112', '2017-09-13'),
(85, '1021113', '2017-09-13'),
(86, '1021206', '2017-09-13'),
(87, '1021207', '2017-09-13'),
(88, '1021208', '2017-09-13'),
(89, '1021209', '2017-09-13'),
(90, '1021210', '2017-09-13'),
(91, '1021211', '2017-09-13'),
(92, '1021212', '2017-09-13'),
(93, '1021306', '2017-09-13'),
(94, '1021307', '2017-09-13'),
(95, '1021308', '2017-09-13'),
(96, '1021309', '2017-09-13'),
(97, '1021310', '2017-09-13'),
(98, '1021311', '2017-09-13'),
(99, '1021312', '2017-09-13'),
(100, '1021313', '2017-09-13'),
(101, '1021314', '2017-09-13'),
(102, '1021406', '2017-09-13'),
(103, '1021407', '2017-09-13'),
(104, '1021408', '2017-09-13'),
(105, '1021409', '2017-09-13'),
(106, '1021410', '2017-09-13'),
(107, '1021506', '2017-09-13'),
(108, '1021507', '2017-09-13'),
(109, '1021508', '2017-09-13'),
(110, '1021509', '2017-09-13'),
(111, '1021510', '2017-09-13'),
(112, '1021511', '2017-09-13'),
(113, '1021606', '2017-09-13'),
(114, '1021609', '2017-09-13'),
(115, '1021607', '2017-09-13'),
(116, '1021608', '2017-09-13'),
(117, '1021610', '2017-09-13'),
(118, '1021706', '2017-09-13'),
(119, '1021707', '2017-09-13'),
(120, '1021708', '2017-09-13'),
(121, '1021709', '2017-09-13'),
(122, '1021710', '2017-09-13'),
(123, '1021711', '2017-09-13'),
(124, '1021712', '2017-09-13'),
(125, '', '2017-09-13'),
(126, '', '2017-09-13'),
(127, '', '2017-09-13'),
(128, '', '2017-09-13'),
(129, '', '2017-09-13'),
(130, '', '2017-09-13'),
(131, '0', '2017-09-13'),
(132, '0', '2017-09-13'),
(133, '0', '2017-09-13'),
(134, '0', '2017-09-13'),
(135, '1090206', '2017-09-13'),
(136, '1090210', '2017-09-13'),
(137, '1090306', '2017-09-13'),
(138, '1090315', '2017-09-13'),
(139, '1090510', '2017-09-13'),
(140, '1090606', '2017-09-13'),
(141, '1090709', '2017-09-13'),
(142, '1090710', '2017-09-13'),
(143, '1090901', '2017-09-13'),
(144, '1090903', '2017-09-13'),
(145, '1090902', '2017-09-13'),
(146, '1090906', '2017-09-13'),
(147, '1091008', '2017-09-13'),
(148, '1091212', '2017-09-13'),
(149, '1091213', '2017-09-13'),
(150, '1091222', '2017-09-13'),
(151, '1090305', '2017-09-13'),
(152, '1090602', '2017-09-13'),
(153, '1090607', '2017-09-13'),
(154, '1090715', '2017-09-13'),
(155, '1090100', '2017-09-13'),
(156, '1090311', '2017-09-13'),
(157, '1090318', '2017-09-13'),
(158, '1090506', '2017-09-13'),
(159, '1090511', '2017-09-13'),
(160, '1090603', '2017-09-13'),
(161, '1090618', '2017-09-13'),
(162, '1090713', '2017-09-13'),
(163, '1090625', '2017-09-13'),
(164, '1090624', '2017-09-13'),
(165, 'NA/MISAU', '2017-09-13'),
(166, '1090814', '2017-09-13'),
(167, '1090318', '2017-09-13'),
(168, '1090106', '2017-09-13'),
(169, '1090113', '2017-09-13'),
(170, '1090107', '2017-09-13'),
(171, '1090108', '2017-09-13'),
(172, '1090114', '2017-09-13'),
(173, '1090207', '2017-09-13'),
(174, '1090208', '2017-09-13'),
(175, '1090209', '2017-09-13'),
(176, '1090211', '2017-09-13'),
(177, '1090212', '2017-09-13'),
(178, '1090213', '2017-09-13'),
(179, '1090214', '2017-09-13'),
(180, '1090215', '2017-09-13'),
(181, '1090216', '2017-09-13'),
(182, '1090301', '2017-09-13'),
(183, '1090302', '2017-09-13'),
(184, '1090303', '2017-09-13'),
(185, '1090304', '2017-09-13'),
(186, '1090307', '2017-09-13'),
(187, '1090308', '2017-09-13'),
(188, '1090309', '2017-09-13'),
(189, '1090310', '2017-09-13'),
(190, '1090312', '2017-09-13'),
(191, '1090313', '2017-09-13'),
(192, '1090314', '2017-09-13'),
(193, '1090317', '2017-09-13'),
(194, '1090406', '2017-09-13'),
(195, '1090407', '2017-09-13'),
(196, '1090408', '2017-09-13'),
(197, '1090409', '2017-09-13'),
(198, '1090410', '2017-09-13'),
(199, '1090411', '2017-09-13'),
(200, '1090412', '2017-09-13'),
(201, '1090414', '2017-09-13'),
(202, '1090507', '2017-09-13'),
(203, '1090508', '2017-09-13'),
(204, '1090509', '2017-09-13'),
(205, '1090600', '2017-09-13'),
(206, '1090601', '2017-09-13'),
(207, '1090605', '2017-09-13'),
(208, '1090609', '2017-09-13'),
(209, '1090610', '2017-09-13'),
(210, '1090611', '2017-09-13'),
(211, '1090612', '2017-09-13'),
(212, '1090613', '2017-09-13'),
(213, '1090614', '2017-09-13'),
(214, '1090615', '2017-09-13'),
(215, '1090616', '2017-09-13'),
(216, '1090617', '2017-09-13'),
(217, '1090619', '2017-09-13'),
(218, '1090620', '2017-09-13'),
(219, '1090621', '2017-09-13'),
(220, '1090622', '2017-09-13'),
(221, '1090701', '2017-09-13'),
(222, '1090706', '2017-09-13'),
(223, '1090707', '2017-09-13'),
(224, '1090711', '2017-09-13'),
(225, '1090712', '2017-09-13'),
(226, '1090715', '2017-09-13'),
(227, '1090801', '2017-09-13'),
(228, '1090806', '2017-09-13'),
(229, '1090807', '2017-09-13'),
(230, '1090808', '2017-09-13'),
(231, '1090810', '2017-09-13'),
(232, '1090811', '2017-09-13'),
(233, '1090812', '2017-09-13'),
(234, '1090907', '2017-09-13'),
(235, '1090908', '2017-09-13'),
(236, '1090909', '2017-09-13'),
(237, '1090910', '2017-09-13'),
(238, '1090911', '2017-09-13'),
(239, '1090912', '2017-09-13'),
(240, '1090913', '2017-09-13'),
(241, '1090914', '2017-09-13'),
(242, '1090915', '2017-09-13'),
(243, '1090916', '2017-09-13'),
(244, '1090917', '2017-09-13'),
(245, '1090918', '2017-09-13'),
(246, '1090919', '2017-09-13'),
(247, '1090920', '2017-09-13'),
(248, '1090921', '2017-09-13'),
(249, '1090926', '2017-09-13'),
(250, '1090927', '2017-09-13'),
(251, '1090928', '2017-09-13'),
(252, '1091006', '2017-09-13'),
(253, '1091007', '2017-09-13'),
(254, '1091106', '2017-09-13'),
(255, '1091107', '2017-09-13'),
(256, '1091108', '2017-09-13'),
(257, '1091109', '2017-09-13'),
(258, '1091110', '2017-09-13'),
(259, '1091111', '2017-09-13'),
(260, '1091112', '2017-09-13'),
(261, '1091116', '2017-09-13'),
(262, '1091201', '2017-09-13'),
(263, '1091206', '2017-09-13'),
(264, '1091207', '2017-09-13'),
(265, '1091208', '2017-09-13'),
(266, '1091209', '2017-09-13'),
(267, '1091210', '2017-09-13'),
(268, '1091211', '2017-09-13'),
(269, '1091214', '2017-09-13'),
(270, '1091215', '2017-09-13'),
(271, '1091216', '2017-09-13'),
(272, '1091217', '2017-09-13'),
(273, '1091221', '2017-09-13'),
(274, '0', '2017-09-13'),
(275, '0', '2017-09-13'),
(276, '1080106', '2017-09-13'),
(277, '1080112', '2017-09-13'),
(278, '1080206', '2017-09-13'),
(279, '1080210', '2017-09-13'),
(280, '1080311', '2017-09-13'),
(281, '1080408', '2017-09-13'),
(282, '1080505', '2017-09-13'),
(283, '1080805', '2017-09-13'),
(284, '1080810', '2017-09-13'),
(285, '1080811', '2017-09-13'),
(286, '1080914', '2017-09-13'),
(287, '1080917', '2017-09-13'),
(288, '1081007', '2017-09-13'),
(289, '1081111', '2017-09-13'),
(290, '1081112', '2017-09-13'),
(291, '1081206', '2017-09-13'),
(292, '1081410', '2017-09-13'),
(293, '1081411', '2017-09-13'),
(294, '0', '2017-09-13'),
(295, '1080100', '2017-09-13'),
(296, '1080108', '2017-09-13'),
(297, '1080111', '2017-09-13'),
(298, '1080305', '2017-09-13'),
(299, '1080309', '2017-09-13'),
(300, '1080406', '2017-09-13'),
(301, '1080410', '2017-09-13'),
(302, '1080705', '2017-09-13'),
(303, '1080710', '2017-09-13'),
(304, '1080711', '2017-09-13'),
(305, '1080900', '2017-09-13'),
(306, '1080918', '2017-09-13'),
(307, '1081000', '2017-09-13'),
(308, '1081012', '2017-09-13'),
(309, '1081014', '2017-09-13'),
(310, '1081015', '2017-09-13'),
(311, '1081016', '2017-09-13'),
(312, '1081305', '2017-09-13'),
(313, '1081310', '2017-09-13'),
(314, '1081313', '2017-09-13'),
(315, '1081314', '2017-09-13'),
(316, '1081414', '2017-09-13'),
(317, '1081416', '2017-09-13'),
(318, '0', '2017-09-13'),
(319, '0', '2017-09-13'),
(320, '0', '2017-09-13'),
(321, '0', '2017-09-13'),
(322, '1080207', '2017-09-13'),
(323, '1080107', '2017-09-13'),
(324, '1080109', '2017-09-13'),
(325, '1080110', '2017-09-13'),
(326, '1080208', '2017-09-13'),
(327, '1080209', '2017-09-13'),
(328, '1080306', '2017-09-13'),
(329, '1080307', '2017-09-13'),
(330, '1080308', '2017-09-13'),
(331, '1080310', '2017-09-13'),
(332, '1080355', '2017-09-13'),
(333, '1080407', '2017-09-13'),
(334, '1080409', '2017-09-13'),
(335, '1080411', '2017-09-13'),
(336, '1080415', '2017-09-13'),
(337, '1080417', '2017-09-13'),
(338, '1080418', '2017-09-13'),
(339, '1080506', '2017-09-13'),
(340, '1080507', '2017-09-13'),
(341, '1080509', '2017-09-13'),
(342, '1080510', '2017-09-13'),
(343, '1080511', '2017-09-13'),
(344, '1080512', '2017-09-13'),
(345, '1080606', '2017-09-13'),
(346, '1080607', '2017-09-13'),
(347, '1080609', '2017-09-13'),
(348, '1080610', '2017-09-13'),
(349, '1080611', '2017-09-13'),
(350, '1080612', '2017-09-13'),
(351, '1080706', '2017-09-13'),
(352, '1080707', '2017-09-13'),
(353, '1080708', '2017-09-13'),
(354, '1080709', '2017-09-13'),
(355, '1080806', '2017-09-13'),
(356, '1080807', '2017-09-13'),
(357, '1080808', '2017-09-13'),
(358, '1080809', '2017-09-13'),
(359, '1080901', '2017-09-13'),
(360, '1080906', '2017-09-13'),
(361, '1080907', '2017-09-13'),
(362, '1080910', '2017-09-13'),
(363, '1080911', '2017-09-13'),
(364, '1080912', '2017-09-13'),
(365, '1080913', '2017-09-13'),
(366, '1080915', '2017-09-13'),
(367, '1080916', '2017-09-13'),
(368, '1080919', '2017-09-13'),
(369, '1081006', '2017-09-13'),
(370, '1081008', '2017-09-13'),
(371, '1081010', '2017-09-13'),
(372, '1081011', '2017-09-13'),
(373, '1081013', '2017-09-13'),
(374, '1081107', '2017-09-13'),
(375, '1081109', '2017-09-13'),
(376, '1081110', '2017-09-13'),
(377, '1081113', '2017-09-13'),
(378, '1081114', '2017-09-13'),
(379, '1081207', '2017-09-13'),
(380, '1081208', '2017-09-13'),
(381, '1081210', '2017-09-13'),
(382, '1081301', '2017-09-13'),
(383, '1081306', '2017-09-13'),
(384, '1081307', '2017-09-13'),
(385, '1081308', '2017-09-13'),
(386, '1081309', '2017-09-13'),
(387, '1081311', '2017-09-13'),
(388, '1081312', '2017-09-13'),
(389, '1081406', '2017-09-13'),
(390, '1081407', '2017-09-13'),
(391, '1081408', '2017-09-13'),
(392, '1081409', '2017-09-13'),
(393, '1081413', '2017-09-13'),
(394, '1081415', '2017-09-13'),
(395, '1100407', '2017-09-13'),
(396, '1100663', '2017-09-13'),
(397, '1100509', '2017-09-13'),
(398, '1100310', '2017-09-13'),
(399, '1100123', '2017-09-13'),
(400, '1100214', '2017-09-13'),
(401, '1100108', '2017-09-13'),
(402, '1100808', '2017-09-13'),
(403, '1100707', '2017-09-13'),
(404, '1100807', '2017-09-13'),
(405, '1100806', '2017-09-13'),
(406, '1100708', '2017-09-13'),
(407, '1100412', '2017-09-13'),
(408, '1100713', '2017-09-13'),
(409, '1100208', '2017-09-13'),
(410, '1100311', '2017-09-13'),
(411, '1100710', '2017-09-13'),
(412, '1100414', '2017-09-13'),
(413, '1100613', '2017-09-13'),
(414, '1100206', '2017-09-13'),
(415, '1100508', '2017-09-13'),
(416, '1100308', '2017-09-13'),
(417, '1100614', '2017-09-13'),
(418, '1100809', '2017-09-13'),
(419, '1100212', '2017-09-13'),
(420, '1100218', '2017-09-13'),
(421, '1100210', '2017-09-13'),
(422, '1100409', '2017-09-13'),
(423, '1100608', '2017-09-13'),
(424, '1100312', '2017-09-13'),
(425, '1100106', '2017-09-13'),
(426, '1100607', '2017-09-13'),
(427, '1100313', '2017-09-13'),
(428, '1100107', '2017-09-13'),
(429, '1100416', '2017-09-13'),
(430, '1100609', '2017-09-13'),
(431, '1100810', '2017-09-13'),
(432, '1100417', '2017-09-13'),
(433, '1100511', '2017-09-13'),
(434, '1100711', '2017-09-13'),
(435, '1100506', '2017-09-13'),
(436, '1100309', '2017-09-13'),
(437, '1100207', '2017-09-13'),
(438, '1100110', '2017-09-13'),
(439, '1100109', '2017-09-13'),
(440, '1100306', '2017-09-13'),
(441, '1100415', '2017-09-13'),
(442, '1100402', '2017-09-13'),
(443, '1100406', '2017-09-13'),
(444, '1100411', '2017-09-13'),
(445, '1100419', '2017-09-13'),
(446, '1100507', '2017-09-13'),
(447, '1100660', '2017-09-13'),
(448, '1100669', '2017-09-13'),
(449, '1100671', '2017-09-13'),
(450, '1100813', '2017-09-13'),
(451, '1100811', '2017-09-13'),
(452, '1100408', '2017-09-13'),
(453, '1100712', '2017-09-13'),
(454, '1100709', '2017-09-13'),
(455, '1100209', '2017-09-13'),
(456, '1100216', '2017-09-13'),
(457, '1100113', '2017-09-13'),
(458, '1100410', '2017-09-13'),
(459, '1100413', '2017-09-13'),
(460, '1100611', '2017-09-13'),
(461, '1100612', '2017-09-13'),
(462, '1100706', '2017-09-13'),
(463, '1100100', '2017-09-13'),
(464, '1100114', '2017-09-13'),
(465, '1100122', '2017-09-13'),
(466, '1100117', '2017-09-13'),
(467, '1100118', '2017-09-13'),
(468, '1100670', '2017-09-13'),
(469, '1100659', '2017-09-13'),
(470, '1100513', '2017-09-13'),
(471, '1100510', '2017-09-13'),
(472, '1100400', '2017-09-13'),
(473, '1100125', '2017-09-13'),
(474, '1100121', '2017-09-13'),
(475, '1100167', '2017-09-13'),
(476, '1100514', '2017-09-13'),
(477, '1100814', '2017-09-13'),
(478, '1100815', '2017-09-13'),
(479, '0', '2017-09-13'),
(480, '1100211', '2017-09-13'),
(481, '1100314', '2017-09-13'),
(482, '1100515', '2017-09-13'),
(483, '1100855', '2017-09-13'),
(484, '0', '2017-09-13'),
(485, '1100101', '2017-09-13'),
(486, '1100205', '2017-09-13'),
(487, '1100111', '2017-09-13'),
(488, '1100705', '2017-09-13'),
(489, '1100315', '2017-09-13'),
(490, '1100219', '2017-09-13'),
(491, '1100215', '2017-09-13'),
(492, '1100166', '2017-09-13'),
(493, '1100119', '2017-09-13'),
(494, '1100714', '2017-09-13'),
(495, '1100418', '2017-09-13'),
(496, '1100161', '2017-09-13'),
(497, '1100155', '2017-09-13'),
(498, '1100158', '2017-09-13'),
(499, '1100168', '2017-09-13'),
(500, '1100156', '2017-09-13'),
(501, '1100157', '2017-09-13'),
(502, '1100116', '2017-09-13'),
(503, '1100170', '2017-09-13'),
(504, '1100115', '2017-09-13'),
(505, '1100169', '2017-09-13'),
(506, '1100213', '2017-09-13');

-- --------------------------------------------------------

--
-- Table structure for table `unit_cons_ext`
--

CREATE TABLE `unit_cons_ext` (
  `id_unit` int(11) NOT NULL
) ENGINE=InnoDB DEFAULT CHARSET=utf8 COMMENT='Consultas externas apenas (sem internamento)';

-- --------------------------------------------------------

--
-- Table structure for table `unit_contact`
--

CREATE TABLE `unit_contact` (
  `id_unit` int(11) NOT NULL,
  `id_contact` int(11) NOT NULL,
  `date` date NOT NULL
) ENGINE=InnoDB DEFAULT CHARSET=utf8;

-- --------------------------------------------------------

--
-- Table structure for table `unit_dates`
--

CREATE TABLE `unit_dates` (
  `id_unit` int(11) NOT NULL,
  `build` date NOT NULL COMMENT 'Data de construção',
  `first_fun` date NOT NULL COMMENT 'Data de início de funcionamento',
  `last_requal` date NOT NULL COMMENT 'Data da última requalificação',
  `last_oper` date NOT NULL COMMENT 'Data do último estado operacional',
  `alter_data` date NOT NULL COMMENT 'Data de alteração de dados'
) ENGINE=InnoDB DEFAULT CHARSET=utf8;

--
-- Dumping data for table `unit_dates`
--

INSERT INTO `unit_dates` (`id_unit`, `build`, `first_fun`, `last_requal`, `last_oper`, `alter_data`) VALUES
(1, '2000-03-14', '2016-06-13', '2015-12-13', '2016-06-22', '2016-09-01'),
(2, '2001-09-01', '2016-09-13', '2016-09-10', '2016-07-10', '2016-09-16');

-- --------------------------------------------------------

--
-- Table structure for table `unit_loc`
--

CREATE TABLE `unit_loc` (
  `id_unit` int(11) NOT NULL,
  `loc` varchar(100) NOT NULL,
  `date` date NOT NULL
) ENGINE=InnoDB DEFAULT CHARSET=utf8;

-- --------------------------------------------------------

--
-- Table structure for table `unit_ministry`
--

CREATE TABLE `unit_ministry` (
  `id_unit` int(11) NOT NULL,
  `id_ministry` int(11) NOT NULL,
  `date` date NOT NULL
) ENGINE=InnoDB DEFAULT CHARSET=utf8;

--
-- Dumping data for table `unit_ministry`
--

INSERT INTO `unit_ministry` (`id_unit`, `id_ministry`, `date`) VALUES
(1, 1, '2017-09-13'),
(2, 1, '2017-09-13'),
(3, 1, '2017-09-13'),
(4, 1, '2017-09-13'),
(5, 1, '2017-09-13'),
(6, 1, '2017-09-13'),
(7, 1, '2017-09-13'),
(8, 1, '2017-09-13'),
(9, 1, '2017-09-13'),
(10, 1, '2017-09-13'),
(11, 1, '2017-09-13'),
(12, 1, '2017-09-13'),
(13, 1, '2017-09-13'),
(14, 1, '2017-09-13'),
(15, 1, '2017-09-13'),
(16, 1, '2017-09-13'),
(17, 1, '2017-09-13'),
(18, 1, '2017-09-13'),
(19, 1, '2017-09-13'),
(20, 1, '2017-09-13'),
(21, 1, '2017-09-13'),
(22, 1, '2017-09-13'),
(23, 1, '2017-09-13'),
(24, 1, '2017-09-13'),
(25, 1, '2017-09-13'),
(26, 1, '2017-09-13'),
(27, 1, '2017-09-13'),
(28, 1, '2017-09-13'),
(29, 1, '2017-09-13'),
(30, 1, '2017-09-13'),
(31, 1, '2017-09-13'),
(32, 1, '2017-09-13'),
(33, 1, '2017-09-13'),
(34, 1, '2017-09-13'),
(35, 1, '2017-09-13'),
(36, 1, '2017-09-13'),
(37, 1, '2017-09-13'),
(38, 1, '2017-09-13'),
(39, 1, '2017-09-13'),
(40, 1, '2017-09-13'),
(41, 1, '2017-09-13'),
(42, 1, '2017-09-13'),
(43, 1, '2017-09-13'),
(44, 1, '2017-09-13'),
(45, 1, '2017-09-13'),
(46, 1, '2017-09-13'),
(47, 1, '2017-09-13'),
(48, 1, '2017-09-13'),
(49, 1, '2017-09-13'),
(50, 1, '2017-09-13'),
(51, 1, '2017-09-13'),
(52, 1, '2017-09-13'),
(53, 1, '2017-09-13'),
(54, 1, '2017-09-13'),
(55, 1, '2017-09-13'),
(56, 1, '2017-09-13'),
(57, 1, '2017-09-13'),
(58, 1, '2017-09-13'),
(59, 1, '2017-09-13'),
(60, 1, '2017-09-13'),
(61, 1, '2017-09-13'),
(62, 1, '2017-09-13'),
(63, 1, '2017-09-13'),
(64, 1, '2017-09-13'),
(65, 1, '2017-09-13'),
(66, 1, '2017-09-13'),
(67, 1, '2017-09-13'),
(68, 1, '2017-09-13'),
(69, 1, '2017-09-13'),
(70, 1, '2017-09-13'),
(71, 1, '2017-09-13'),
(72, 1, '2017-09-13'),
(73, 1, '2017-09-13'),
(74, 1, '2017-09-13'),
(75, 1, '2017-09-13'),
(76, 1, '2017-09-13'),
(77, 1, '2017-09-13'),
(78, 1, '2017-09-13'),
(79, 1, '2017-09-13'),
(80, 1, '2017-09-13'),
(81, 1, '2017-09-13'),
(82, 1, '2017-09-13'),
(83, 1, '2017-09-13'),
(84, 1, '2017-09-13'),
(85, 1, '2017-09-13'),
(86, 1, '2017-09-13'),
(87, 1, '2017-09-13'),
(88, 1, '2017-09-13'),
(89, 1, '2017-09-13'),
(90, 1, '2017-09-13'),
(91, 1, '2017-09-13'),
(92, 1, '2017-09-13'),
(93, 1, '2017-09-13'),
(94, 1, '2017-09-13'),
(95, 1, '2017-09-13'),
(96, 1, '2017-09-13'),
(97, 1, '2017-09-13'),
(98, 1, '2017-09-13'),
(99, 1, '2017-09-13'),
(100, 1, '2017-09-13'),
(101, 1, '2017-09-13'),
(102, 1, '2017-09-13'),
(103, 1, '2017-09-13'),
(104, 1, '2017-09-13'),
(105, 1, '2017-09-13'),
(106, 1, '2017-09-13'),
(107, 1, '2017-09-13'),
(108, 1, '2017-09-13'),
(109, 1, '2017-09-13'),
(110, 1, '2017-09-13'),
(111, 1, '2017-09-13'),
(112, 1, '2017-09-13'),
(113, 1, '2017-09-13'),
(114, 1, '2017-09-13'),
(115, 1, '2017-09-13'),
(116, 1, '2017-09-13'),
(117, 1, '2017-09-13'),
(118, 1, '2017-09-13'),
(119, 1, '2017-09-13'),
(120, 1, '2017-09-13'),
(121, 1, '2017-09-13'),
(122, 1, '2017-09-13'),
(123, 1, '2017-09-13'),
(124, 1, '2017-09-13'),
(125, 1, '2017-09-13'),
(126, 1, '2017-09-13'),
(127, 1, '2017-09-13'),
(128, 1, '2017-09-13'),
(129, 1, '2017-09-13'),
(130, 1, '2017-09-13'),
(131, 1, '2017-09-13'),
(132, 1, '2017-09-13'),
(133, 1, '2017-09-13'),
(134, 1, '2017-09-13'),
(135, 1, '2017-09-13'),
(136, 1, '2017-09-13'),
(137, 1, '2017-09-13'),
(138, 1, '2017-09-13'),
(139, 1, '2017-09-13'),
(140, 1, '2017-09-13'),
(141, 1, '2017-09-13'),
(142, 1, '2017-09-13'),
(143, 1, '2017-09-13'),
(144, 1, '2017-09-13'),
(145, 1, '2017-09-13'),
(146, 1, '2017-09-13'),
(147, 1, '2017-09-13'),
(148, 1, '2017-09-13'),
(149, 1, '2017-09-13'),
(150, 1, '2017-09-13'),
(151, 1, '2017-09-13'),
(152, 1, '2017-09-13'),
(153, 1, '2017-09-13'),
(154, 1, '2017-09-13'),
(155, 1, '2017-09-13'),
(156, 1, '2017-09-13'),
(157, 1, '2017-09-13'),
(158, 1, '2017-09-13'),
(159, 1, '2017-09-13'),
(160, 1, '2017-09-13'),
(161, 1, '2017-09-13'),
(162, 1, '2017-09-13'),
(163, 1, '2017-09-13'),
(164, 1, '2017-09-13'),
(165, 1, '2017-09-13'),
(166, 1, '2017-09-13'),
(167, 1, '2017-09-13'),
(168, 1, '2017-09-13'),
(169, 1, '2017-09-13'),
(170, 1, '2017-09-13'),
(171, 1, '2017-09-13'),
(172, 1, '2017-09-13'),
(173, 1, '2017-09-13'),
(174, 1, '2017-09-13'),
(175, 1, '2017-09-13'),
(176, 1, '2017-09-13'),
(177, 1, '2017-09-13'),
(178, 1, '2017-09-13'),
(179, 1, '2017-09-13'),
(180, 1, '2017-09-13'),
(181, 1, '2017-09-13'),
(182, 1, '2017-09-13'),
(183, 1, '2017-09-13'),
(184, 1, '2017-09-13'),
(185, 1, '2017-09-13'),
(186, 1, '2017-09-13'),
(187, 1, '2017-09-13'),
(188, 1, '2017-09-13'),
(189, 1, '2017-09-13'),
(190, 1, '2017-09-13'),
(191, 1, '2017-09-13'),
(192, 1, '2017-09-13'),
(193, 1, '2017-09-13'),
(194, 1, '2017-09-13'),
(195, 1, '2017-09-13'),
(196, 1, '2017-09-13'),
(197, 1, '2017-09-13'),
(198, 1, '2017-09-13'),
(199, 1, '2017-09-13'),
(200, 1, '2017-09-13'),
(201, 1, '2017-09-13'),
(202, 1, '2017-09-13'),
(203, 1, '2017-09-13'),
(204, 1, '2017-09-13'),
(205, 1, '2017-09-13'),
(206, 1, '2017-09-13'),
(207, 1, '2017-09-13'),
(208, 1, '2017-09-13'),
(209, 1, '2017-09-13'),
(210, 1, '2017-09-13'),
(211, 1, '2017-09-13'),
(212, 1, '2017-09-13'),
(213, 1, '2017-09-13'),
(214, 1, '2017-09-13'),
(215, 1, '2017-09-13'),
(216, 1, '2017-09-13'),
(217, 1, '2017-09-13'),
(218, 1, '2017-09-13'),
(219, 1, '2017-09-13'),
(220, 1, '2017-09-13'),
(221, 1, '2017-09-13'),
(222, 1, '2017-09-13'),
(223, 1, '2017-09-13'),
(224, 1, '2017-09-13'),
(225, 1, '2017-09-13'),
(226, 1, '2017-09-13'),
(227, 1, '2017-09-13'),
(228, 1, '2017-09-13'),
(229, 1, '2017-09-13'),
(230, 1, '2017-09-13'),
(231, 1, '2017-09-13'),
(232, 1, '2017-09-13'),
(233, 1, '2017-09-13'),
(234, 1, '2017-09-13'),
(235, 1, '2017-09-13'),
(236, 1, '2017-09-13'),
(237, 1, '2017-09-13'),
(238, 1, '2017-09-13'),
(239, 1, '2017-09-13'),
(240, 1, '2017-09-13'),
(241, 1, '2017-09-13'),
(242, 1, '2017-09-13'),
(243, 1, '2017-09-13'),
(244, 1, '2017-09-13'),
(245, 1, '2017-09-13'),
(246, 1, '2017-09-13'),
(247, 1, '2017-09-13'),
(248, 1, '2017-09-13'),
(249, 1, '2017-09-13'),
(250, 1, '2017-09-13'),
(251, 1, '2017-09-13'),
(252, 1, '2017-09-13'),
(253, 1, '2017-09-13'),
(254, 1, '2017-09-13'),
(255, 1, '2017-09-13'),
(256, 1, '2017-09-13'),
(257, 1, '2017-09-13'),
(258, 1, '2017-09-13'),
(259, 1, '2017-09-13'),
(260, 1, '2017-09-13'),
(261, 1, '2017-09-13'),
(262, 1, '2017-09-13'),
(263, 1, '2017-09-13'),
(264, 1, '2017-09-13'),
(265, 1, '2017-09-13'),
(266, 1, '2017-09-13'),
(267, 1, '2017-09-13'),
(268, 1, '2017-09-13'),
(269, 1, '2017-09-13'),
(270, 1, '2017-09-13'),
(271, 1, '2017-09-13'),
(272, 1, '2017-09-13'),
(273, 1, '2017-09-13'),
(274, 1, '2017-09-13'),
(275, 1, '2017-09-13'),
(276, 1, '2017-09-13'),
(277, 1, '2017-09-13'),
(278, 1, '2017-09-13'),
(279, 1, '2017-09-13'),
(280, 1, '2017-09-13'),
(281, 1, '2017-09-13'),
(282, 1, '2017-09-13'),
(283, 1, '2017-09-13'),
(284, 1, '2017-09-13'),
(285, 1, '2017-09-13'),
(286, 1, '2017-09-13'),
(287, 1, '2017-09-13'),
(288, 1, '2017-09-13'),
(289, 1, '2017-09-13'),
(290, 1, '2017-09-13'),
(291, 1, '2017-09-13'),
(292, 1, '2017-09-13'),
(293, 1, '2017-09-13'),
(294, 1, '2017-09-13'),
(295, 1, '2017-09-13'),
(296, 1, '2017-09-13'),
(297, 1, '2017-09-13'),
(298, 1, '2017-09-13'),
(299, 1, '2017-09-13'),
(300, 1, '2017-09-13'),
(301, 1, '2017-09-13'),
(302, 1, '2017-09-13'),
(303, 1, '2017-09-13'),
(304, 1, '2017-09-13'),
(305, 1, '2017-09-13'),
(306, 1, '2017-09-13'),
(307, 1, '2017-09-13'),
(308, 1, '2017-09-13'),
(309, 1, '2017-09-13'),
(310, 1, '2017-09-13'),
(311, 1, '2017-09-13'),
(312, 1, '2017-09-13'),
(313, 1, '2017-09-13'),
(314, 1, '2017-09-13'),
(315, 1, '2017-09-13'),
(316, 1, '2017-09-13'),
(317, 1, '2017-09-13'),
(318, 1, '2017-09-13'),
(319, 1, '2017-09-13'),
(320, 1, '2017-09-13'),
(321, 1, '2017-09-13'),
(322, 1, '2017-09-13'),
(323, 1, '2017-09-13'),
(324, 1, '2017-09-13'),
(325, 1, '2017-09-13'),
(326, 1, '2017-09-13'),
(327, 1, '2017-09-13'),
(328, 1, '2017-09-13'),
(329, 1, '2017-09-13'),
(330, 1, '2017-09-13'),
(331, 1, '2017-09-13'),
(332, 1, '2017-09-13'),
(333, 1, '2017-09-13'),
(334, 1, '2017-09-13'),
(335, 1, '2017-09-13'),
(336, 1, '2017-09-13'),
(337, 1, '2017-09-13'),
(338, 1, '2017-09-13'),
(339, 1, '2017-09-13'),
(340, 1, '2017-09-13'),
(341, 1, '2017-09-13'),
(342, 1, '2017-09-13'),
(343, 1, '2017-09-13'),
(344, 1, '2017-09-13'),
(345, 1, '2017-09-13'),
(346, 1, '2017-09-13'),
(347, 1, '2017-09-13'),
(348, 1, '2017-09-13'),
(349, 1, '2017-09-13'),
(350, 1, '2017-09-13'),
(351, 1, '2017-09-13'),
(352, 1, '2017-09-13'),
(353, 1, '2017-09-13'),
(354, 1, '2017-09-13'),
(355, 1, '2017-09-13'),
(356, 1, '2017-09-13'),
(357, 1, '2017-09-13'),
(358, 1, '2017-09-13'),
(359, 1, '2017-09-13'),
(360, 1, '2017-09-13'),
(361, 1, '2017-09-13'),
(362, 1, '2017-09-13'),
(363, 1, '2017-09-13'),
(364, 1, '2017-09-13'),
(365, 1, '2017-09-13'),
(366, 1, '2017-09-13'),
(367, 1, '2017-09-13'),
(368, 1, '2017-09-13'),
(369, 1, '2017-09-13'),
(370, 1, '2017-09-13'),
(371, 1, '2017-09-13'),
(372, 1, '2017-09-13'),
(373, 1, '2017-09-13'),
(374, 1, '2017-09-13'),
(375, 1, '2017-09-13'),
(376, 1, '2017-09-13'),
(377, 1, '2017-09-13'),
(378, 1, '2017-09-13'),
(379, 1, '2017-09-13'),
(380, 1, '2017-09-13'),
(381, 1, '2017-09-13'),
(382, 1, '2017-09-13'),
(383, 1, '2017-09-13'),
(384, 1, '2017-09-13'),
(385, 1, '2017-09-13'),
(386, 1, '2017-09-13'),
(387, 1, '2017-09-13'),
(388, 1, '2017-09-13'),
(389, 1, '2017-09-13'),
(390, 1, '2017-09-13'),
(391, 1, '2017-09-13'),
(392, 1, '2017-09-13'),
(393, 1, '2017-09-13'),
(394, 1, '2017-09-13'),
(395, 1, '2017-09-13'),
(396, 1, '2017-09-13'),
(397, 1, '2017-09-13'),
(398, 1, '2017-09-13'),
(399, 1, '2017-09-13'),
(400, 1, '2017-09-13'),
(401, 1, '2017-09-13'),
(402, 1, '2017-09-13'),
(403, 1, '2017-09-13'),
(404, 1, '2017-09-13'),
(405, 1, '2017-09-13'),
(406, 1, '2017-09-13'),
(407, 1, '2017-09-13'),
(408, 1, '2017-09-13'),
(409, 1, '2017-09-13'),
(410, 1, '2017-09-13'),
(411, 1, '2017-09-13'),
(412, 1, '2017-09-13'),
(413, 1, '2017-09-13'),
(414, 1, '2017-09-13'),
(415, 1, '2017-09-13'),
(416, 1, '2017-09-13'),
(417, 1, '2017-09-13'),
(418, 1, '2017-09-13'),
(419, 1, '2017-09-13'),
(420, 1, '2017-09-13'),
(421, 1, '2017-09-13'),
(422, 1, '2017-09-13'),
(423, 1, '2017-09-13'),
(424, 1, '2017-09-13'),
(425, 1, '2017-09-13'),
(426, 1, '2017-09-13'),
(427, 1, '2017-09-13'),
(428, 1, '2017-09-13'),
(429, 1, '2017-09-13'),
(430, 1, '2017-09-13'),
(431, 1, '2017-09-13'),
(432, 1, '2017-09-13'),
(433, 1, '2017-09-13'),
(434, 1, '2017-09-13'),
(435, 1, '2017-09-13'),
(436, 1, '2017-09-13'),
(437, 1, '2017-09-13'),
(438, 1, '2017-09-13'),
(439, 1, '2017-09-13'),
(440, 1, '2017-09-13'),
(441, 1, '2017-09-13'),
(442, 1, '2017-09-13'),
(443, 1, '2017-09-13'),
(444, 1, '2017-09-13'),
(445, 1, '2017-09-13'),
(446, 1, '2017-09-13'),
(447, 1, '2017-09-13'),
(448, 1, '2017-09-13'),
(449, 1, '2017-09-13'),
(450, 1, '2017-09-13'),
(451, 1, '2017-09-13'),
(452, 1, '2017-09-13'),
(453, 1, '2017-09-13'),
(454, 1, '2017-09-13'),
(455, 1, '2017-09-13'),
(456, 1, '2017-09-13'),
(457, 1, '2017-09-13'),
(458, 1, '2017-09-13'),
(459, 1, '2017-09-13'),
(460, 1, '2017-09-13'),
(461, 1, '2017-09-13'),
(462, 1, '2017-09-13'),
(463, 1, '2017-09-13'),
(464, 1, '2017-09-13'),
(465, 1, '2017-09-13'),
(466, 1, '2017-09-13'),
(467, 1, '2017-09-13'),
(468, 1, '2017-09-13'),
(469, 1, '2017-09-13'),
(470, 1, '2017-09-13'),
(471, 1, '2017-09-13'),
(472, 1, '2017-09-13'),
(473, 1, '2017-09-13'),
(474, 1, '2017-09-13'),
(475, 1, '2017-09-13'),
(476, 1, '2017-09-13'),
(477, 1, '2017-09-13'),
(478, 1, '2017-09-13'),
(479, 1, '2017-09-13'),
(480, 1, '2017-09-13'),
(481, 1, '2017-09-13'),
(482, 1, '2017-09-13'),
(483, 1, '2017-09-13'),
(484, 1, '2017-09-13'),
(485, 1, '2017-09-13'),
(486, 1, '2017-09-13'),
(487, 1, '2017-09-13'),
(488, 1, '2017-09-13'),
(489, 1, '2017-09-13'),
(490, 1, '2017-09-13'),
(491, 1, '2017-09-13'),
(492, 1, '2017-09-13'),
(493, 1, '2017-09-13'),
(494, 1, '2017-09-13'),
(495, 1, '2017-09-13'),
(496, 1, '2017-09-13'),
(497, 1, '2017-09-13'),
(498, 1, '2017-09-13'),
(499, 1, '2017-09-13'),
(500, 1, '2017-09-13'),
(501, 1, '2017-09-13'),
(502, 1, '2017-09-13'),
(503, 1, '2017-09-13'),
(504, 1, '2017-09-13'),
(505, 1, '2017-09-13'),
(506, 1, '2017-09-13');

-- --------------------------------------------------------

--
-- Table structure for table `unit_pa`
--

CREATE TABLE `unit_pa` (
  `id_unit` int(11) NOT NULL,
  `pa` varchar(100) NOT NULL,
  `date` date NOT NULL
) ENGINE=InnoDB DEFAULT CHARSET=utf8;

-- --------------------------------------------------------

--
-- Table structure for table `unit_place`
--

CREATE TABLE `unit_place` (
  `id_unit` int(11) NOT NULL,
  `place` varchar(100) NOT NULL,
  `date` date NOT NULL
) ENGINE=InnoDB DEFAULT CHARSET=utf8;

-- --------------------------------------------------------

--
-- Table structure for table `unit_service`
--

CREATE TABLE `unit_service` (
  `id` int(11) NOT NULL,
  `name` varchar(255) NOT NULL,
  `description` text NOT NULL
) ENGINE=InnoDB DEFAULT CHARSET=utf8;

--
-- Dumping data for table `unit_service`
--

INSERT INTO `unit_service` (`id`, `name`, `description`) VALUES
(1, 'Planeamento Familiar', ''),
(2, 'Cuidados Pré-Natais', ''),
(3, 'Prevenção da Transmissão Vertical do Hiv', ''),
(4, 'Cuidados Obstétricos e Neonatais', ''),
(5, 'Programa Alargado de Vacinação', ''),
(6, 'Consulta Geral de Pediatria', ''),
(7, 'SAAJ', ''),
(8, 'Aconselhamento e Testagem de Hiv', ''),
(9, 'Tratamento de Hiv', ''),
(10, 'Cuidados e Apoio Sobre HIV', ''),
(11, 'Infecções de Transmissão Sexual', ''),
(12, 'Tuberculose', ''),
(13, 'Malária', ''),
(14, 'Doenças não Transmissíveis', ''),
(15, 'Cirurgia', ''),
(16, 'Transfusão de Sangue', ''),
(17, 'Serviços de Tratamento', ''),
(18, 'Serviços de Consulta Externa', ''),
(19, 'Serviços de Saúde Mental', ''),
(20, 'Serviços de Fisioterapia', ''),
(21, 'Serviços de Medicina Legal', ''),
(22, 'Serviços de Anatomia Patológica', ''),
(23, 'Serviço de Neonatologia', ''),
(24, 'Laboratório', ''),
(25, 'Farmácia', ''),
(26, 'Raio X/Imageologia', ''),
(27, 'Casa Mortuária', ''),
(28, 'Transporte', ''),
(29, 'Hotelaria Hospitalar', ''),
(30, 'Manutenção e Electromedicina', ''),
(31, 'Centro Ortopédico', ''),
(32, 'Higiene e Limpeza', ''),
(33, 'Urgência', '');

-- --------------------------------------------------------

--
-- Table structure for table `unit_state`
--

CREATE TABLE `unit_state` (
  `id` int(11) NOT NULL,
  `name` varchar(255) NOT NULL,
  `description` text NOT NULL
) ENGINE=InnoDB DEFAULT CHARSET=utf8;

--
-- Dumping data for table `unit_state`
--

INSERT INTO `unit_state` (`id`, `name`, `description`) VALUES
(1, 'Operacional', ''),
(2, 'Licenciada', ''),
(3, 'Em licenciamento', ''),
(4, 'Licença suspensa', ''),
(5, 'Licença cancelada', ''),
(6, 'Em registo', ''),
(7, 'Registada', ''),
(8, 'Fechada', ''),
(9, 'Invalida', ''),
(10, 'Não existe', ''),
(11, 'Duplicada', ''),
(12, 'Encerrada temporariamente', '');

-- --------------------------------------------------------

--
-- Table structure for table `unit_type`
--

CREATE TABLE `unit_type` (
  `id` int(11) NOT NULL,
  `name` varchar(255) NOT NULL,
  `description` text NOT NULL
) ENGINE=InnoDB DEFAULT CHARSET=utf8;

--
-- Dumping data for table `unit_type`
--

INSERT INTO `unit_type` (`id`, `name`, `description`) VALUES
(1, 'Posto de Saúde', ''),
(2, 'Centro de Saúde Rural I', ''),
(3, 'Centro de Saúde Rural II', ''),
(4, 'Centro de Saúde Urbano A', ''),
(5, 'Centro de Saúde Urbano B', ''),
(6, 'Centro de Saúde Urbano C', ''),
(7, 'Hospital Rural', ''),
(8, 'Hospital Distrital', ''),
(9, 'Hospital Geral', ''),
(10, 'Hospital Provincial', ''),
(11, 'Hospital Especializado', ''),
(12, 'Hospital Central', ''),
(13, 'Hospital Privado', ''),
(14, 'Armazem Central de Medicamentos', ''),
(15, 'Armazem Provincial de Medicamentos', ''),
(16, 'Armazem Distrital de Medicamentos', ''),
(17, 'Farmácia Pública Privada', ''),
(18, 'Farmácia Privada', ''),
(19, 'Laboratório Clínico', ''),
(20, 'Laboratório de Saúde Pública', ''),
(21, 'Laboratório Nacional de Qualidade de Medicamentos', ''),
(22, 'Centro Regional de Desenvolvimento em Saúde', ''),
(23, 'Instituto de Ciências de Saúde', ''),
(24, 'Instituição de Investigação em Saúde', ''),
(25, 'Hospital Militar', ''),
(26, 'MISAU: Órgão Central', ''),
(27, 'DPS:Órgão Provincial', ''),
(28, 'SDMAS: Órgão Distrital', ''),
(29, 'Desconhecido', '');

-- --------------------------------------------------------

--
-- Table structure for table `unit_unit_authority`
--

CREATE TABLE `unit_unit_authority` (
  `id_unit` int(11) NOT NULL,
  `id_authority` int(11) NOT NULL,
  `date` date NOT NULL
) ENGINE=InnoDB DEFAULT CHARSET=utf8;

--
-- Dumping data for table `unit_unit_authority`
--

INSERT INTO `unit_unit_authority` (`id_unit`, `id_authority`, `date`) VALUES
(1, 1, '2017-09-13'),
(2, 1, '2017-09-13'),
(3, 1, '2017-09-13'),
(4, 1, '2017-09-13'),
(5, 1, '2017-09-13'),
(6, 1, '2017-09-13'),
(7, 1, '2017-09-13'),
(8, 1, '2017-09-13'),
(9, 1, '2017-09-13'),
(10, 1, '2017-09-13'),
(11, 1, '2017-09-13'),
(12, 1, '2017-09-13'),
(13, 1, '2017-09-13'),
(14, 1, '2017-09-13'),
(15, 1, '2017-09-13'),
(16, 1, '2017-09-13'),
(17, 1, '2017-09-13'),
(18, 1, '2017-09-13'),
(19, 1, '2017-09-13'),
(20, 1, '2017-09-13'),
(21, 1, '2017-09-13'),
(22, 1, '2017-09-13'),
(23, 1, '2017-09-13'),
(24, 1, '2017-09-13'),
(25, 1, '2017-09-13'),
(26, 1, '2017-09-13'),
(27, 1, '2017-09-13'),
(28, 1, '2017-09-13'),
(29, 1, '2017-09-13'),
(30, 1, '2017-09-13'),
(31, 1, '2017-09-13'),
(32, 1, '2017-09-13'),
(33, 1, '2017-09-13'),
(34, 1, '2017-09-13'),
(35, 1, '2017-09-13'),
(36, 1, '2017-09-13'),
(37, 1, '2017-09-13'),
(38, 1, '2017-09-13'),
(39, 1, '2017-09-13'),
(40, 1, '2017-09-13'),
(41, 1, '2017-09-13'),
(42, 1, '2017-09-13'),
(43, 1, '2017-09-13'),
(44, 1, '2017-09-13'),
(45, 1, '2017-09-13'),
(46, 1, '2017-09-13'),
(47, 1, '2017-09-13'),
(48, 1, '2017-09-13'),
(49, 1, '2017-09-13'),
(50, 1, '2017-09-13'),
(51, 1, '2017-09-13'),
(52, 1, '2017-09-13'),
(53, 1, '2017-09-13'),
(54, 1, '2017-09-13'),
(55, 1, '2017-09-13'),
(56, 1, '2017-09-13'),
(57, 1, '2017-09-13'),
(58, 1, '2017-09-13'),
(59, 1, '2017-09-13'),
(60, 1, '2017-09-13'),
(61, 1, '2017-09-13'),
(62, 1, '2017-09-13'),
(63, 1, '2017-09-13'),
(64, 1, '2017-09-13'),
(65, 1, '2017-09-13'),
(66, 1, '2017-09-13'),
(67, 1, '2017-09-13'),
(68, 1, '2017-09-13'),
(69, 1, '2017-09-13'),
(70, 1, '2017-09-13'),
(71, 1, '2017-09-13'),
(72, 1, '2017-09-13'),
(73, 1, '2017-09-13'),
(74, 1, '2017-09-13'),
(75, 1, '2017-09-13'),
(76, 1, '2017-09-13'),
(77, 1, '2017-09-13'),
(78, 1, '2017-09-13'),
(79, 1, '2017-09-13'),
(80, 1, '2017-09-13'),
(81, 1, '2017-09-13'),
(82, 1, '2017-09-13'),
(83, 1, '2017-09-13'),
(84, 1, '2017-09-13'),
(85, 1, '2017-09-13'),
(86, 1, '2017-09-13'),
(87, 1, '2017-09-13'),
(88, 1, '2017-09-13'),
(89, 1, '2017-09-13'),
(90, 1, '2017-09-13'),
(91, 1, '2017-09-13'),
(92, 1, '2017-09-13'),
(93, 1, '2017-09-13'),
(94, 1, '2017-09-13'),
(95, 1, '2017-09-13'),
(96, 1, '2017-09-13'),
(97, 1, '2017-09-13'),
(98, 1, '2017-09-13'),
(99, 1, '2017-09-13'),
(100, 1, '2017-09-13'),
(101, 1, '2017-09-13'),
(102, 1, '2017-09-13'),
(103, 1, '2017-09-13'),
(104, 1, '2017-09-13'),
(105, 1, '2017-09-13'),
(106, 1, '2017-09-13'),
(107, 1, '2017-09-13'),
(108, 1, '2017-09-13'),
(109, 1, '2017-09-13'),
(110, 1, '2017-09-13'),
(111, 1, '2017-09-13'),
(112, 1, '2017-09-13'),
(113, 1, '2017-09-13'),
(114, 1, '2017-09-13'),
(115, 1, '2017-09-13'),
(116, 1, '2017-09-13'),
(117, 1, '2017-09-13'),
(118, 1, '2017-09-13'),
(119, 1, '2017-09-13'),
(120, 1, '2017-09-13'),
(121, 1, '2017-09-13'),
(122, 1, '2017-09-13'),
(123, 1, '2017-09-13'),
(124, 1, '2017-09-13'),
(125, 1, '2017-09-13'),
(126, 1, '2017-09-13'),
(127, 1, '2017-09-13'),
(128, 1, '2017-09-13'),
(129, 1, '2017-09-13'),
(130, 1, '2017-09-13'),
(131, 1, '2017-09-13'),
(132, 1, '2017-09-13'),
(133, 1, '2017-09-13'),
(134, 1, '2017-09-13'),
(135, 1, '2017-09-13'),
(136, 1, '2017-09-13'),
(137, 1, '2017-09-13'),
(138, 1, '2017-09-13'),
(139, 1, '2017-09-13'),
(140, 1, '2017-09-13'),
(141, 1, '2017-09-13'),
(142, 1, '2017-09-13'),
(143, 1, '2017-09-13'),
(144, 1, '2017-09-13'),
(145, 1, '2017-09-13'),
(146, 1, '2017-09-13'),
(147, 1, '2017-09-13'),
(148, 1, '2017-09-13'),
(149, 1, '2017-09-13'),
(150, 1, '2017-09-13'),
(151, 1, '2017-09-13'),
(152, 1, '2017-09-13'),
(153, 1, '2017-09-13'),
(154, 1, '2017-09-13'),
(155, 1, '2017-09-13'),
(156, 1, '2017-09-13'),
(157, 1, '2017-09-13'),
(158, 1, '2017-09-13'),
(159, 1, '2017-09-13'),
(160, 1, '2017-09-13'),
(161, 1, '2017-09-13'),
(162, 1, '2017-09-13'),
(163, 1, '2017-09-13'),
(164, 1, '2017-09-13'),
(165, 1, '2017-09-13'),
(166, 1, '2017-09-13'),
(167, 1, '2017-09-13'),
(168, 1, '2017-09-13'),
(169, 1, '2017-09-13'),
(170, 1, '2017-09-13'),
(171, 1, '2017-09-13'),
(172, 1, '2017-09-13'),
(173, 1, '2017-09-13'),
(174, 1, '2017-09-13'),
(175, 1, '2017-09-13'),
(176, 1, '2017-09-13'),
(177, 1, '2017-09-13'),
(178, 1, '2017-09-13'),
(179, 1, '2017-09-13'),
(180, 1, '2017-09-13'),
(181, 1, '2017-09-13'),
(182, 1, '2017-09-13'),
(183, 1, '2017-09-13'),
(184, 1, '2017-09-13'),
(185, 1, '2017-09-13'),
(186, 1, '2017-09-13'),
(187, 1, '2017-09-13'),
(188, 1, '2017-09-13'),
(189, 1, '2017-09-13'),
(190, 1, '2017-09-13'),
(191, 1, '2017-09-13'),
(192, 1, '2017-09-13'),
(193, 1, '2017-09-13'),
(194, 1, '2017-09-13'),
(195, 1, '2017-09-13'),
(196, 1, '2017-09-13'),
(197, 1, '2017-09-13'),
(198, 1, '2017-09-13'),
(199, 1, '2017-09-13'),
(200, 1, '2017-09-13'),
(201, 1, '2017-09-13'),
(202, 1, '2017-09-13'),
(203, 1, '2017-09-13'),
(204, 1, '2017-09-13'),
(205, 1, '2017-09-13'),
(206, 1, '2017-09-13'),
(207, 1, '2017-09-13'),
(208, 1, '2017-09-13'),
(209, 1, '2017-09-13'),
(210, 1, '2017-09-13'),
(211, 1, '2017-09-13'),
(212, 1, '2017-09-13'),
(213, 1, '2017-09-13'),
(214, 1, '2017-09-13'),
(215, 1, '2017-09-13'),
(216, 1, '2017-09-13'),
(217, 1, '2017-09-13'),
(218, 1, '2017-09-13'),
(219, 1, '2017-09-13'),
(220, 1, '2017-09-13'),
(221, 1, '2017-09-13'),
(222, 1, '2017-09-13'),
(223, 1, '2017-09-13'),
(224, 1, '2017-09-13'),
(225, 1, '2017-09-13'),
(226, 1, '2017-09-13'),
(227, 1, '2017-09-13'),
(228, 1, '2017-09-13'),
(229, 1, '2017-09-13'),
(230, 1, '2017-09-13'),
(231, 1, '2017-09-13'),
(232, 1, '2017-09-13'),
(233, 1, '2017-09-13'),
(234, 1, '2017-09-13'),
(235, 1, '2017-09-13'),
(236, 1, '2017-09-13'),
(237, 1, '2017-09-13'),
(238, 1, '2017-09-13'),
(239, 1, '2017-09-13'),
(240, 1, '2017-09-13'),
(241, 1, '2017-09-13'),
(242, 1, '2017-09-13'),
(243, 1, '2017-09-13'),
(244, 1, '2017-09-13'),
(245, 1, '2017-09-13'),
(246, 1, '2017-09-13'),
(247, 1, '2017-09-13'),
(248, 1, '2017-09-13'),
(249, 1, '2017-09-13'),
(250, 1, '2017-09-13'),
(251, 1, '2017-09-13'),
(252, 1, '2017-09-13'),
(253, 1, '2017-09-13'),
(254, 1, '2017-09-13'),
(255, 1, '2017-09-13'),
(256, 1, '2017-09-13'),
(257, 1, '2017-09-13'),
(258, 1, '2017-09-13'),
(259, 1, '2017-09-13'),
(260, 1, '2017-09-13'),
(261, 1, '2017-09-13'),
(262, 1, '2017-09-13'),
(263, 1, '2017-09-13'),
(264, 1, '2017-09-13'),
(265, 1, '2017-09-13'),
(266, 1, '2017-09-13'),
(267, 1, '2017-09-13'),
(268, 1, '2017-09-13'),
(269, 1, '2017-09-13'),
(270, 1, '2017-09-13'),
(271, 1, '2017-09-13'),
(272, 1, '2017-09-13'),
(273, 1, '2017-09-13'),
(274, 1, '2017-09-13'),
(275, 1, '2017-09-13'),
(276, 1, '2017-09-13'),
(277, 1, '2017-09-13'),
(278, 1, '2017-09-13'),
(279, 1, '2017-09-13'),
(280, 1, '2017-09-13'),
(281, 1, '2017-09-13'),
(282, 1, '2017-09-13'),
(283, 1, '2017-09-13'),
(284, 1, '2017-09-13'),
(285, 1, '2017-09-13'),
(286, 1, '2017-09-13'),
(287, 1, '2017-09-13'),
(288, 1, '2017-09-13'),
(289, 1, '2017-09-13'),
(290, 1, '2017-09-13'),
(291, 1, '2017-09-13'),
(292, 1, '2017-09-13'),
(293, 1, '2017-09-13'),
(294, 1, '2017-09-13'),
(295, 1, '2017-09-13'),
(296, 1, '2017-09-13'),
(297, 1, '2017-09-13'),
(298, 1, '2017-09-13'),
(299, 1, '2017-09-13'),
(300, 1, '2017-09-13'),
(301, 1, '2017-09-13'),
(302, 1, '2017-09-13'),
(303, 1, '2017-09-13'),
(304, 1, '2017-09-13'),
(305, 1, '2017-09-13'),
(306, 1, '2017-09-13'),
(307, 1, '2017-09-13'),
(308, 1, '2017-09-13'),
(309, 1, '2017-09-13'),
(310, 1, '2017-09-13'),
(311, 1, '2017-09-13'),
(312, 1, '2017-09-13'),
(313, 1, '2017-09-13'),
(314, 1, '2017-09-13'),
(315, 1, '2017-09-13'),
(316, 1, '2017-09-13'),
(317, 1, '2017-09-13'),
(318, 1, '2017-09-13'),
(319, 1, '2017-09-13'),
(320, 1, '2017-09-13'),
(321, 1, '2017-09-13'),
(322, 1, '2017-09-13'),
(323, 1, '2017-09-13'),
(324, 1, '2017-09-13'),
(325, 1, '2017-09-13'),
(326, 1, '2017-09-13'),
(327, 1, '2017-09-13'),
(328, 1, '2017-09-13'),
(329, 1, '2017-09-13'),
(330, 1, '2017-09-13'),
(331, 1, '2017-09-13'),
(332, 1, '2017-09-13'),
(333, 1, '2017-09-13'),
(334, 1, '2017-09-13'),
(335, 1, '2017-09-13'),
(336, 1, '2017-09-13'),
(337, 1, '2017-09-13'),
(338, 1, '2017-09-13'),
(339, 1, '2017-09-13'),
(340, 1, '2017-09-13'),
(341, 1, '2017-09-13'),
(342, 1, '2017-09-13'),
(343, 1, '2017-09-13'),
(344, 1, '2017-09-13'),
(345, 1, '2017-09-13'),
(346, 1, '2017-09-13'),
(347, 1, '2017-09-13'),
(348, 1, '2017-09-13'),
(349, 1, '2017-09-13'),
(350, 1, '2017-09-13'),
(351, 1, '2017-09-13'),
(352, 1, '2017-09-13'),
(353, 1, '2017-09-13'),
(354, 1, '2017-09-13'),
(355, 1, '2017-09-13'),
(356, 1, '2017-09-13'),
(357, 1, '2017-09-13'),
(358, 1, '2017-09-13'),
(359, 1, '2017-09-13'),
(360, 1, '2017-09-13'),
(361, 1, '2017-09-13'),
(362, 1, '2017-09-13'),
(363, 1, '2017-09-13'),
(364, 1, '2017-09-13'),
(365, 1, '2017-09-13'),
(366, 1, '2017-09-13'),
(367, 1, '2017-09-13'),
(368, 1, '2017-09-13'),
(369, 1, '2017-09-13'),
(370, 1, '2017-09-13'),
(371, 1, '2017-09-13'),
(372, 1, '2017-09-13'),
(373, 1, '2017-09-13'),
(374, 1, '2017-09-13'),
(375, 1, '2017-09-13'),
(376, 1, '2017-09-13'),
(377, 1, '2017-09-13'),
(378, 1, '2017-09-13'),
(379, 1, '2017-09-13'),
(380, 1, '2017-09-13'),
(381, 1, '2017-09-13'),
(382, 1, '2017-09-13'),
(383, 1, '2017-09-13'),
(384, 1, '2017-09-13'),
(385, 1, '2017-09-13'),
(386, 1, '2017-09-13'),
(387, 1, '2017-09-13'),
(388, 1, '2017-09-13'),
(389, 1, '2017-09-13'),
(390, 1, '2017-09-13'),
(391, 1, '2017-09-13'),
(392, 1, '2017-09-13'),
(393, 1, '2017-09-13'),
(394, 1, '2017-09-13'),
(395, 1, '2017-09-13'),
(396, 1, '2017-09-13'),
(397, 1, '2017-09-13'),
(398, 1, '2017-09-13'),
(399, 1, '2017-09-13'),
(400, 1, '2017-09-13'),
(401, 1, '2017-09-13'),
(402, 1, '2017-09-13'),
(403, 1, '2017-09-13'),
(404, 1, '2017-09-13'),
(405, 1, '2017-09-13'),
(406, 1, '2017-09-13'),
(407, 1, '2017-09-13'),
(408, 1, '2017-09-13'),
(409, 1, '2017-09-13'),
(410, 1, '2017-09-13'),
(411, 1, '2017-09-13'),
(412, 1, '2017-09-13'),
(413, 1, '2017-09-13'),
(414, 1, '2017-09-13'),
(415, 1, '2017-09-13'),
(416, 1, '2017-09-13'),
(417, 1, '2017-09-13'),
(418, 1, '2017-09-13'),
(419, 1, '2017-09-13'),
(420, 1, '2017-09-13'),
(421, 1, '2017-09-13'),
(422, 1, '2017-09-13'),
(423, 1, '2017-09-13'),
(424, 1, '2017-09-13'),
(425, 1, '2017-09-13'),
(426, 1, '2017-09-13'),
(427, 1, '2017-09-13'),
(428, 1, '2017-09-13'),
(429, 1, '2017-09-13'),
(430, 1, '2017-09-13'),
(431, 1, '2017-09-13'),
(432, 1, '2017-09-13'),
(433, 1, '2017-09-13'),
(434, 1, '2017-09-13'),
(435, 1, '2017-09-13'),
(436, 1, '2017-09-13'),
(437, 1, '2017-09-13'),
(438, 1, '2017-09-13'),
(439, 1, '2017-09-13'),
(440, 1, '2017-09-13'),
(441, 1, '2017-09-13'),
(442, 1, '2017-09-13'),
(443, 1, '2017-09-13'),
(444, 1, '2017-09-13'),
(445, 1, '2017-09-13'),
(446, 1, '2017-09-13'),
(447, 1, '2017-09-13'),
(448, 1, '2017-09-13'),
(449, 1, '2017-09-13'),
(450, 1, '2017-09-13'),
(451, 1, '2017-09-13'),
(452, 1, '2017-09-13'),
(453, 1, '2017-09-13'),
(454, 1, '2017-09-13'),
(455, 1, '2017-09-13'),
(456, 1, '2017-09-13'),
(457, 1, '2017-09-13'),
(458, 1, '2017-09-13'),
(459, 1, '2017-09-13'),
(460, 1, '2017-09-13'),
(461, 1, '2017-09-13'),
(462, 1, '2017-09-13'),
(463, 1, '2017-09-13'),
(464, 1, '2017-09-13'),
(465, 1, '2017-09-13'),
(466, 1, '2017-09-13'),
(467, 1, '2017-09-13'),
(468, 1, '2017-09-13'),
(469, 1, '2017-09-13'),
(470, 1, '2017-09-13'),
(471, 1, '2017-09-13'),
(472, 1, '2017-09-13'),
(473, 1, '2017-09-13'),
(474, 1, '2017-09-13'),
(475, 1, '2017-09-13'),
(476, 1, '2017-09-13'),
(477, 1, '2017-09-13'),
(478, 1, '2017-09-13'),
(479, 1, '2017-09-13'),
(480, 1, '2017-09-13'),
(481, 1, '2017-09-13'),
(482, 1, '2017-09-13'),
(483, 1, '2017-09-13'),
(484, 1, '2017-09-13'),
(485, 1, '2017-09-13'),
(486, 1, '2017-09-13'),
(487, 1, '2017-09-13'),
(488, 1, '2017-09-13'),
(489, 1, '2017-09-13'),
(490, 1, '2017-09-13'),
(491, 1, '2017-09-13'),
(492, 1, '2017-09-13'),
(493, 1, '2017-09-13'),
(494, 1, '2017-09-13'),
(495, 1, '2017-09-13'),
(496, 1, '2017-09-13'),
(497, 1, '2017-09-13'),
(498, 1, '2017-09-13'),
(499, 1, '2017-09-13'),
(500, 1, '2017-09-13'),
(501, 1, '2017-09-13'),
(502, 1, '2017-09-13'),
(503, 1, '2017-09-13'),
(504, 1, '2017-09-13'),
(505, 1, '2017-09-13'),
(506, 1, '2017-09-13');

-- --------------------------------------------------------

--
-- Table structure for table `unit_unit_service`
--

CREATE TABLE `unit_unit_service` (
  `id_unit` int(11) NOT NULL,
  `id_service` int(11) NOT NULL,
  `date` date NOT NULL,
  `active` tinyint(1) NOT NULL
) ENGINE=InnoDB DEFAULT CHARSET=utf8;

-- --------------------------------------------------------

--
-- Table structure for table `unit_unit_state`
--

CREATE TABLE `unit_unit_state` (
  `id_unit` int(11) NOT NULL,
  `id_state` int(11) NOT NULL,
  `date` date NOT NULL
) ENGINE=InnoDB DEFAULT CHARSET=utf8;

--
-- Dumping data for table `unit_unit_state`
--

INSERT INTO `unit_unit_state` (`id_unit`, `id_state`, `date`) VALUES
(1, 1, '2017-09-13'),
(2, 1, '2017-09-13'),
(3, 1, '2017-09-13'),
(4, 1, '2017-09-13'),
(5, 1, '2017-09-13'),
(6, 1, '2017-09-13'),
(7, 1, '2017-09-13'),
(8, 1, '2017-09-13'),
(9, 1, '2017-09-13'),
(10, 1, '2017-09-13'),
(11, 1, '2017-09-13'),
(12, 1, '2017-09-13'),
(13, 1, '2017-09-13'),
(14, 1, '2017-09-13'),
(15, 1, '2017-09-13'),
(16, 1, '2017-09-13'),
(17, 1, '2017-09-13'),
(18, 1, '2017-09-13'),
(19, 1, '2017-09-13'),
(20, 1, '2017-09-13'),
(21, 1, '2017-09-13'),
(22, 1, '2017-09-13'),
(23, 1, '2017-09-13'),
(24, 1, '2017-09-13'),
(25, 1, '2017-09-13'),
(26, 1, '2017-09-13'),
(27, 1, '2017-09-13'),
(28, 1, '2017-09-13'),
(29, 1, '2017-09-13'),
(30, 1, '2017-09-13'),
(31, 1, '2017-09-13'),
(32, 1, '2017-09-13'),
(33, 1, '2017-09-13'),
(34, 1, '2017-09-13'),
(35, 1, '2017-09-13'),
(36, 1, '2017-09-13'),
(37, 1, '2017-09-13'),
(38, 1, '2017-09-13'),
(39, 1, '2017-09-13'),
(40, 1, '2017-09-13'),
(41, 1, '2017-09-13'),
(42, 1, '2017-09-13'),
(43, 1, '2017-09-13'),
(44, 1, '2017-09-13'),
(45, 1, '2017-09-13'),
(46, 1, '2017-09-13'),
(47, 1, '2017-09-13'),
(48, 1, '2017-09-13'),
(49, 1, '2017-09-13'),
(50, 1, '2017-09-13'),
(51, 1, '2017-09-13'),
(52, 1, '2017-09-13'),
(53, 1, '2017-09-13'),
(54, 1, '2017-09-13'),
(55, 1, '2017-09-13'),
(56, 1, '2017-09-13'),
(57, 1, '2017-09-13'),
(58, 1, '2017-09-13'),
(59, 1, '2017-09-13'),
(60, 1, '2017-09-13'),
(61, 1, '2017-09-13'),
(62, 1, '2017-09-13'),
(63, 1, '2017-09-13'),
(64, 1, '2017-09-13'),
(65, 1, '2017-09-13'),
(66, 1, '2017-09-13'),
(67, 1, '2017-09-13'),
(68, 1, '2017-09-13'),
(69, 1, '2017-09-13'),
(70, 1, '2017-09-13'),
(71, 1, '2017-09-13'),
(72, 1, '2017-09-13'),
(73, 1, '2017-09-13'),
(74, 1, '2017-09-13'),
(75, 1, '2017-09-13'),
(76, 1, '2017-09-13'),
(77, 1, '2017-09-13'),
(78, 1, '2017-09-13'),
(79, 1, '2017-09-13'),
(80, 1, '2017-09-13'),
(81, 1, '2017-09-13'),
(82, 1, '2017-09-13'),
(83, 1, '2017-09-13'),
(84, 1, '2017-09-13'),
(85, 1, '2017-09-13'),
(86, 1, '2017-09-13'),
(87, 1, '2017-09-13'),
(88, 1, '2017-09-13'),
(89, 1, '2017-09-13'),
(90, 1, '2017-09-13'),
(91, 1, '2017-09-13'),
(92, 1, '2017-09-13'),
(93, 1, '2017-09-13'),
(94, 1, '2017-09-13'),
(95, 1, '2017-09-13'),
(96, 1, '2017-09-13'),
(97, 1, '2017-09-13'),
(98, 1, '2017-09-13'),
(99, 1, '2017-09-13'),
(100, 1, '2017-09-13'),
(101, 1, '2017-09-13'),
(102, 1, '2017-09-13'),
(103, 1, '2017-09-13'),
(104, 1, '2017-09-13'),
(105, 1, '2017-09-13'),
(106, 1, '2017-09-13'),
(107, 1, '2017-09-13'),
(108, 1, '2017-09-13'),
(109, 1, '2017-09-13'),
(110, 1, '2017-09-13'),
(111, 1, '2017-09-13'),
(112, 1, '2017-09-13'),
(113, 1, '2017-09-13'),
(114, 1, '2017-09-13'),
(115, 1, '2017-09-13'),
(116, 1, '2017-09-13'),
(117, 1, '2017-09-13'),
(118, 1, '2017-09-13'),
(119, 1, '2017-09-13'),
(120, 1, '2017-09-13'),
(121, 1, '2017-09-13'),
(122, 1, '2017-09-13'),
(123, 1, '2017-09-13'),
(124, 1, '2017-09-13'),
(125, 1, '2017-09-13'),
(126, 1, '2017-09-13'),
(127, 1, '2017-09-13'),
(128, 1, '2017-09-13'),
(129, 1, '2017-09-13'),
(130, 1, '2017-09-13'),
(131, 1, '2017-09-13'),
(132, 1, '2017-09-13'),
(133, 1, '2017-09-13'),
(134, 1, '2017-09-13'),
(135, 1, '2017-09-13'),
(136, 1, '2017-09-13'),
(137, 1, '2017-09-13'),
(138, 1, '2017-09-13'),
(139, 1, '2017-09-13'),
(140, 1, '2017-09-13'),
(141, 1, '2017-09-13'),
(142, 1, '2017-09-13'),
(143, 1, '2017-09-13'),
(144, 1, '2017-09-13'),
(145, 1, '2017-09-13'),
(146, 1, '2017-09-13'),
(147, 1, '2017-09-13'),
(148, 1, '2017-09-13'),
(149, 1, '2017-09-13'),
(150, 1, '2017-09-13'),
(151, 1, '2017-09-13'),
(152, 1, '2017-09-13'),
(153, 1, '2017-09-13'),
(154, 1, '2017-09-13'),
(155, 1, '2017-09-13'),
(156, 1, '2017-09-13'),
(157, 1, '2017-09-13'),
(158, 1, '2017-09-13'),
(159, 1, '2017-09-13'),
(160, 1, '2017-09-13'),
(161, 1, '2017-09-13'),
(162, 1, '2017-09-13'),
(163, 1, '2017-09-13'),
(164, 1, '2017-09-13'),
(165, 1, '2017-09-13'),
(166, 1, '2017-09-13'),
(167, 1, '2017-09-13'),
(168, 1, '2017-09-13'),
(169, 1, '2017-09-13'),
(170, 1, '2017-09-13'),
(171, 1, '2017-09-13'),
(172, 1, '2017-09-13'),
(173, 1, '2017-09-13'),
(174, 1, '2017-09-13'),
(175, 1, '2017-09-13'),
(176, 1, '2017-09-13'),
(177, 1, '2017-09-13'),
(178, 1, '2017-09-13'),
(179, 1, '2017-09-13'),
(180, 1, '2017-09-13'),
(181, 1, '2017-09-13'),
(182, 1, '2017-09-13'),
(183, 1, '2017-09-13'),
(184, 1, '2017-09-13'),
(185, 1, '2017-09-13'),
(186, 1, '2017-09-13'),
(187, 1, '2017-09-13'),
(188, 1, '2017-09-13'),
(189, 1, '2017-09-13'),
(190, 1, '2017-09-13'),
(191, 1, '2017-09-13'),
(192, 1, '2017-09-13'),
(193, 1, '2017-09-13'),
(194, 1, '2017-09-13'),
(195, 1, '2017-09-13'),
(196, 1, '2017-09-13'),
(197, 1, '2017-09-13'),
(198, 1, '2017-09-13'),
(199, 1, '2017-09-13'),
(200, 1, '2017-09-13'),
(201, 1, '2017-09-13'),
(202, 1, '2017-09-13'),
(203, 1, '2017-09-13'),
(204, 1, '2017-09-13'),
(205, 1, '2017-09-13'),
(206, 1, '2017-09-13'),
(207, 1, '2017-09-13'),
(208, 1, '2017-09-13'),
(209, 1, '2017-09-13'),
(210, 1, '2017-09-13'),
(211, 1, '2017-09-13'),
(212, 1, '2017-09-13'),
(213, 1, '2017-09-13'),
(214, 1, '2017-09-13'),
(215, 1, '2017-09-13'),
(216, 1, '2017-09-13'),
(217, 1, '2017-09-13'),
(218, 1, '2017-09-13'),
(219, 1, '2017-09-13'),
(220, 1, '2017-09-13'),
(221, 1, '2017-09-13'),
(222, 1, '2017-09-13'),
(223, 1, '2017-09-13'),
(224, 1, '2017-09-13'),
(225, 1, '2017-09-13'),
(226, 1, '2017-09-13'),
(227, 1, '2017-09-13'),
(228, 1, '2017-09-13'),
(229, 1, '2017-09-13'),
(230, 1, '2017-09-13'),
(231, 1, '2017-09-13'),
(232, 1, '2017-09-13'),
(233, 1, '2017-09-13'),
(234, 1, '2017-09-13'),
(235, 1, '2017-09-13'),
(236, 1, '2017-09-13'),
(237, 1, '2017-09-13'),
(238, 1, '2017-09-13'),
(239, 1, '2017-09-13'),
(240, 1, '2017-09-13'),
(241, 1, '2017-09-13'),
(242, 1, '2017-09-13'),
(243, 1, '2017-09-13'),
(244, 1, '2017-09-13'),
(245, 1, '2017-09-13'),
(246, 1, '2017-09-13'),
(247, 1, '2017-09-13'),
(248, 1, '2017-09-13'),
(249, 1, '2017-09-13'),
(250, 1, '2017-09-13'),
(251, 1, '2017-09-13'),
(252, 1, '2017-09-13'),
(253, 1, '2017-09-13'),
(254, 1, '2017-09-13'),
(255, 1, '2017-09-13'),
(256, 1, '2017-09-13'),
(257, 1, '2017-09-13'),
(258, 1, '2017-09-13'),
(259, 1, '2017-09-13'),
(260, 1, '2017-09-13'),
(261, 1, '2017-09-13'),
(262, 1, '2017-09-13'),
(263, 1, '2017-09-13'),
(264, 1, '2017-09-13'),
(265, 1, '2017-09-13'),
(266, 1, '2017-09-13'),
(267, 1, '2017-09-13'),
(268, 1, '2017-09-13'),
(269, 1, '2017-09-13'),
(270, 1, '2017-09-13'),
(271, 1, '2017-09-13'),
(272, 1, '2017-09-13'),
(273, 1, '2017-09-13'),
(274, 1, '2017-09-13'),
(275, 1, '2017-09-13'),
(276, 1, '2017-09-13'),
(277, 1, '2017-09-13'),
(278, 1, '2017-09-13'),
(279, 1, '2017-09-13'),
(280, 1, '2017-09-13'),
(281, 1, '2017-09-13'),
(282, 1, '2017-09-13'),
(283, 1, '2017-09-13'),
(284, 1, '2017-09-13'),
(285, 1, '2017-09-13'),
(286, 1, '2017-09-13'),
(287, 1, '2017-09-13'),
(288, 1, '2017-09-13'),
(289, 1, '2017-09-13'),
(290, 1, '2017-09-13'),
(291, 1, '2017-09-13'),
(292, 1, '2017-09-13'),
(293, 1, '2017-09-13'),
(294, 1, '2017-09-13'),
(295, 1, '2017-09-13'),
(296, 1, '2017-09-13'),
(297, 1, '2017-09-13'),
(298, 1, '2017-09-13'),
(299, 1, '2017-09-13'),
(300, 1, '2017-09-13'),
(301, 1, '2017-09-13'),
(302, 1, '2017-09-13'),
(303, 1, '2017-09-13'),
(304, 1, '2017-09-13'),
(305, 1, '2017-09-13'),
(306, 1, '2017-09-13'),
(307, 1, '2017-09-13'),
(308, 1, '2017-09-13'),
(309, 1, '2017-09-13'),
(310, 1, '2017-09-13'),
(311, 1, '2017-09-13'),
(312, 1, '2017-09-13'),
(313, 1, '2017-09-13'),
(314, 1, '2017-09-13'),
(315, 1, '2017-09-13'),
(316, 1, '2017-09-13'),
(317, 1, '2017-09-13'),
(318, 1, '2017-09-13'),
(319, 1, '2017-09-13'),
(320, 1, '2017-09-13'),
(321, 1, '2017-09-13'),
(322, 1, '2017-09-13'),
(323, 1, '2017-09-13'),
(324, 1, '2017-09-13'),
(325, 1, '2017-09-13'),
(326, 1, '2017-09-13'),
(327, 1, '2017-09-13'),
(328, 1, '2017-09-13'),
(329, 1, '2017-09-13'),
(330, 1, '2017-09-13'),
(331, 1, '2017-09-13'),
(332, 1, '2017-09-13'),
(333, 1, '2017-09-13'),
(334, 1, '2017-09-13'),
(335, 1, '2017-09-13'),
(336, 1, '2017-09-13'),
(337, 1, '2017-09-13'),
(338, 1, '2017-09-13'),
(339, 1, '2017-09-13'),
(340, 1, '2017-09-13'),
(341, 1, '2017-09-13'),
(342, 1, '2017-09-13'),
(343, 1, '2017-09-13'),
(344, 1, '2017-09-13'),
(345, 1, '2017-09-13'),
(346, 1, '2017-09-13'),
(347, 1, '2017-09-13'),
(348, 1, '2017-09-13'),
(349, 1, '2017-09-13'),
(350, 1, '2017-09-13'),
(351, 1, '2017-09-13'),
(352, 1, '2017-09-13'),
(353, 1, '2017-09-13'),
(354, 1, '2017-09-13'),
(355, 1, '2017-09-13'),
(356, 1, '2017-09-13'),
(357, 1, '2017-09-13'),
(358, 1, '2017-09-13'),
(359, 1, '2017-09-13'),
(360, 1, '2017-09-13'),
(361, 1, '2017-09-13'),
(362, 1, '2017-09-13'),
(363, 1, '2017-09-13'),
(364, 1, '2017-09-13'),
(365, 1, '2017-09-13'),
(366, 1, '2017-09-13'),
(367, 1, '2017-09-13'),
(368, 1, '2017-09-13'),
(369, 1, '2017-09-13'),
(370, 1, '2017-09-13'),
(371, 1, '2017-09-13'),
(372, 1, '2017-09-13'),
(373, 1, '2017-09-13'),
(374, 1, '2017-09-13'),
(375, 1, '2017-09-13'),
(376, 1, '2017-09-13'),
(377, 1, '2017-09-13'),
(378, 1, '2017-09-13'),
(379, 1, '2017-09-13'),
(380, 1, '2017-09-13'),
(381, 1, '2017-09-13'),
(382, 1, '2017-09-13'),
(383, 1, '2017-09-13'),
(384, 1, '2017-09-13'),
(385, 1, '2017-09-13'),
(386, 1, '2017-09-13'),
(387, 1, '2017-09-13'),
(388, 1, '2017-09-13'),
(389, 1, '2017-09-13'),
(390, 1, '2017-09-13'),
(391, 1, '2017-09-13'),
(392, 1, '2017-09-13'),
(393, 1, '2017-09-13'),
(394, 1, '2017-09-13'),
(395, 1, '2017-09-13'),
(396, 1, '2017-09-13'),
(397, 1, '2017-09-13'),
(398, 1, '2017-09-13'),
(399, 1, '2017-09-13'),
(400, 1, '2017-09-13'),
(401, 1, '2017-09-13'),
(402, 1, '2017-09-13'),
(403, 1, '2017-09-13'),
(404, 1, '2017-09-13'),
(405, 1, '2017-09-13'),
(406, 1, '2017-09-13'),
(407, 1, '2017-09-13'),
(408, 1, '2017-09-13'),
(409, 1, '2017-09-13'),
(410, 1, '2017-09-13'),
(411, 1, '2017-09-13'),
(412, 1, '2017-09-13'),
(413, 1, '2017-09-13'),
(414, 1, '2017-09-13'),
(415, 1, '2017-09-13'),
(416, 1, '2017-09-13'),
(417, 1, '2017-09-13'),
(418, 1, '2017-09-13'),
(419, 1, '2017-09-13'),
(420, 1, '2017-09-13'),
(421, 1, '2017-09-13'),
(422, 1, '2017-09-13'),
(423, 1, '2017-09-13'),
(424, 1, '2017-09-13'),
(425, 1, '2017-09-13'),
(426, 1, '2017-09-13'),
(427, 1, '2017-09-13'),
(428, 1, '2017-09-13'),
(429, 1, '2017-09-13'),
(430, 1, '2017-09-13'),
(431, 1, '2017-09-13'),
(432, 1, '2017-09-13'),
(433, 1, '2017-09-13'),
(434, 1, '2017-09-13'),
(435, 1, '2017-09-13'),
(436, 1, '2017-09-13'),
(437, 1, '2017-09-13'),
(438, 1, '2017-09-13'),
(439, 1, '2017-09-13'),
(440, 1, '2017-09-13'),
(441, 1, '2017-09-13'),
(442, 1, '2017-09-13'),
(443, 1, '2017-09-13'),
(444, 1, '2017-09-13'),
(445, 1, '2017-09-13'),
(446, 1, '2017-09-13'),
(447, 1, '2017-09-13'),
(448, 1, '2017-09-13'),
(449, 1, '2017-09-13'),
(450, 1, '2017-09-13'),
(451, 1, '2017-09-13'),
(452, 1, '2017-09-13'),
(453, 1, '2017-09-13'),
(454, 1, '2017-09-13'),
(455, 1, '2017-09-13'),
(456, 1, '2017-09-13'),
(457, 1, '2017-09-13'),
(458, 1, '2017-09-13'),
(459, 1, '2017-09-13'),
(460, 1, '2017-09-13'),
(461, 1, '2017-09-13'),
(462, 1, '2017-09-13'),
(463, 1, '2017-09-13'),
(464, 1, '2017-09-13'),
(465, 1, '2017-09-13'),
(466, 1, '2017-09-13'),
(467, 1, '2017-09-13'),
(468, 1, '2017-09-13'),
(469, 1, '2017-09-13'),
(470, 1, '2017-09-13'),
(471, 1, '2017-09-13'),
(472, 1, '2017-09-13'),
(473, 1, '2017-09-13'),
(474, 1, '2017-09-13'),
(475, 1, '2017-09-13'),
(476, 1, '2017-09-13'),
(477, 1, '2017-09-13'),
(478, 1, '2017-09-13'),
(479, 1, '2017-09-13'),
(480, 1, '2017-09-13'),
(481, 1, '2017-09-13'),
(482, 1, '2017-09-13'),
(483, 1, '2017-09-13'),
(484, 1, '2017-09-13'),
(485, 1, '2017-09-13'),
(486, 1, '2017-09-13'),
(487, 1, '2017-09-13'),
(488, 1, '2017-09-13'),
(489, 1, '2017-09-13'),
(490, 1, '2017-09-13'),
(491, 1, '2017-09-13'),
(492, 1, '2017-09-13'),
(493, 1, '2017-09-13'),
(494, 1, '2017-09-13'),
(495, 1, '2017-09-13'),
(496, 1, '2017-09-13'),
(497, 1, '2017-09-13'),
(498, 1, '2017-09-13'),
(499, 1, '2017-09-13'),
(500, 1, '2017-09-13'),
(501, 1, '2017-09-13'),
(502, 1, '2017-09-13'),
(503, 1, '2017-09-13'),
(504, 1, '2017-09-13'),
(505, 1, '2017-09-13'),
(506, 1, '2017-09-13');

-- --------------------------------------------------------

--
-- Table structure for table `unit_unit_type`
--

CREATE TABLE `unit_unit_type` (
  `id_unit` int(11) NOT NULL,
  `id_type` int(11) NOT NULL,
  `date` date NOT NULL
) ENGINE=InnoDB DEFAULT CHARSET=utf8;

--
-- Dumping data for table `unit_unit_type`
--

INSERT INTO `unit_unit_type` (`id_unit`, `id_type`, `date`) VALUES
(1, 10, '2017-09-13'),
(2, 3, '2017-09-13'),
(3, 4, '2017-09-13'),
(4, 4, '2017-09-13'),
(5, 4, '2017-09-13'),
(6, 2, '2017-09-13'),
(7, 4, '2017-09-13'),
(8, 2, '2017-09-13'),
(9, 2, '2017-09-13'),
(10, 2, '2017-09-13'),
(11, 2, '2017-09-13'),
(12, 2, '2017-09-13'),
(13, 3, '2017-09-13'),
(14, 3, '2017-09-13'),
(15, 2, '2017-09-13'),
(16, 3, '2017-09-13'),
(17, 2, '2017-09-13'),
(18, 3, '2017-09-13'),
(19, 2, '2017-09-13'),
(20, 3, '2017-09-13'),
(21, 3, '2017-09-13'),
(22, 1, '2017-09-13'),
(23, 1, '2017-09-13'),
(24, 1, '2017-09-13'),
(25, 3, '2017-09-13'),
(26, 3, '2017-09-13'),
(27, 8, '2017-09-13'),
(28, 3, '2017-09-13'),
(29, 1, '2017-09-13'),
(30, 3, '2017-09-13'),
(31, 1, '2017-09-13'),
(32, 3, '2017-09-13'),
(33, 1, '2017-09-13'),
(34, 3, '2017-09-13'),
(35, 1, '2017-09-13'),
(36, 3, '2017-09-13'),
(37, 3, '2017-09-13'),
(38, 3, '2017-09-13'),
(39, 3, '2017-09-13'),
(40, 1, '2017-09-13'),
(41, 2, '2017-09-13'),
(42, 3, '2017-09-13'),
(43, 2, '2017-09-13'),
(44, 1, '2017-09-13'),
(45, 2, '2017-09-13'),
(46, 3, '2017-09-13'),
(47, 3, '2017-09-13'),
(48, 3, '2017-09-13'),
(49, 2, '2017-09-13'),
(50, 3, '2017-09-13'),
(51, 2, '2017-09-13'),
(52, 3, '2017-09-13'),
(53, 3, '2017-09-13'),
(54, 2, '2017-09-13'),
(55, 3, '2017-09-13'),
(56, 3, '2017-09-13'),
(57, 3, '2017-09-13'),
(58, 7, '2017-09-13'),
(59, 2, '2017-09-13'),
(60, 3, '2017-09-13'),
(61, 1, '2017-09-13'),
(62, 3, '2017-09-13'),
(63, 3, '2017-09-13'),
(64, 4, '2017-09-13'),
(65, 7, '2017-09-13'),
(66, 3, '2017-09-13'),
(67, 1, '2017-09-13'),
(68, 1, '2017-09-13'),
(69, 4, '2017-09-13'),
(70, 3, '2017-09-13'),
(71, 1, '2017-09-13'),
(72, 1, '2017-09-13'),
(73, 4, '2017-09-13'),
(74, 4, '2017-09-13'),
(75, 3, '2017-09-13'),
(76, 2, '2017-09-13'),
(77, 3, '2017-09-13'),
(78, 7, '2017-09-13'),
(79, 2, '2017-09-13'),
(80, 3, '2017-09-13'),
(81, 2, '2017-09-13'),
(82, 2, '2017-09-13'),
(83, 1, '2017-09-13'),
(84, 3, '2017-09-13'),
(85, 3, '2017-09-13'),
(86, 3, '2017-09-13'),
(87, 2, '2017-09-13'),
(88, 3, '2017-09-13'),
(89, 2, '2017-09-13'),
(90, 3, '2017-09-13'),
(91, 2, '2017-09-13'),
(92, 3, '2017-09-13'),
(93, 2, '2017-09-13'),
(94, 2, '2017-09-13'),
(95, 3, '2017-09-13'),
(96, 3, '2017-09-13'),
(97, 2, '2017-09-13'),
(98, 3, '2017-09-13'),
(99, 3, '2017-09-13'),
(100, 3, '2017-09-13'),
(101, 3, '2017-09-13'),
(102, 3, '2017-09-13'),
(103, 3, '2017-09-13'),
(104, 3, '2017-09-13'),
(105, 2, '2017-09-13'),
(106, 3, '2017-09-13'),
(107, 3, '2017-09-13'),
(108, 2, '2017-09-13'),
(109, 3, '2017-09-13'),
(110, 2, '2017-09-13'),
(111, 2, '2017-09-13'),
(112, 2, '2017-09-13'),
(113, 2, '2017-09-13'),
(114, 3, '2017-09-13'),
(115, 2, '2017-09-13'),
(116, 3, '2017-09-13'),
(117, 3, '2017-09-13'),
(118, 3, '2017-09-13'),
(119, 1, '2017-09-13'),
(120, 3, '2017-09-13'),
(121, 1, '2017-09-13'),
(122, 3, '2017-09-13'),
(123, 3, '2017-09-13'),
(124, 2, '2017-09-13'),
(125, 2, '2017-09-13'),
(126, 23, '2017-09-13'),
(127, 2, '2017-09-13'),
(128, 29, '2017-09-13'),
(129, 2, '2017-09-13'),
(130, 2, '2017-09-13'),
(131, 1, '2017-09-13'),
(132, 2, '2017-09-13'),
(133, 29, '2017-09-13'),
(134, 3, '2017-09-13'),
(135, 3, '2017-09-13'),
(136, 2, '2017-09-13'),
(137, 4, '2017-09-13'),
(138, 3, '2017-09-13'),
(139, 2, '2017-09-13'),
(140, 4, '2017-09-13'),
(141, 2, '2017-09-13'),
(142, 2, '2017-09-13'),
(143, 7, '2017-09-13'),
(144, 3, '2017-09-13'),
(145, 2, '2017-09-13'),
(146, 2, '2017-09-13'),
(147, 2, '2017-09-13'),
(148, 3, '2017-09-13'),
(149, 2, '2017-09-13'),
(150, 1, '2017-09-13'),
(151, 3, '2017-09-13'),
(152, 3, '2017-09-13'),
(153, 3, '2017-09-13'),
(154, 3, '2017-09-13'),
(155, 10, '2017-09-13'),
(156, 2, '2017-09-13'),
(157, 3, '2017-09-13'),
(158, 3, '2017-09-13'),
(159, 2, '2017-09-13'),
(160, 2, '2017-09-13'),
(161, 1, '2017-09-13'),
(162, 2, '2017-09-13'),
(163, 3, '2017-09-13'),
(164, 3, '2017-09-13'),
(165, 29, '2017-09-13'),
(166, 3, '2017-09-13'),
(167, 2, '2017-09-13'),
(168, 2, '2017-09-13'),
(169, 1, '2017-09-13'),
(170, 2, '2017-09-13'),
(171, 2, '2017-09-13'),
(172, 1, '2017-09-13'),
(173, 2, '2017-09-13'),
(174, 2, '2017-09-13'),
(175, 2, '2017-09-13'),
(176, 2, '2017-09-13'),
(177, 2, '2017-09-13'),
(178, 2, '2017-09-13'),
(179, 2, '2017-09-13'),
(180, 2, '2017-09-13'),
(181, 2, '2017-09-13'),
(182, 7, '2017-09-13'),
(183, 2, '2017-09-13'),
(184, 3, '2017-09-13'),
(185, 3, '2017-09-13'),
(186, 2, '2017-09-13'),
(187, 2, '2017-09-13'),
(188, 3, '2017-09-13'),
(189, 2, '2017-09-13'),
(190, 2, '2017-09-13'),
(191, 2, '2017-09-13'),
(192, 2, '2017-09-13'),
(193, 2, '2017-09-13'),
(194, 1, '2017-09-13'),
(195, 2, '2017-09-13'),
(196, 3, '2017-09-13'),
(197, 1, '2017-09-13'),
(198, 2, '2017-09-13'),
(199, 1, '2017-09-13'),
(200, 2, '2017-09-13'),
(201, 3, '2017-09-13'),
(202, 2, '2017-09-13'),
(203, 2, '2017-09-13'),
(204, 2, '2017-09-13'),
(205, 7, '2017-09-13'),
(206, 3, '2017-09-13'),
(207, 3, '2017-09-13'),
(208, 2, '2017-09-13'),
(209, 1, '2017-09-13'),
(210, 1, '2017-09-13'),
(211, 2, '2017-09-13'),
(212, 1, '2017-09-13'),
(213, 1, '2017-09-13'),
(214, 3, '2017-09-13'),
(215, 2, '2017-09-13'),
(216, 2, '2017-09-13'),
(217, 2, '2017-09-13'),
(218, 2, '2017-09-13'),
(219, 1, '2017-09-13'),
(220, 2, '2017-09-13'),
(221, 1, '2017-09-13'),
(222, 2, '2017-09-13'),
(223, 2, '2017-09-13'),
(224, 2, '2017-09-13'),
(225, 2, '2017-09-13'),
(226, 2, '2017-09-13'),
(227, 1, '2017-09-13'),
(228, 3, '2017-09-13'),
(229, 2, '2017-09-13'),
(230, 2, '2017-09-13'),
(231, 1, '2017-09-13'),
(232, 1, '2017-09-13'),
(233, 1, '2017-09-13'),
(234, 3, '2017-09-13'),
(235, 2, '2017-09-13'),
(236, 2, '2017-09-13'),
(237, 2, '2017-09-13'),
(238, 2, '2017-09-13'),
(239, 3, '2017-09-13'),
(240, 2, '2017-09-13'),
(241, 2, '2017-09-13'),
(242, 2, '2017-09-13'),
(243, 2, '2017-09-13'),
(244, 2, '2017-09-13'),
(245, 2, '2017-09-13'),
(246, 2, '2017-09-13'),
(247, 2, '2017-09-13'),
(248, 3, '2017-09-13'),
(249, 2, '2017-09-13'),
(250, 2, '2017-09-13'),
(251, 2, '2017-09-13'),
(252, 3, '2017-09-13'),
(253, 2, '2017-09-13'),
(254, 3, '2017-09-13'),
(255, 1, '2017-09-13'),
(256, 1, '2017-09-13'),
(257, 1, '2017-09-13'),
(258, 1, '2017-09-13'),
(259, 1, '2017-09-13'),
(260, 2, '2017-09-13'),
(261, 1, '2017-09-13'),
(262, 7, '2017-09-13'),
(263, 2, '2017-09-13'),
(264, 2, '2017-09-13'),
(265, 2, '2017-09-13'),
(266, 3, '2017-09-13'),
(267, 2, '2017-09-13'),
(268, 2, '2017-09-13'),
(269, 2, '2017-09-13'),
(270, 2, '2017-09-13'),
(271, 1, '2017-09-13'),
(272, 2, '2017-09-13'),
(273, 2, '2017-09-13'),
(274, 2, '2017-09-13'),
(275, 2, '2017-09-13'),
(276, 2, '2017-09-13'),
(277, 2, '2017-09-13'),
(278, 3, '2017-09-13'),
(279, 2, '2017-09-13'),
(280, 2, '2017-09-13'),
(281, 2, '2017-09-13'),
(282, 2, '2017-09-13'),
(283, 3, '2017-09-13'),
(284, 2, '2017-09-13'),
(285, 3, '2017-09-13'),
(286, 2, '2017-09-13'),
(287, 2, '2017-09-13'),
(288, 3, '2017-09-13'),
(289, 2, '2017-09-13'),
(290, 2, '2017-09-13'),
(291, 3, '2017-09-13'),
(292, 3, '2017-09-13'),
(293, 2, '2017-09-13'),
(294, 2, '2017-09-13'),
(295, 10, '2017-09-13'),
(296, 2, '2017-09-13'),
(297, 2, '2017-09-13'),
(298, 2, '2017-09-13'),
(299, 2, '2017-09-13'),
(300, 2, '2017-09-13'),
(301, 2, '2017-09-13'),
(302, 3, '2017-09-13'),
(303, 3, '2017-09-13'),
(304, 3, '2017-09-13'),
(305, 2, '2017-09-13'),
(306, 2, '2017-09-13'),
(307, 7, '2017-09-13'),
(308, 2, '2017-09-13'),
(309, 2, '2017-09-13'),
(310, 2, '2017-09-13'),
(311, 2, '2017-09-13'),
(312, 2, '2017-09-13'),
(313, 2, '2017-09-13'),
(314, 2, '2017-09-13'),
(315, 2, '2017-09-13'),
(316, 2, '2017-09-13'),
(317, 2, '2017-09-13'),
(318, 4, '2017-09-13'),
(319, 1, '2017-09-13'),
(320, 2, '2017-09-13'),
(321, 29, '2017-09-13'),
(322, 1, '2017-09-13'),
(323, 2, '2017-09-13'),
(324, 3, '2017-09-13'),
(325, 2, '2017-09-13'),
(326, 2, '2017-09-13'),
(327, 2, '2017-09-13'),
(328, 2, '2017-09-13'),
(329, 2, '2017-09-13'),
(330, 2, '2017-09-13'),
(331, 2, '2017-09-13'),
(332, 2, '2017-09-13'),
(333, 2, '2017-09-13'),
(334, 2, '2017-09-13'),
(335, 2, '2017-09-13'),
(336, 2, '2017-09-13'),
(337, 1, '2017-09-13'),
(338, 2, '2017-09-13'),
(339, 3, '2017-09-13'),
(340, 3, '2017-09-13'),
(341, 2, '2017-09-13'),
(342, 2, '2017-09-13'),
(343, 3, '2017-09-13'),
(344, 1, '2017-09-13'),
(345, 2, '2017-09-13'),
(346, 2, '2017-09-13'),
(347, 2, '2017-09-13'),
(348, 2, '2017-09-13'),
(349, 3, '2017-09-13'),
(350, 3, '2017-09-13'),
(351, 3, '2017-09-13'),
(352, 3, '2017-09-13'),
(353, 1, '2017-09-13'),
(354, 2, '2017-09-13'),
(355, 3, '2017-09-13'),
(356, 3, '2017-09-13'),
(357, 2, '2017-09-13'),
(358, 2, '2017-09-13'),
(359, 8, '2017-09-13'),
(360, 2, '2017-09-13'),
(361, 2, '2017-09-13'),
(362, 2, '2017-09-13'),
(363, 2, '2017-09-13'),
(364, 2, '2017-09-13'),
(365, 2, '2017-09-13'),
(366, 2, '2017-09-13'),
(367, 2, '2017-09-13'),
(368, 2, '2017-09-13'),
(369, 3, '2017-09-13'),
(370, 3, '2017-09-13'),
(371, 2, '2017-09-13'),
(372, 2, '2017-09-13'),
(373, 2, '2017-09-13'),
(374, 2, '2017-09-13'),
(375, 2, '2017-09-13'),
(376, 3, '2017-09-13'),
(377, 3, '2017-09-13'),
(378, 3, '2017-09-13'),
(379, 2, '2017-09-13'),
(380, 1, '2017-09-13'),
(381, 3, '2017-09-13'),
(382, 7, '2017-09-13'),
(383, 2, '2017-09-13'),
(384, 2, '2017-09-13'),
(385, 3, '2017-09-13'),
(386, 2, '2017-09-13'),
(387, 2, '2017-09-13'),
(388, 2, '2017-09-13'),
(389, 2, '2017-09-13'),
(390, 2, '2017-09-13'),
(391, 2, '2017-09-13'),
(392, 2, '2017-09-13'),
(393, 2, '2017-09-13'),
(394, 2, '2017-09-13'),
(395, 8, '2017-09-13'),
(396, 8, '2017-09-13'),
(397, 8, '2017-09-13'),
(398, 8, '2017-09-13'),
(399, 8, '2017-09-13'),
(400, 8, '2017-09-13'),
(401, 8, '2017-09-13'),
(402, 8, '2017-09-13'),
(403, 3, '2017-09-13'),
(404, 8, '2017-09-13'),
(405, 2, '2017-09-13'),
(406, 8, '2017-09-13'),
(407, 8, '2017-09-13'),
(408, 8, '2017-09-13'),
(409, 8, '2017-09-13'),
(410, 8, '2017-09-13'),
(411, 8, '2017-09-13'),
(412, 8, '2017-09-13'),
(413, 8, '2017-09-13'),
(414, 8, '2017-09-13'),
(415, 8, '2017-09-13'),
(416, 8, '2017-09-13'),
(417, 8, '2017-09-13'),
(418, 8, '2017-09-13'),
(419, 8, '2017-09-13'),
(420, 8, '2017-09-13'),
(421, 8, '2017-09-13'),
(422, 3, '2017-09-13'),
(423, 8, '2017-09-13'),
(424, 8, '2017-09-13'),
(425, 3, '2017-09-13'),
(426, 2, '2017-09-13'),
(427, 8, '2017-09-13'),
(428, 8, '2017-09-13'),
(429, 8, '2017-09-13'),
(430, 8, '2017-09-13'),
(431, 8, '2017-09-13'),
(432, 8, '2017-09-13'),
(433, 8, '2017-09-13'),
(434, 8, '2017-09-13'),
(435, 2, '2017-09-13'),
(436, 8, '2017-09-13'),
(437, 8, '2017-09-13'),
(438, 4, '2017-09-13'),
(439, 8, '2017-09-13'),
(440, 2, '2017-09-13'),
(441, 8, '2017-09-13'),
(442, 2, '2017-09-13'),
(443, 3, '2017-09-13'),
(444, 8, '2017-09-13'),
(445, 8, '2017-09-13'),
(446, 8, '2017-09-13'),
(447, 8, '2017-09-13'),
(448, 8, '2017-09-13'),
(449, 8, '2017-09-13'),
(450, 8, '2017-09-13'),
(451, 8, '2017-09-13'),
(452, 8, '2017-09-13'),
(453, 8, '2017-09-13'),
(454, 8, '2017-09-13'),
(455, 8, '2017-09-13'),
(456, 8, '2017-09-13'),
(457, 4, '2017-09-13'),
(458, 8, '2017-09-13'),
(459, 3, '2017-09-13'),
(460, 8, '2017-09-13'),
(461, 8, '2017-09-13'),
(462, 2, '2017-09-13'),
(463, 8, '2017-09-13'),
(464, 8, '2017-09-13'),
(465, 8, '2017-09-13'),
(466, 8, '2017-09-13'),
(467, 8, '2017-09-13'),
(468, 8, '2017-09-13'),
(469, 8, '2017-09-13'),
(470, 8, '2017-09-13'),
(471, 8, '2017-09-13'),
(472, 8, '2017-09-13'),
(473, 8, '2017-09-13'),
(474, 8, '2017-09-13'),
(475, 8, '2017-09-13'),
(476, 8, '2017-09-13'),
(477, 8, '2017-09-13'),
(478, 3, '2017-09-13'),
(479, 8, '2017-09-13'),
(480, 8, '2017-09-13'),
(481, 8, '2017-09-13'),
(482, 8, '2017-09-13'),
(483, 8, '2017-09-13'),
(484, 8, '2017-09-13'),
(485, 8, '2017-09-13'),
(486, 3, '2017-09-13'),
(487, 3, '2017-09-13'),
(488, 3, '2017-09-13'),
(489, 8, '2017-09-13'),
(490, 8, '2017-09-13'),
(491, 8, '2017-09-13'),
(492, 8, '2017-09-13'),
(493, 8, '2017-09-13'),
(494, 8, '2017-09-13'),
(495, 8, '2017-09-13'),
(496, 8, '2017-09-13'),
(497, 8, '2017-09-13'),
(498, 8, '2017-09-13'),
(499, 8, '2017-09-13'),
(500, 8, '2017-09-13'),
(501, 8, '2017-09-13'),
(502, 8, '2017-09-13'),
(503, 8, '2017-09-13'),
(504, 8, '2017-09-13'),
(505, 8, '2017-09-13'),
(506, 8, '2017-09-13');

--
-- Indexes for dumped tables
--

--
-- Indexes for table `areas`
--
ALTER TABLE `areas`
  ADD PRIMARY KEY (`id`);

--
-- Indexes for table `area_code`
--
ALTER TABLE `area_code`
  ADD PRIMARY KEY (`id_area`);

--
-- Indexes for table `as_comments`
--
ALTER TABLE `as_comments`
  ADD PRIMARY KEY (`comment_id`);

--
-- Indexes for table `as_login_attempts`
--
ALTER TABLE `as_login_attempts`
  ADD PRIMARY KEY (`id_login_attempts`);

--
-- Indexes for table `as_social_logins`
--
ALTER TABLE `as_social_logins`
  ADD PRIMARY KEY (`id`);

--
-- Indexes for table `as_users`
--
ALTER TABLE `as_users`
  ADD PRIMARY KEY (`user_id`),
  ADD UNIQUE KEY `username` (`username`);

--
-- Indexes for table `as_user_details`
--
ALTER TABLE `as_user_details`
  ADD PRIMARY KEY (`id_user_details`);

--
-- Indexes for table `as_user_roles`
--
ALTER TABLE `as_user_roles`
  ADD PRIMARY KEY (`role_id`);

--
-- Indexes for table `contact`
--
ALTER TABLE `contact`
  ADD PRIMARY KEY (`id`);

--
-- Indexes for table `contact_type`
--
ALTER TABLE `contact_type`
  ADD PRIMARY KEY (`id`);

--
-- Indexes for table `from_field_1`
--
ALTER TABLE `from_field_1`
  ADD PRIMARY KEY (`id`);

--
-- Indexes for table `hierarchy_areas_areas`
--
ALTER TABLE `hierarchy_areas_areas`
  ADD PRIMARY KEY (`id`);

--
-- Indexes for table `hierarchy_units_areas`
--
ALTER TABLE `hierarchy_units_areas`
  ADD PRIMARY KEY (`id_unit`);

--
-- Indexes for table `ministries`
--
ALTER TABLE `ministries`
  ADD PRIMARY KEY (`id`);

--
-- Indexes for table `officer`
--
ALTER TABLE `officer`
  ADD PRIMARY KEY (`id`);

--
-- Indexes for table `personnel`
--
ALTER TABLE `personnel`
  ADD PRIMARY KEY (`id`);

--
-- Indexes for table `units`
--
ALTER TABLE `units`
  ADD PRIMARY KEY (`id`);

--
-- Indexes for table `units_coord`
--
ALTER TABLE `units_coord`
  ADD PRIMARY KEY (`id_unit`);

--
-- Indexes for table `unit_address`
--
ALTER TABLE `unit_address`
  ADD PRIMARY KEY (`id_unit`);

--
-- Indexes for table `unit_authority`
--
ALTER TABLE `unit_authority`
  ADD PRIMARY KEY (`id`);

--
-- Indexes for table `unit_code`
--
ALTER TABLE `unit_code`
  ADD PRIMARY KEY (`id_unit`);

--
-- Indexes for table `unit_contact`
--
ALTER TABLE `unit_contact`
  ADD PRIMARY KEY (`id_unit`);

--
-- Indexes for table `unit_dates`
--
ALTER TABLE `unit_dates`
  ADD PRIMARY KEY (`id_unit`);

--
-- Indexes for table `unit_ministry`
--
ALTER TABLE `unit_ministry`
  ADD PRIMARY KEY (`id_unit`);

--
-- Indexes for table `unit_pa`
--
ALTER TABLE `unit_pa`
  ADD PRIMARY KEY (`id_unit`);

--
-- Indexes for table `unit_place`
--
ALTER TABLE `unit_place`
  ADD PRIMARY KEY (`id_unit`);

--
-- Indexes for table `unit_service`
--
ALTER TABLE `unit_service`
  ADD PRIMARY KEY (`id`);

--
-- Indexes for table `unit_state`
--
ALTER TABLE `unit_state`
  ADD PRIMARY KEY (`id`);

--
-- Indexes for table `unit_type`
--
ALTER TABLE `unit_type`
  ADD PRIMARY KEY (`id`);

--
-- Indexes for table `unit_unit_authority`
--
ALTER TABLE `unit_unit_authority`
  ADD PRIMARY KEY (`id_unit`);

--
-- Indexes for table `unit_unit_state`
--
ALTER TABLE `unit_unit_state`
  ADD PRIMARY KEY (`id_unit`);

--
-- Indexes for table `unit_unit_type`
--
ALTER TABLE `unit_unit_type`
  ADD PRIMARY KEY (`id_unit`);

--
-- AUTO_INCREMENT for dumped tables
--

--
-- AUTO_INCREMENT for table `areas`
--
ALTER TABLE `areas`
  MODIFY `id` int(11) NOT NULL AUTO_INCREMENT, AUTO_INCREMENT=749;
--
-- AUTO_INCREMENT for table `as_comments`
--
ALTER TABLE `as_comments`
  MODIFY `comment_id` int(11) NOT NULL AUTO_INCREMENT;
--
-- AUTO_INCREMENT for table `as_login_attempts`
--
ALTER TABLE `as_login_attempts`
  MODIFY `id_login_attempts` int(11) NOT NULL AUTO_INCREMENT;
--
-- AUTO_INCREMENT for table `as_social_logins`
--
ALTER TABLE `as_social_logins`
  MODIFY `id` int(11) NOT NULL AUTO_INCREMENT;
--
-- AUTO_INCREMENT for table `as_users`
--
ALTER TABLE `as_users`
  MODIFY `user_id` int(11) NOT NULL AUTO_INCREMENT, AUTO_INCREMENT=3;
--
-- AUTO_INCREMENT for table `as_user_details`
--
ALTER TABLE `as_user_details`
  MODIFY `id_user_details` int(11) NOT NULL AUTO_INCREMENT, AUTO_INCREMENT=3;
--
-- AUTO_INCREMENT for table `as_user_roles`
--
ALTER TABLE `as_user_roles`
  MODIFY `role_id` int(11) NOT NULL AUTO_INCREMENT, AUTO_INCREMENT=4;
--
-- AUTO_INCREMENT for table `contact`
--
ALTER TABLE `contact`
  MODIFY `id` int(11) NOT NULL AUTO_INCREMENT;
--
-- AUTO_INCREMENT for table `contact_type`
--
ALTER TABLE `contact_type`
  MODIFY `id` int(11) NOT NULL AUTO_INCREMENT, AUTO_INCREMENT=5;
--
-- AUTO_INCREMENT for table `from_field_1`
--
ALTER TABLE `from_field_1`
  MODIFY `id` int(11) NOT NULL AUTO_INCREMENT, AUTO_INCREMENT=70;
--
-- AUTO_INCREMENT for table `ministries`
--
ALTER TABLE `ministries`
  MODIFY `id` int(11) NOT NULL AUTO_INCREMENT, AUTO_INCREMENT=21;
--
-- AUTO_INCREMENT for table `officer`
--
ALTER TABLE `officer`
  MODIFY `id` int(11) NOT NULL AUTO_INCREMENT, AUTO_INCREMENT=22;
--
-- AUTO_INCREMENT for table `personnel`
--
ALTER TABLE `personnel`
  MODIFY `id` int(11) NOT NULL AUTO_INCREMENT, AUTO_INCREMENT=63;
--
-- AUTO_INCREMENT for table `units`
--
ALTER TABLE `units`
  MODIFY `id` int(11) NOT NULL AUTO_INCREMENT, AUTO_INCREMENT=507;
--
-- AUTO_INCREMENT for table `unit_authority`
--
ALTER TABLE `unit_authority`
  MODIFY `id` int(11) NOT NULL AUTO_INCREMENT, AUTO_INCREMENT=5;
--
-- AUTO_INCREMENT for table `unit_service`
--
ALTER TABLE `unit_service`
  MODIFY `id` int(11) NOT NULL AUTO_INCREMENT, AUTO_INCREMENT=34;
--
-- AUTO_INCREMENT for table `unit_state`
--
ALTER TABLE `unit_state`
  MODIFY `id` int(11) NOT NULL AUTO_INCREMENT, AUTO_INCREMENT=13;
--
-- AUTO_INCREMENT for table `unit_type`
--
ALTER TABLE `unit_type`
  MODIFY `id` int(11) NOT NULL AUTO_INCREMENT, AUTO_INCREMENT=30;
--
-- AUTO_INCREMENT for table `unit_unit_authority`
--
ALTER TABLE `unit_unit_authority`
  MODIFY `id_unit` int(11) NOT NULL AUTO_INCREMENT, AUTO_INCREMENT=507;
/*!40101 SET CHARACTER_SET_CLIENT=@OLD_CHARACTER_SET_CLIENT */;
/*!40101 SET CHARACTER_SET_RESULTS=@OLD_CHARACTER_SET_RESULTS */;
/*!40101 SET COLLATION_CONNECTION=@OLD_COLLATION_CONNECTION */;
